A,0.3511055111885071,0.7233961820602417,-4.684241332597594e-07,0.42409005761146545,0.6581903100013733,-0.022729745134711266,0.4686683714389801,0.5369220972061157,-0.03164234384894371,0.43438106775283813,0.4377587139606476,-0.04105047509074211,0.3712525963783264,0.42197710275650024,-0.04364316537976265,0.4247036874294281,0.4430541396141052,-0.005461809225380421,0.4467564821243286,0.3437393009662628,-0.039054419845342636,0.4437166750431061,0.4370373785495758,-0.05229773372411728,0.43156498670578003,0.47512319684028625,-0.057022422552108765,0.37088093161582947,0.443141907453537,-0.012454476207494736,0.38966643810272217,0.3361363410949707,-0.05131060630083084,0.3947451114654541,0.4478763937950134,-0.057653430849313736,0.38198772072792053,0.4881224036216736,-0.050925008952617645,0.3187091052532196,0.460966557264328,-0.024218596518039703,0.33124661445617676,0.37321633100509644,-0.06923648715019226,0.35153907537460327,0.4889862537384033,-0.053156595677137375,0.34423530101776123,0.5365887880325317,-0.02858130820095539,0.26109856367111206,0.4894663393497467,-0.03686511889100075,0.2806059420108795,0.4212762713432312,-0.06092578172683716,0.30564504861831665,0.4932652413845062,-0.03956221416592598,0.3024594783782959,0.5318547487258911,-0.016393611207604408
A,0.35372552275657654,0.7230347990989685,-4.270656290827901e-07,0.4242338538169861,0.6574137806892395,-0.022116169333457947,0.46978870034217834,0.5389844179153442,-0.03259822726249695,0.4405764937400818,0.43986833095550537,-0.04415065050125122,0.37709036469459534,0.4199162423610687,-0.049380864948034286,0.42430928349494934,0.44573310017585754,-0.005437061656266451,0.44910842180252075,0.346876323223114,-0.04130307585000992,0.4494359493255615,0.43642446398735046,-0.05648691952228546,0.43819043040275574,0.4786244034767151,-0.06172194331884384,0.37122970819473267,0.44435915350914,-0.013176267966628075,0.3932096064090729,0.33963024616241455,-0.053671419620513916,0.3997916579246521,0.4486846923828125,-0.062290724366903305,0.38611626625061035,0.4911082684993744,-0.05695325881242752,0.31955409049987793,0.4614450931549072,-0.025702808052301407,0.33675384521484375,0.37750640511512756,-0.0721643790602684,0.3561902940273285,0.49273332953453064,-0.057625655084848404,0.3460645079612732,0.54224693775177,-0.033880315721035004,0.2626277804374695,0.48969903588294983,-0.039004016667604446,0.2864903211593628,0.4225991368293762,-0.06441224366426468,0.3117688000202179,0.49601462483406067,-0.043732959777116776,0.30746352672576904,0.5366571545600891,-0.020737729966640472
A,0.3515964150428772,0.7241842746734619,-4.217962157326838e-07,0.4218585789203644,0.6610709428787231,-0.024312369525432587,0.4676641821861267,0.5412635207176208,-0.034325022250413895,0.4377455711364746,0.4448748230934143,-0.04448818042874336,0.37529659271240234,0.4253447353839874,-0.047767702490091324,0.4229424297809601,0.4434185326099396,-0.006843309849500656,0.44851452112197876,0.3516755700111389,-0.041582632809877396,0.4474751949310303,0.44325539469718933,-0.05510859191417694,0.43423816561698914,0.4787142872810364,-0.05984249711036682,0.3690422773361206,0.4427453279495239,-0.013712224550545216,0.3909825086593628,0.34226173162460327,-0.05284171551465988,0.39826497435569763,0.4528997242450714,-0.05910470709204674,0.38403457403182983,0.4892359972000122,-0.052496958523988724,0.31685468554496765,0.46150514483451843,-0.02568027377128601,0.3344510793685913,0.38256973028182983,-0.07229922711849213,0.3551477789878845,0.49897047877311707,-0.05675491318106651,0.344560831785202,0.5431106686592102,-0.03251878172159195,0.2595095932483673,0.4916689097881317,-0.03853069618344307,0.2849311828613281,0.4287979304790497,-0.06440738588571548,0.31052982807159424,0.503317654132843,-0.04336889833211899,0.3050222396850586,0.5404861569404602,-0.02015637792646885
A,0.3567022383213043,0.7217530012130737,-4.233233141803794e-07,0.42633599042892456,0.6572206020355225,-0.02303687483072281,0.4717273414134979,0.5389984250068665,-0.033590346574783325,0.4420405328273773,0.44163811206817627,-0.04456083104014397,0.3791205883026123,0.42253437638282776,-0.0489475280046463,0.4254142642021179,0.44456198811531067,-0.008222829550504684,0.45241579413414,0.3515709638595581,-0.042151059955358505,0.4514097273349762,0.44272950291633606,-0.05503050982952118,0.4379923641681671,0.4786359667778015,-0.05963154137134552,0.3721279799938202,0.44433045387268066,-0.015703555196523666,0.3954993188381195,0.3424462080001831,-0.05461977794766426,0.40217259526252747,0.45218151807785034,-0.061246901750564575,0.3870112895965576,0.48883503675460815,-0.055336933583021164,0.320695161819458,0.4629141688346863,-0.027731431648135185,0.3404090404510498,0.3826349377632141,-0.07385018467903137,0.36060526967048645,0.49844279885292053,-0.0583927221596241,0.34874624013900757,0.5435636043548584,-0.03456581383943558,0.26410388946533203,0.49267128109931946,-0.04049339145421982,0.29123368859291077,0.4264039397239685,-0.0659167468547821,0.316838800907135,0.4997499883174896,-0.04466182738542557,0.31061384081840515,0.5380440950393677,-0.021645288914442062
A,0.3590541481971741,0.7193841934204102,-4.2763105057019857e-07,0.4295628070831299,0.6587972640991211,-0.022319698706269264,0.47647228837013245,0.5396154522895813,-0.03189801424741745,0.44962823390960693,0.4414621591567993,-0.04194940626621246,0.38582396507263184,0.4243529736995697,-0.045472919940948486,0.42964908480644226,0.4463566839694977,-0.0068207476288080215,0.4592397212982178,0.35497015714645386,-0.04145408421754837,0.4559674859046936,0.44468674063682556,-0.054600950330495834,0.44159582257270813,0.48003098368644714,-0.0591939315199852,0.3771524429321289,0.444131463766098,-0.014425233006477356,0.4030202627182007,0.342315137386322,-0.05560130625963211,0.4082130193710327,0.4526975154876709,-0.06295495480298996,0.39311811327934265,0.4909419119358063,-0.056616686284542084,0.325560063123703,0.46090665459632874,-0.026608478277921677,0.3467111587524414,0.38202279806137085,-0.07401127368211746,0.3662123382091522,0.4989643096923828,-0.05900023132562637,0.354564368724823,0.5435347557067871,-0.034960150718688965,0.268660306930542,0.4883995056152344,-0.03942006081342697,0.2972586750984192,0.42546772956848145,-0.06486278027296066,0.32206615805625916,0.5004168152809143,-0.04412059858441353,0.31550469994544983,0.5365792512893677,-0.021526627242565155
A,0.360379159450531,0.7213916778564453,-3.990804771092371e-07,0.43075260519981384,0.6580254435539246,-0.024518854916095734,0.4775741994380951,0.5408673882484436,-0.03619322180747986,0.44995924830436707,0.44189518690109253,-0.048642780631780624,0.38537102937698364,0.42348581552505493,-0.05467083305120468,0.42936381697654724,0.4449654221534729,-0.005466864909976721,0.45660680532455444,0.3533473312854767,-0.04319083318114281,0.4563945233821869,0.44077950716018677,-0.05938743054866791,0.4433727264404297,0.48047593235969543,-0.06500813364982605,0.37656155228614807,0.4451943337917328,-0.012335420586168766,0.4015530049800873,0.34709519147872925,-0.05520109459757805,0.4087446630001068,0.4568134546279907,-0.06471323221921921,0.39291414618492126,0.4951588809490204,-0.059633199125528336,0.32537898421287537,0.4627007842063904,-0.024534041061997414,0.3475826382637024,0.3847062289714813,-0.0741884857416153,0.3669690787792206,0.5003834366798401,-0.061012353748083115,0.35329943895339966,0.545704185962677,-0.03745749592781067,0.2684996724128723,0.49069711565971375,-0.03756299987435341,0.2990189790725708,0.4260028600692749,-0.06477126479148865,0.32324162125587463,0.49965712428092957,-0.04511400684714317,0.3143904507160187,0.5369174480438232,-0.02261081151664257
A,0.3586111068725586,0.7209854125976562,-4.347428728124214e-07,0.42891308665275574,0.6571536064147949,-0.021444378420710564,0.4732248783111572,0.5390846729278564,-0.030714040622115135,0.44613316655158997,0.4430477023124695,-0.04078618064522743,0.38375377655029297,0.4233916401863098,-0.04442824423313141,0.428338885307312,0.44730687141418457,-0.005445973947644234,0.4572131037712097,0.3566354811191559,-0.039082907140254974,0.4545571804046631,0.4461555778980255,-0.05159549415111542,0.4401954710483551,0.48100778460502625,-0.05600352585315704,0.3760339021682739,0.44551870226860046,-0.013365029357373714,0.40076735615730286,0.3454357385635376,-0.052730243653059006,0.40608781576156616,0.4551581144332886,-0.05932353436946869,0.3904304802417755,0.49059468507766724,-0.053292933851480484,0.3243778347969055,0.4626372456550598,-0.025916218757629395,0.34542736411094666,0.3830258846282959,-0.07258516550064087,0.36478736996650696,0.4988127052783966,-0.05749713256955147,0.352155476808548,0.5423009395599365,-0.03390379622578621,0.26705285906791687,0.49047112464904785,-0.039011117070913315,0.29484328627586365,0.4261678159236908,-0.06476117670536041,0.3198648989200592,0.5003799796104431,-0.04410846158862114,0.31288185715675354,0.5375608801841736,-0.021672142669558525
A,0.35969069600105286,0.722254753112793,-4.144457932397927e-07,0.42912939190864563,0.6596125364303589,-0.024372553452849388,0.4786105453968048,0.5422045588493347,-0.035735830664634705,0.4524421691894531,0.4435309171676636,-0.04756360501050949,0.387027770280838,0.42749083042144775,-0.05287792533636093,0.43227365612983704,0.44109249114990234,-0.0060088373720645905,0.4610714912414551,0.3557988405227661,-0.04129203036427498,0.45690077543258667,0.4454647898674011,-0.056173212826251984,0.4417577385902405,0.4806458652019501,-0.061964251101017,0.3797224760055542,0.4407380521297455,-0.012944437563419342,0.40432628989219666,0.34507137537002563,-0.05374548211693764,0.40937021374702454,0.45501917600631714,-0.06208818405866623,0.39412668347358704,0.49156731367111206,-0.056818872690200806,0.3286445438861847,0.4587615728378296,-0.024815086275339127,0.34937700629234314,0.38294151425361633,-0.07167284935712814,0.3683065176010132,0.4972740411758423,-0.05732017382979393,0.3557922840118408,0.5407090187072754,-0.03392358869314194,0.2721001207828522,0.4875648021697998,-0.03765205293893814,0.3010430634021759,0.4222278892993927,-0.062419116497039795,0.32452526688575745,0.49421998858451843,-0.04151023551821709,0.31628936529159546,0.5305955410003662,-0.018743963912129402
A,0.3590461015701294,0.7220914363861084,-3.9540535112791986e-07,0.4305655360221863,0.6574783325195312,-0.023478001356124878,0.47858116030693054,0.5412256717681885,-0.034428901970386505,0.4532963037490845,0.44228044152259827,-0.04647255316376686,0.38928937911987305,0.42424529790878296,-0.05217227712273598,0.43111345171928406,0.4435029625892639,-0.003315896727144718,0.4595860242843628,0.35508328676223755,-0.04012421891093254,0.4579867124557495,0.44257789850234985,-0.057080041617155075,0.44341933727264404,0.4827617108821869,-0.06354331970214844,0.37884312868118286,0.4432368874549866,-0.010575573891401291,0.4041137993335724,0.3491137623786926,-0.05233541876077652,0.4105730652809143,0.4569069743156433,-0.0628654733300209,0.39448994398117065,0.495927095413208,-0.05894481763243675,0.3274306356906891,0.4599761366844177,-0.023083359003067017,0.3497536778450012,0.38398295640945435,-0.07100333273410797,0.36896854639053345,0.49788421392440796,-0.05872691422700882,0.35595130920410156,0.5434724688529968,-0.03634103015065193,0.270535409450531,0.48754504323005676,-0.036531295627355576,0.3029494881629944,0.42452019453048706,-0.06299086660146713,0.32623621821403503,0.49791836738586426,-0.04401025548577309,0.3174014091491699,0.5358588695526123,-0.022217068821191788
A,0.35888949036598206,0.7199078798294067,-4.1010238760463835e-07,0.4301658272743225,0.6581997871398926,-0.02334592677652836,0.47838887572288513,0.5402233004570007,-0.03395242244005203,0.4518170654773712,0.44083642959594727,-0.04520281404256821,0.387949138879776,0.42198067903518677,-0.049726203083992004,0.43158677220344543,0.4449181854724884,-0.006158450618386269,0.45929989218711853,0.35418203473091125,-0.04205562174320221,0.4570985436439514,0.4445091784000397,-0.05637586489319801,0.44286346435546875,0.480924516916275,-0.06140057370066643,0.3792918622493744,0.4443608522415161,-0.01348606962710619,0.4040476381778717,0.34655117988586426,-0.055074792355298996,0.41002485156059265,0.456572562456131,-0.06334597617387772,0.39392799139022827,0.4919455647468567,-0.057968173176050186,0.3275558054447174,0.46175602078437805,-0.025755500420928,0.34868645668029785,0.3808330297470093,-0.07423850893974304,0.3681993782520294,0.49773719906806946,-0.059635408222675323,0.35520920157432556,0.5421708822250366,-0.03576046973466873,0.26966097950935364,0.489254891872406,-0.038766056299209595,0.29973843693733215,0.424686074256897,-0.06554257124662399,0.324375182390213,0.49954602122306824,-0.04540466144680977,0.31655028462409973,0.5366551280021667,-0.022878441959619522
A,0.356561541557312,0.7244434952735901,-4.4070648641536536e-07,0.42911314964294434,0.6638414859771729,-0.02445216476917267,0.4794487953186035,0.5446833968162537,-0.0353863351047039,0.4531201124191284,0.4427410960197449,-0.04662169888615608,0.38703373074531555,0.42574477195739746,-0.05110423266887665,0.4331818222999573,0.45015084743499756,-0.007501032203435898,0.46166688203811646,0.3574702739715576,-0.04228631407022476,0.4577355980873108,0.45024198293685913,-0.05599227547645569,0.44309917092323303,0.48467105627059937,-0.06115436926484108,0.3803454339504242,0.4481753706932068,-0.014241538010537624,0.4055270552635193,0.3482334017753601,-0.05496281757950783,0.4097937345504761,0.46021220088005066,-0.06235598772764206,0.39332637190818787,0.4968287944793701,-0.05640795826911926,0.3288063704967499,0.46438202261924744,-0.025819001719355583,0.3485093414783478,0.38095995783805847,-0.07229321449995041,0.3675050139427185,0.49833396077156067,-0.056437861174345016,0.35548821091651917,0.5445635914802551,-0.03213942050933838,0.27155327796936035,0.4909183382987976,-0.0384337455034256,0.2992168664932251,0.42274200916290283,-0.06328342854976654,0.3230246603488922,0.49640583992004395,-0.042193613946437836,0.3161316514015198,0.5347813963890076,-0.019323667511343956
A,0.3595265746116638,0.7271692752838135,-4.026363740194938e-07,0.4303796589374542,0.6637647151947021,-0.02314932644367218,0.47763627767562866,0.5450647473335266,-0.03344077244400978,0.45151060819625854,0.4459429383277893,-0.04470418766140938,0.38876599073410034,0.4294707477092743,-0.04957265406847,0.43271002173423767,0.4482494294643402,-0.0043034846894443035,0.4591599702835083,0.35586369037628174,-0.04034193977713585,0.4589599370956421,0.4431242346763611,-0.05639278143644333,0.44660094380378723,0.48370248079299927,-0.06229080259799957,0.3806981146335602,0.44775980710983276,-0.011627094820141792,0.404214084148407,0.350208044052124,-0.05213308334350586,0.41152745485305786,0.45754504203796387,-0.06137519329786301,0.3971368968486786,0.49684056639671326,-0.05669458582997322,0.3295155167579651,0.46479833126068115,-0.02409445121884346,0.34865736961364746,0.3862285614013672,-0.07092875987291336,0.36868220567703247,0.4999782145023346,-0.057592522352933884,0.35762494802474976,0.5462539792060852,-0.03472410514950752,0.27270495891571045,0.49248042702674866,-0.037537503987550735,0.3007541298866272,0.42816630005836487,-0.06332424283027649,0.32523566484451294,0.5009341239929199,-0.043703172355890274,0.3185809850692749,0.539253294467926,-0.021602854132652283
A,0.3634383976459503,0.7247283458709717,-4.117569289974199e-07,0.4338253140449524,0.662677526473999,-0.024847373366355896,0.48266804218292236,0.5456315875053406,-0.03559834510087967,0.45558029413223267,0.44616663455963135,-0.04704494774341583,0.392256498336792,0.42761969566345215,-0.05230183154344559,0.4383199214935303,0.4445127844810486,-0.0028295100200921297,0.464834988117218,0.358867883682251,-0.03837202116847038,0.46215271949768066,0.4447183609008789,-0.05496058613061905,0.4476625919342041,0.48410576581954956,-0.06127044931054115,0.38567879796028137,0.4429095685482025,-0.008673839271068573,0.4087705910205841,0.3524667024612427,-0.04768245294690132,0.4142124354839325,0.4599662721157074,-0.05669352784752846,0.39903661608695984,0.49851348996162415,-0.052080873399972916,0.33407002687454224,0.45855385065078735,-0.020116295665502548,0.3540266752243042,0.38494956493377686,-0.06656523793935776,0.3727938234806061,0.498359739780426,-0.054817818105220795,0.3612058460712433,0.5455390810966492,-0.033053260296583176,0.2766484022140503,0.4852861166000366,-0.032644327729940414,0.3068434000015259,0.4243204593658447,-0.05895588546991348,0.33035409450531006,0.49674150347709656,-0.04101721569895744,0.3233567476272583,0.5352564454078674,-0.019931763410568237
A,0.3635244369506836,0.7216818332672119,-4.009064298315934e-07,0.43425339460372925,0.6586062908172607,-0.023487638682127,0.4834369421005249,0.5407075881958008,-0.033928751945495605,0.45808830857276917,0.4407978951931,-0.045026201754808426,0.3940010070800781,0.42401498556137085,-0.049802515655756,0.43748739361763,0.4416191279888153,-0.0043699247762560844,0.4645666480064392,0.3557572662830353,-0.03803229704499245,0.4625629186630249,0.4444708526134491,-0.052864111959934235,0.4487239718437195,0.4796505570411682,-0.05890943482518196,0.3853977918624878,0.440533846616745,-0.011181775480508804,0.40920576453208923,0.3478788435459137,-0.05002877488732338,0.41540756821632385,0.4554634392261505,-0.05868586525321007,0.3997596800327301,0.49144884943962097,-0.05428854376077652,0.3341014087200165,0.4577164649963379,-0.022881802171468735,0.35360342264175415,0.3810116648674011,-0.06852243840694427,0.37401455640792847,0.49501097202301025,-0.05525675788521767,0.3627234101295471,0.540532648563385,-0.033004406839609146,0.2773401737213135,0.4860382676124573,-0.035525284707546234,0.30559688806533813,0.42216700315475464,-0.06122187525033951,0.3312627375125885,0.49453452229499817,-0.04211641103029251,0.32561495900154114,0.532550573348999,-0.020518101751804352
A,0.36576440930366516,0.7212183475494385,-3.9528359252472e-07,0.4363436996936798,0.6570562720298767,-0.024302231147885323,0.4832409620285034,0.5408540964126587,-0.03533675894141197,0.4555875062942505,0.444047212600708,-0.04687054827809334,0.39272022247314453,0.42409971356391907,-0.05188499018549919,0.43680429458618164,0.44236627221107483,-0.006159690674394369,0.4653950333595276,0.3565220832824707,-0.0403144545853138,0.4637160301208496,0.4449126422405243,-0.054628707468509674,0.44946277141571045,0.4808815121650696,-0.06004028394818306,0.38438063859939575,0.441246896982193,-0.01271489541977644,0.4090803563594818,0.34814855456352234,-0.05071331560611725,0.4153311550617218,0.4553877115249634,-0.058126550167798996,0.39950335025787354,0.4907938838005066,-0.05316108092665672,0.3331228792667389,0.45834916830062866,-0.024365639314055443,0.3543458878993988,0.38420358300209045,-0.07002785056829453,0.3737589418888092,0.49843811988830566,-0.05638572946190834,0.3611413240432739,0.5431320071220398,-0.03403523936867714,0.27657878398895264,0.48695793747901917,-0.036969538778066635,0.3062015175819397,0.4235287308692932,-0.06260034441947937,0.33078837394714355,0.495410293340683,-0.04305800050497055,0.32354235649108887,0.5330286622047424,-0.021290816366672516
A,0.36560311913490295,0.7213321328163147,-4.0623166341902106e-07,0.43626171350479126,0.6583823561668396,-0.024076152592897415,0.48370498418807983,0.5414884090423584,-0.035158053040504456,0.4569394886493683,0.4433252215385437,-0.04680808633565903,0.39235034584999084,0.42516010999679565,-0.0519900880753994,0.43758079409599304,0.44373825192451477,-0.0054458556696772575,0.467418372631073,0.3577783703804016,-0.04040582850575447,0.4636073112487793,0.446103036403656,-0.055297404527664185,0.4482359290122986,0.4820731282234192,-0.061144180595874786,0.3847923278808594,0.4423593282699585,-0.012327665463089943,0.4103078544139862,0.34837329387664795,-0.052053213119506836,0.4151269495487213,0.4572548568248749,-0.06024796515703201,0.3987167179584503,0.49367839097976685,-0.05533362552523613,0.33310750126838684,0.45933547616004944,-0.024299977347254753,0.3547013998031616,0.38418033719062805,-0.07089456170797348,0.3736250102519989,0.49891790747642517,-0.05742668733000755,0.3604697585105896,0.5433127284049988,-0.03493368625640869,0.2761162519454956,0.48737579584121704,-0.037201493978500366,0.3057512044906616,0.42491763830184937,-0.06291171163320541,0.33025866746902466,0.4964417517185211,-0.04362654685974121,0.3226945102214813,0.5319559574127197,-0.022090571001172066
A,0.3615224063396454,0.721002459526062,-3.8734799545636633e-07,0.43112894892692566,0.6550728678703308,-0.023150324821472168,0.4791497588157654,0.5404400825500488,-0.034407902508974075,0.45483875274658203,0.4434075951576233,-0.04684242978692055,0.39125487208366394,0.42346566915512085,-0.05291304737329483,0.4336243271827698,0.44084686040878296,-0.003933226689696312,0.46172213554382324,0.3555585741996765,-0.040658317506313324,0.4601106643676758,0.4419649541378021,-0.05695489048957825,0.4459998309612274,0.4802509546279907,-0.06284786015748978,0.3812374174594879,0.44052359461784363,-0.011494086124002934,0.40633708238601685,0.34924793243408203,-0.05241204425692558,0.4130066931247711,0.457298219203949,-0.06165122985839844,0.39746978878974915,0.4936109483242035,-0.057134874165058136,0.3302287459373474,0.45780348777770996,-0.024305447936058044,0.3520818054676056,0.38424479961395264,-0.07248912751674652,0.3707529604434967,0.49932610988616943,-0.05916988104581833,0.357605904340744,0.544036328792572,-0.03610387444496155,0.27356818318367004,0.48631346225738525,-0.03797832503914833,0.303152471780777,0.423595130443573,-0.06476973742246628,0.3272020220756531,0.49666184186935425,-0.045111559331417084,0.3198753297328949,0.5337387323379517,-0.022667840123176575
A,0.3592449724674225,0.7252050638198853,-4.142241607496544e-07,0.4311814308166504,0.6625118255615234,-0.02336079441010952,0.47872835397720337,0.5452156662940979,-0.034118324518203735,0.4523009955883026,0.44638675451278687,-0.0456472747027874,0.38830915093421936,0.4290649890899658,-0.05085659399628639,0.4310360252857208,0.44713085889816284,-0.005728079937398434,0.45864298939704895,0.3583744168281555,-0.04114942252635956,0.45705950260162354,0.4472973644733429,-0.056337252259254456,0.44246307015419006,0.4865749180316925,-0.0619938001036644,0.37896913290023804,0.4467068314552307,-0.012897293083369732,0.40349671244621277,0.3500809073448181,-0.05326300486922264,0.41006118059158325,0.45973414182662964,-0.062060508877038956,0.39390823245048523,0.49890005588531494,-0.05724368244409561,0.3278557062149048,0.4642561078071594,-0.02497500367462635,0.3484736979007721,0.3858131468296051,-0.07129756361246109,0.36866939067840576,0.4994697868824005,-0.05744387209415436,0.3562045097351074,0.5451216697692871,-0.034520599991083145,0.2709265947341919,0.4928915798664093,-0.03797243908047676,0.2997667193412781,0.42700958251953125,-0.06324444711208344,0.3249170780181885,0.49893444776535034,-0.04327711835503578,0.3178868591785431,0.5370473265647888,-0.021118871867656708
A,0.3593689799308777,0.7231718301773071,-4.0726769157117815e-07,0.4307252764701843,0.6610651016235352,-0.02480226755142212,0.48073068261146545,0.5438408255577087,-0.0364474356174469,0.4558642506599426,0.4440328776836395,-0.04882154241204262,0.39114654064178467,0.4278321862220764,-0.054469067603349686,0.4343726634979248,0.44166991114616394,-0.005471948068588972,0.4615362286567688,0.353140264749527,-0.04209163784980774,0.4592771828174591,0.4455895721912384,-0.057704564183950424,0.4446101486682892,0.4813894033432007,-0.06335559487342834,0.3819984793663025,0.4420055150985718,-0.01235912088304758,0.4066668450832367,0.3468429446220398,-0.054584015160799026,0.4123488664627075,0.45926496386528015,-0.06364760547876358,0.395175039768219,0.49557000398635864,-0.058257199823856354,0.3306470811367035,0.46002402901649475,-0.024425938725471497,0.35118114948272705,0.3829118609428406,-0.07246711105108261,0.3702518939971924,0.4992627799510956,-0.05814744159579277,0.35733145475387573,0.5430396199226379,-0.03406425938010216,0.2738533616065979,0.4885837733745575,-0.037511713802814484,0.30283746123313904,0.4222349524497986,-0.06287401169538498,0.3266126215457916,0.49604544043540955,-0.04182278364896774,0.3185851275920868,0.5343356728553772,-0.01837853156030178
A,0.3596750497817993,0.724932074546814,-4.026009321478341e-07,0.4313604533672333,0.6616879105567932,-0.02401665598154068,0.4810515344142914,0.5435811281204224,-0.03493824973702431,0.4550054669380188,0.4429106116294861,-0.046602893620729446,0.3912907838821411,0.4260965585708618,-0.051619358360767365,0.43480172753334045,0.4446108341217041,-0.004994932562112808,0.4614928364753723,0.3545479476451874,-0.04021351784467697,0.46056199073791504,0.44520312547683716,-0.0551970973610878,0.4472714066505432,0.4833345413208008,-0.060616686940193176,0.382347971200943,0.44433340430259705,-0.0119025195017457,0.40615782141685486,0.34723442792892456,-0.05214225873351097,0.41279691457748413,0.45561733841896057,-0.060902874916791916,0.3968959450721741,0.49353763461112976,-0.05598654970526695,0.3307673931121826,0.4616849422454834,-0.023891661316156387,0.35056042671203613,0.3824853003025055,-0.07045489549636841,0.3706112205982208,0.49693602323532104,-0.056608859449625015,0.35852447152137756,0.5435510873794556,-0.03345021978020668,0.273540735244751,0.4895404279232025,-0.03688955307006836,0.30259326100349426,0.42254382371902466,-0.06201988086104393,0.327060341835022,0.49540504813194275,-0.04171743616461754,0.31954312324523926,0.5347203016281128,-0.019146321341395378
A,0.35745370388031006,0.7227655053138733,-4.3273777805552527e-07,0.42917805910110474,0.6610191464424133,-0.0229245163500309,0.4773096740245819,0.5422946810722351,-0.033238232135772705,0.45255720615386963,0.4430519640445709,-0.04422379657626152,0.3882053792476654,0.4254791736602783,-0.04880189523100853,0.43220022320747375,0.4447605013847351,-0.006247027777135372,0.46035248041152954,0.3557819128036499,-0.04097691550850868,0.45666369795799255,0.44678011536598206,-0.05524173006415367,0.4418107569217682,0.4834758937358856,-0.06052693352103233,0.37973836064338684,0.4441896975040436,-0.01336082722991705,0.4051811397075653,0.3483066260814667,-0.05379309132695198,0.40938371419906616,0.4597626328468323,-0.06178613379597664,0.3926638066768646,0.49750053882598877,-0.056403350085020065,0.3281952738761902,0.4614827632904053,-0.02516327053308487,0.34833329916000366,0.3826276361942291,-0.07114803045988083,0.3670390248298645,0.498209148645401,-0.0560295470058918,0.3549049198627472,0.5432299971580505,-0.03237799555063248,0.2709318995475769,0.48915091156959534,-0.037850189954042435,0.2984764575958252,0.42341166734695435,-0.06230771541595459,0.3227260410785675,0.4969959855079651,-0.04138483852148056,0.31598877906799316,0.5346592664718628,-0.01871076226234436
A,0.36417874693870544,0.7176498174667358,-4.173313641331333e-07,0.43430545926094055,0.6562354564666748,-0.023075062781572342,0.48150303959846497,0.5391375422477722,-0.03322623670101166,0.4549642503261566,0.44171634316444397,-0.0442228689789772,0.3922773599624634,0.4232625365257263,-0.049059465527534485,0.4366248846054077,0.442032128572464,-0.004062282387167215,0.46437615156173706,0.3566640019416809,-0.03907780721783638,0.46093788743019104,0.44204649329185486,-0.0541667640209198,0.4458082318305969,0.47971311211586,-0.05970259755849838,0.38431477546691895,0.4409341812133789,-0.010847002267837524,0.4082765579223633,0.3500358462333679,-0.049968719482421875,0.4133784770965576,0.45723098516464233,-0.05796745419502258,0.3975813686847687,0.493290513753891,-0.05293890833854675,0.332751989364624,0.45764297246932983,-0.022809593006968498,0.35408759117126465,0.3843788504600525,-0.0697353184223175,0.3725462257862091,0.4990255832672119,-0.056831903755664825,0.35959506034851074,0.5443202257156372,-0.03450165316462517,0.2754599452018738,0.4852968752384186,-0.035546351224184036,0.30589431524276733,0.4249380826950073,-0.0618441179394722,0.32972943782806396,0.49738791584968567,-0.04302367940545082,0.3219953775405884,0.5335226655006409,-0.021615521982312202
A,0.36206018924713135,0.7230456471443176,-3.9453234990105557e-07,0.43337777256965637,0.6595751047134399,-0.024792639538645744,0.4827009439468384,0.5426474213600159,-0.03600461035966873,0.4562992751598358,0.44391176104545593,-0.0478292740881443,0.39260441064834595,0.4260375499725342,-0.05327074974775314,0.43600159883499146,0.443842351436615,-0.005331832449883223,0.4621537923812866,0.35616496205329895,-0.040047261863946915,0.46096622943878174,0.44374433159828186,-0.05514605715870857,0.44659891724586487,0.4806213974952698,-0.06067898869514465,0.38375675678253174,0.444057434797287,-0.011570858769118786,0.40618371963500977,0.34956932067871094,-0.050974391400814056,0.4137250483036041,0.4576667845249176,-0.05976354330778122,0.398078978061676,0.49526524543762207,-0.05502404645085335,0.3326069712638855,0.46133121848106384,-0.02290930598974228,0.35177281498908997,0.38251176476478577,-0.06939202547073364,0.37234142422676086,0.4969967305660248,-0.05596650019288063,0.3603835701942444,0.5440011024475098,-0.032988037914037704,0.2754141092300415,0.4894590973854065,-0.03526486083865166,0.30357035994529724,0.4222163259983063,-0.060905229300260544,0.328296959400177,0.4947243630886078,-0.04104367271065712,0.32144802808761597,0.5347479581832886,-0.018575193360447884
A,0.3630274534225464,0.7206149697303772,-3.867414477554121e-07,0.4320688843727112,0.6610479354858398,-0.024501092731952667,0.4826350212097168,0.5444599390029907,-0.035640884190797806,0.4572441875934601,0.44517782330513,-0.0473669096827507,0.39334821701049805,0.42864617705345154,-0.05281917750835419,0.43633732199668884,0.4412223696708679,-0.006131760776042938,0.462465763092041,0.35440072417259216,-0.04187525436282158,0.4612080454826355,0.44150835275650024,-0.057863522320985794,0.44806766510009766,0.4789479374885559,-0.06385248154401779,0.3838179111480713,0.441516637802124,-0.012801493518054485,0.40747523307800293,0.34882038831710815,-0.05248959735035896,0.41432520747184753,0.4554441273212433,-0.06143159419298172,0.3989769220352173,0.4910328686237335,-0.05702889710664749,0.33271297812461853,0.4596589505672455,-0.024552281945943832,0.353331595659256,0.3856804668903351,-0.07173138111829758,0.37243789434432983,0.5008597373962402,-0.058522261679172516,0.36009520292282104,0.5463509559631348,-0.03580314666032791,0.27586886286735535,0.48866814374923706,-0.03724562004208565,0.30482518672943115,0.4247623085975647,-0.06343141943216324,0.3289973735809326,0.49838685989379883,-0.04363052174448967,0.3219568133354187,0.5370774269104004,-0.021280130371451378
A,0.3620457947254181,0.7278847694396973,-3.8201187635422684e-07,0.43314868211746216,0.664878785610199,-0.024842923507094383,0.48212653398513794,0.5479329824447632,-0.0359281450510025,0.456049382686615,0.44997072219848633,-0.047588493674993515,0.3938583731651306,0.4319259226322174,-0.05281543731689453,0.43730297684669495,0.4469131529331207,-0.004607802722603083,0.4633093476295471,0.3620595633983612,-0.04029209166765213,0.46221455931663513,0.44897037744522095,-0.056422360241413116,0.4489331841468811,0.4880349338054657,-0.06240501627326012,0.3848651051521301,0.4463845491409302,-0.011107790283858776,0.407626748085022,0.35331106185913086,-0.050671134144067764,0.41497617959976196,0.4599798023700714,-0.059458017349243164,0.4008495509624481,0.49841222167015076,-0.0546216182410717,0.33336395025253296,0.46380162239074707,-0.022971132770180702,0.35338324308395386,0.3904513120651245,-0.07005157321691513,0.37319719791412354,0.5049283504486084,-0.05705337971448898,0.3620230555534363,0.5514782071113586,-0.034243177622556686,0.2767350971698761,0.4929206073284149,-0.03588602691888809,0.30508342385292053,0.43022358417510986,-0.06222967430949211,0.3299209475517273,0.5026469826698303,-0.042778365314006805,0.32371431589126587,0.5407059788703918,-0.02054586634039879
A,0.3609859347343445,0.7240214943885803,-4.085771081463463e-07,0.43225374817848206,0.6627612113952637,-0.02376212179660797,0.4824521243572235,0.5450586676597595,-0.03440519794821739,0.45755788683891296,0.44630196690559387,-0.045463722199201584,0.3930644392967224,0.4298739433288574,-0.05011829733848572,0.4360942840576172,0.44513970613479614,-0.00596365612000227,0.46452856063842773,0.3611840009689331,-0.03998170793056488,0.4611973464488983,0.44938158988952637,-0.05430874973535538,0.4458933174610138,0.4832721948623657,-0.05995793268084526,0.38342660665512085,0.4448851943016052,-0.012662602588534355,0.4080118238925934,0.3520982563495636,-0.05241812765598297,0.41394034028053284,0.4623889923095703,-0.060288574546575546,0.39795345067977905,0.49953868985176086,-0.054842498153448105,0.3317112922668457,0.4624875485897064,-0.0241866372525692,0.35238996148109436,0.38747790455818176,-0.07044779509305954,0.37306615710258484,0.5032162666320801,-0.05638262256979942,0.36148500442504883,0.5483002662658691,-0.03329319506883621,0.2748155891895294,0.491257905960083,-0.03661927953362465,0.30496275424957275,0.42921021580696106,-0.06197965145111084,0.3296027183532715,0.5015642046928406,-0.04230494052171707,0.3223583996295929,0.5376612544059753,-0.020368169993162155
A,0.3608074486255646,0.7224767208099365,-4.1825396124295366e-07,0.4304307997226715,0.6585630774497986,-0.02195994183421135,0.47689512372016907,0.5432466268539429,-0.03199086710810661,0.45227134227752686,0.4470911920070648,-0.042908988893032074,0.3902178108692169,0.4280570149421692,-0.047414664179086685,0.435200959444046,0.4466961920261383,-0.005461198277771473,0.4622752070426941,0.3585123121738434,-0.03897939249873161,0.4599170982837677,0.44690456986427307,-0.05260841175913811,0.44656017422676086,0.48241743445396423,-0.05752743408083916,0.38323843479156494,0.44552385807037354,-0.012899278663098812,0.4067135155200958,0.34963470697402954,-0.05013434961438179,0.41207730770111084,0.45756930112838745,-0.056304652243852615,0.3975164592266083,0.49437010288238525,-0.05037767440080643,0.33203035593032837,0.46229058504104614,-0.025139188393950462,0.3507149815559387,0.384990930557251,-0.06938870996236801,0.3697715699672699,0.4988217055797577,-0.05415378510951996,0.3592239022254944,0.5447518229484558,-0.030855724588036537,0.27567794919013977,0.4898846745491028,-0.038242314010858536,0.30139651894569397,0.42465659976005554,-0.06243574619293213,0.3252800405025482,0.497158408164978,-0.0416836142539978,0.3199780583381653,0.5364752411842346,-0.019169999286532402
A,0.3614172339439392,0.7211368083953857,-4.2709774561444647e-07,0.43075093626976013,0.658410906791687,-0.02224898524582386,0.4789150357246399,0.5416781306266785,-0.03178417310118675,0.4527728855609894,0.44519779086112976,-0.04202062264084816,0.3922129273414612,0.426988810300827,-0.045860134065151215,0.43629565834999084,0.4444105327129364,-0.005764447618275881,0.46217456459999084,0.3558507561683655,-0.03845643624663353,0.4600992202758789,0.44561830163002014,-0.05166846513748169,0.4463401436805725,0.4811463952064514,-0.05642859637737274,0.38355982303619385,0.4437345266342163,-0.012665515765547752,0.4062908887863159,0.3498160243034363,-0.04862081632018089,0.4119572937488556,0.45764172077178955,-0.05435533821582794,0.3966732621192932,0.49295294284820557,-0.048547785729169846,0.3317599594593048,0.46052706241607666,-0.02437552995979786,0.3520614206790924,0.38548627495765686,-0.06792663037776947,0.371070921421051,0.4991363286972046,-0.053110431879758835,0.35963717103004456,0.5438687801361084,-0.0303597841411829,0.27480989694595337,0.4880385398864746,-0.03691687807440758,0.3040037155151367,0.4232391119003296,-0.060274846851825714,0.327163428068161,0.4954133629798889,-0.03938561677932739,0.31978029012680054,0.534382164478302,-0.01706160046160221
A,0.3633987307548523,0.719085156917572,-4.0008262658375315e-07,0.4326203465461731,0.6567394137382507,-0.02232595719397068,0.4804075062274933,0.5410507321357727,-0.03224867954850197,0.454521507024765,0.44520068168640137,-0.043176740407943726,0.3929421305656433,0.4255765676498413,-0.04811543971300125,0.4369242489337921,0.44413459300994873,-0.00439749751240015,0.46303316950798035,0.3557259738445282,-0.03926737233996391,0.46119236946105957,0.4398494362831116,-0.05493292212486267,0.4470162093639374,0.47998136281967163,-0.06053818017244339,0.3845810294151306,0.4439832866191864,-0.011341444216668606,0.4073917865753174,0.3506913185119629,-0.04946347698569298,0.4145852029323578,0.45702239871025085,-0.057741835713386536,0.399883508682251,0.49663424491882324,-0.053048983216285706,0.3328697085380554,0.4609130918979645,-0.023278141394257545,0.3528774380683899,0.38582921028137207,-0.06894414871931076,0.37274712324142456,0.4996282756328583,-0.055868811905384064,0.361291766166687,0.5473210215568542,-0.03349757567048073,0.2755817174911499,0.48900696635246277,-0.0359957218170166,0.3047831356525421,0.42431050539016724,-0.06135198473930359,0.3282581865787506,0.49627724289894104,-0.04173703491687775,0.3207750916481018,0.5355700254440308,-0.01976862922310829
A,0.3666299283504486,0.720676600933075,-4.263445987362502e-07,0.4350435137748718,0.6596541404724121,-0.023571129888296127,0.4882848262786865,0.544670045375824,-0.03435485064983368,0.46211034059524536,0.446069598197937,-0.04601750522851944,0.3983742594718933,0.42904457449913025,-0.05155692622065544,0.4440385103225708,0.4404209852218628,-0.00190707144793123,0.4710974395275116,0.35629507899284363,-0.03753064200282097,0.4674432873725891,0.44185808300971985,-0.05382277071475983,0.45301973819732666,0.480817973613739,-0.05972367525100708,0.3907965421676636,0.4397274851799011,-0.008645463734865189,0.4149448871612549,0.349384069442749,-0.04796212539076805,0.41953253746032715,0.4582371711730957,-0.05704260244965553,0.4035504162311554,0.49574729800224304,-0.05230781063437462,0.339774489402771,0.4565070569515228,-0.020675349980592728,0.36044374108314514,0.3839282989501953,-0.06676486879587173,0.37823912501335144,0.49846383929252625,-0.054006028920412064,0.36530789732933044,0.5430322289466858,-0.03160625696182251,0.2831334173679352,0.4846615493297577,-0.03363474830985069,0.3125613033771515,0.4203294813632965,-0.05781034007668495,0.3343994617462158,0.4924115538597107,-0.037604231387376785,0.3254539966583252,0.5285429358482361,-0.015184938907623291
A,0.36793002486228943,0.7207655906677246,-4.189203366422589e-07,0.4368160367012024,0.6563358902931213,-0.02404497005045414,0.4861941933631897,0.5419734716415405,-0.035521287471055984,0.4616660177707672,0.44491735100746155,-0.047880761325359344,0.398733913898468,0.4245235323905945,-0.05391700565814972,0.442406564950943,0.4429953098297119,-0.003864263417199254,0.46955278515815735,0.35741347074508667,-0.04001760110259056,0.46705353260040283,0.4456893503665924,-0.05666883662343025,0.452679842710495,0.48351985216140747,-0.06302361190319061,0.39016541838645935,0.44326335191726685,-0.010325562208890915,0.41440099477767944,0.35178327560424805,-0.05074259266257286,0.4200959801673889,0.4620994031429291,-0.060077860951423645,0.40341314673423767,0.4994606077671051,-0.05574634298682213,0.3392917513847351,0.4602183699607849,-0.022053930908441544,0.3594030737876892,0.38374608755111694,-0.06902721524238586,0.37823182344436646,0.4978422522544861,-0.05579318851232529,0.3653596341609955,0.5424578785896301,-0.03313840180635452,0.2825172245502472,0.4879184067249298,-0.0347437858581543,0.31189674139022827,0.42213019728660583,-0.060294993221759796,0.3349209427833557,0.4947614073753357,-0.040606606751680374,0.32671719789505005,0.5324830412864685,-0.018531430512666702
A,0.3656748831272125,0.7229833006858826,-4.014786156858463e-07,0.436806321144104,0.6608337163925171,-0.026005813851952553,0.48766785860061646,0.5439484715461731,-0.03748166561126709,0.46101734042167664,0.4448989927768707,-0.049241188913583755,0.3980402946472168,0.42845815420150757,-0.054120078682899475,0.44151851534843445,0.4430782198905945,-0.005604431964457035,0.469365656375885,0.35752934217453003,-0.040604930371046066,0.46716129779815674,0.4481126070022583,-0.05581463500857353,0.453046590089798,0.48169586062431335,-0.06193597614765167,0.3890860676765442,0.4431024491786957,-0.01166905090212822,0.41393911838531494,0.3498382270336151,-0.051346756517887115,0.42046576738357544,0.4591655731201172,-0.059162307530641556,0.4045356214046478,0.4941057562828064,-0.05390523374080658,0.337605357170105,0.460322767496109,-0.02319697104394436,0.35895392298698425,0.38374602794647217,-0.06985132396221161,0.37858274579048157,0.49828481674194336,-0.05598494037985802,0.36597275733947754,0.5424805879592896,-0.0330226793885231,0.2808108329772949,0.4881027340888977,-0.03595820814371109,0.31171879172325134,0.423897385597229,-0.06164088472723961,0.3349851071834564,0.4955061674118042,-0.04215531051158905,0.3259848952293396,0.532526969909668,-0.020305247977375984
A,0.3651108741760254,0.7178279161453247,-3.502880190353608e-07,0.43612509965896606,0.6548365950584412,-0.025917140766978264,0.48554253578186035,0.543010950088501,-0.03860512003302574,0.46223077178001404,0.44427385926246643,-0.05194064974784851,0.39936062693595886,0.4224178194999695,-0.058896925300359726,0.44202569127082825,0.4401862323284149,-0.004007818177342415,0.46935296058654785,0.35733550786972046,-0.041665829718112946,0.46556076407432556,0.44330987334251404,-0.059815652668476105,0.4505101442337036,0.4810275435447693,-0.06687498837709427,0.389614075422287,0.43881094455718994,-0.010443259961903095,0.41509735584259033,0.34399402141571045,-0.052463967353105545,0.41970521211624146,0.44955164194107056,-0.06331168860197067,0.4039852023124695,0.4867657423019409,-0.05931548401713371,0.33802980184555054,0.45516490936279297,-0.022427968680858612,0.36031004786491394,0.38097792863845825,-0.07167243212461472,0.3770869970321655,0.49336978793144226,-0.0602061003446579,0.3638666868209839,0.5374609231948853,-0.03770967572927475,0.2813798189163208,0.4832308292388916,-0.03546031564474106,0.31198084354400635,0.4206363260746002,-0.06334531307220459,0.33456772565841675,0.49215397238731384,-0.04478456825017929,0.32628610730171204,0.5293917655944824,-0.022654173895716667
A,0.36673736572265625,0.719784677028656,-3.926202225557063e-07,0.4374464750289917,0.6574549674987793,-0.024668311700224876,0.48604434728622437,0.5405934453010559,-0.03527877479791641,0.4587574005126953,0.4425331652164459,-0.04657704010605812,0.3962418735027313,0.42483410239219666,-0.051392294466495514,0.4410678744316101,0.44278889894485474,-0.002723444253206253,0.4679887890815735,0.35668957233428955,-0.038478121161460876,0.4655364155769348,0.4430394470691681,-0.054681286215782166,0.45181038975715637,0.4806232452392578,-0.060696519911289215,0.38880157470703125,0.4426853656768799,-0.008995043113827705,0.412725031375885,0.34858909249305725,-0.04905923083424568,0.41872090101242065,0.45478206872940063,-0.05829416587948799,0.4034538269042969,0.4915885627269745,-0.05371300131082535,0.33767664432525635,0.45961225032806396,-0.0207440834492445,0.3577196002006531,0.3827260434627533,-0.06812527775764465,0.37605735659599304,0.495947927236557,-0.05553155019879341,0.3635105788707733,0.5413544178009033,-0.03295757994055748,0.28112202882766724,0.48712146282196045,-0.03352194279432297,0.30977505445480347,0.42086291313171387,-0.05993092432618141,0.3329884707927704,0.49270930886268616,-0.04094308242201805,0.32523009181022644,0.5309891104698181,-0.01905960589647293
A,0.3667023181915283,0.7209880948066711,-3.982000009727926e-07,0.4369514584541321,0.6581059694290161,-0.024434970691800117,0.486041784286499,0.543194055557251,-0.0360320508480072,0.4603489339351654,0.4441567659378052,-0.0481642447412014,0.39710426330566406,0.42315220832824707,-0.05396530404686928,0.4409307837486267,0.4420512914657593,-0.006033961195498705,0.46776437759399414,0.35586127638816833,-0.041710976511240005,0.4647682309150696,0.44277292490005493,-0.057913728058338165,0.450308620929718,0.4806022047996521,-0.06405232846736908,0.38856831192970276,0.441389799118042,-0.012396147474646568,0.41253647208213806,0.3467351794242859,-0.05179727450013161,0.41815686225891113,0.4531455338001251,-0.06050227954983711,0.40276724100112915,0.4908817410469055,-0.05594716966152191,0.33740583062171936,0.4582551419734955,-0.02383187972009182,0.3571126461029053,0.38120943307876587,-0.06980422139167786,0.3760800361633301,0.4945162236690521,-0.056228019297122955,0.36458703875541687,0.5418418049812317,-0.03356452286243439,0.2811205983161926,0.4863452613353729,-0.03633775934576988,0.3096230626106262,0.42073020339012146,-0.06207246705889702,0.33312246203422546,0.49262118339538574,-0.04261159896850586,0.32610389590263367,0.5319889187812805,-0.020582295954227448
A,0.3620418310165405,0.7147880792617798,-3.9944015384207887e-07,0.4348480999469757,0.6504269242286682,-0.023710761219263077,0.48194795846939087,0.533803403377533,-0.03454350307583809,0.45745551586151123,0.43636786937713623,-0.046243734657764435,0.39415645599365234,0.4214823544025421,-0.051442261785268784,0.4366277754306793,0.43757593631744385,-0.0030221387278288603,0.465889036655426,0.3542998731136322,-0.03916039317846298,0.46218180656433105,0.44241955876350403,-0.05527070537209511,0.4463689625263214,0.4771074652671814,-0.06169189140200615,0.3848143517971039,0.4366700351238251,-0.010120624676346779,0.4110405743122101,0.34623318910598755,-0.05191556364297867,0.4156043529510498,0.45513302087783813,-0.06138630211353302,0.3977460265159607,0.4888530969619751,-0.05695295333862305,0.33408257365226746,0.4529615342617035,-0.02250427007675171,0.3556409776210785,0.3789069354534149,-0.07040007412433624,0.3737070560455322,0.49248576164245605,-0.05727368965744972,0.35974156856536865,0.5343051552772522,-0.034649573266506195,0.27813491225242615,0.4795186519622803,-0.035874851047992706,0.30748340487480164,0.417648047208786,-0.062234245240688324,0.330715537071228,0.4899466633796692,-0.043131791055202484,0.3219025433063507,0.525364339351654,-0.02147248573601246
A,0.3615838289260864,0.7189170718193054,-3.920448534699972e-07,0.43310683965682983,0.6573715209960938,-0.025667378678917885,0.48314833641052246,0.5422117114067078,-0.037248820066452026,0.45733338594436646,0.4420316219329834,-0.04935469850897789,0.39381128549575806,0.4252126216888428,-0.05492229014635086,0.43799683451652527,0.4437369108200073,-0.004784073680639267,0.4647228717803955,0.35766035318374634,-0.04054010286927223,0.46216097474098206,0.4451354146003723,-0.05637131258845329,0.4483336806297302,0.48196351528167725,-0.06234387680888176,0.3857656419277191,0.44365835189819336,-0.010883104987442493,0.4100663661956787,0.34955358505249023,-0.051972661167383194,0.41575324535369873,0.4571962356567383,-0.06140800938010216,0.3992668092250824,0.4942575693130493,-0.05682595819234848,0.33454176783561707,0.46030065417289734,-0.02236984297633171,0.35572028160095215,0.38379934430122375,-0.07040849328041077,0.3741273283958435,0.49719855189323425,-0.058043476194143295,0.3607719838619232,0.5427634716033936,-0.03549426794052124,0.2779232859611511,0.4875411093235016,-0.03493102267384529,0.3081033527851105,0.4212258458137512,-0.06181645393371582,0.33101096749305725,0.4926386773586273,-0.04328427091240883,0.3221007287502289,0.5311240553855896,-0.021715926006436348
A,0.36275455355644226,0.7176386117935181,-4.0796561506795115e-07,0.4349612295627594,0.6572833061218262,-0.0241432823240757,0.48411890864372253,0.5398504137992859,-0.034609176218509674,0.4585689604282379,0.44125813245773315,-0.04549822956323624,0.39563336968421936,0.42474108934402466,-0.04995867982506752,0.43986040353775024,0.4402989447116852,-0.004742020275443792,0.4666874408721924,0.3564334511756897,-0.03968038782477379,0.4630490839481354,0.444560706615448,-0.05511747673153877,0.4485498070716858,0.4795955419540405,-0.06131330132484436,0.3869238793849945,0.4396100342273712,-0.011187766678631306,0.41129064559936523,0.3471715450286865,-0.05131308734416962,0.4162667393684387,0.45630234479904175,-0.059865713119506836,0.3998648226261139,0.4924757778644562,-0.05503368750214577,0.33502018451690674,0.45665863156318665,-0.022725116461515427,0.3557177782058716,0.3825274705886841,-0.06919233500957489,0.3744080364704132,0.4959631860256195,-0.055546052753925323,0.3617379665374756,0.5391693115234375,-0.03284313157200813,0.27803322672843933,0.4845321774482727,-0.035262614488601685,0.3081008195877075,0.42168790102005005,-0.060732726007699966,0.33145013451576233,0.4933212101459503,-0.04118968918919563,0.3228453993797302,0.5288060307502747,-0.01941615343093872
A,0.36500126123428345,0.7161211967468262,-3.974283231400477e-07,0.4343404471874237,0.6538738012313843,-0.025796152651309967,0.48411017656326294,0.536205530166626,-0.03708341345191002,0.4586748480796814,0.4380660355091095,-0.04872515797615051,0.39587581157684326,0.42180395126342773,-0.05357003211975098,0.43931007385253906,0.43685778975486755,-0.004500532988458872,0.4675058126449585,0.3546716868877411,-0.03954332694411278,0.463626891374588,0.4435901641845703,-0.054744940251111984,0.44819653034210205,0.47614574432373047,-0.06080421805381775,0.3871767520904541,0.4365962743759155,-0.010437318123877048,0.4137912690639496,0.34791845083236694,-0.049729716032743454,0.41774141788482666,0.4563940167427063,-0.057615187019109726,0.39987996220588684,0.4869365990161896,-0.05277042090892792,0.33591681718826294,0.45319774746894836,-0.02189943566918373,0.35830867290496826,0.3793941140174866,-0.06902915984392166,0.3752503991127014,0.4937126934528351,-0.05571412667632103,0.3606330454349518,0.5348978638648987,-0.033265504986047745,0.2793201208114624,0.4799945056438446,-0.03449723497033119,0.3104532063007355,0.41707271337509155,-0.060855794697999954,0.3323688805103302,0.48907777667045593,-0.04174851253628731,0.3223915100097656,0.5242850184440613,-0.020129753276705742
A,0.3648713529109955,0.7167651653289795,-3.9108218174987996e-07,0.4361989498138428,0.6541647911071777,-0.025317734107375145,0.4861832857131958,0.5385252237319946,-0.03671637177467346,0.46157538890838623,0.43988311290740967,-0.04835742339491844,0.39798298478126526,0.4237954020500183,-0.05365400016307831,0.4405900835990906,0.43910616636276245,-0.006010494194924831,0.4696519374847412,0.3560383915901184,-0.040588367730379105,0.46547308564186096,0.4437434673309326,-0.05600655451416969,0.45000097155570984,0.47874128818511963,-0.062198881059885025,0.38858023285865784,0.43825337290763855,-0.011873719282448292,0.41437679529190063,0.34640049934387207,-0.050795525312423706,0.4188101291656494,0.4524965286254883,-0.059288814663887024,0.4020518362522125,0.4867761433124542,-0.054941803216934204,0.3375035226345062,0.454928457736969,-0.022806335240602493,0.3594050407409668,0.37967610359191895,-0.0687265619635582,0.37710657715797424,0.49302536249160767,-0.05563022941350937,0.36369839310646057,0.5374448299407959,-0.03348323702812195,0.2812120318412781,0.4824785888195038,-0.034821756184101105,0.3113921284675598,0.41770946979522705,-0.06019583344459534,0.33391818404197693,0.48939386010169983,-0.040825534611940384,0.3252115547657013,0.5273889303207397,-0.019144706428050995
A,0.364391565322876,0.7172055244445801,-3.6431947592063807e-07,0.4345642626285553,0.6542772650718689,-0.02576781064271927,0.4822905659675598,0.5401930212974548,-0.0374147854745388,0.45776838064193726,0.44226521253585815,-0.04957796260714531,0.395266056060791,0.4244575798511505,-0.05513381585478783,0.43933069705963135,0.44143879413604736,-0.004684673622250557,0.4662066698074341,0.3549550473690033,-0.040625546127557755,0.4635615646839142,0.4413767158985138,-0.057145603001117706,0.44932278990745544,0.4791812002658844,-0.06347335875034332,0.38746723532676697,0.44086697697639465,-0.010792096145451069,0.41151881217956543,0.34634947776794434,-0.050778064876794815,0.4169193506240845,0.45056524872779846,-0.060285162180662155,0.40096572041511536,0.4865054488182068,-0.0560644194483757,0.33638158440589905,0.4576706886291504,-0.022378304973244667,0.35692349076271057,0.3811413645744324,-0.06977509707212448,0.37420734763145447,0.4938494563102722,-0.057333800941705704,0.3609175384044647,0.5396910309791565,-0.034846220165491104,0.2799372375011444,0.4857090413570404,-0.035135913640260696,0.30948078632354736,0.4212787449359894,-0.06208756938576698,0.33198466897010803,0.4929320216178894,-0.043406445533037186,0.3237587809562683,0.5316510796546936,-0.021639881655573845
A,0.3632674217224121,0.7164497375488281,-3.962868220241944e-07,0.4340799152851105,0.6564052104949951,-0.02481987699866295,0.48366549611091614,0.539303183555603,-0.03516161069273949,0.45669853687286377,0.4408537745475769,-0.04593648388981819,0.39415261149406433,0.4234009087085724,-0.050247643142938614,0.43887412548065186,0.4425465762615204,-0.0036403925623744726,0.4675240218639374,0.3571738004684448,-0.03818739950656891,0.4651823937892914,0.4437391757965088,-0.053108781576156616,0.45055142045021057,0.478974848985672,-0.05864186957478523,0.38693520426750183,0.44143223762512207,-0.00971671286970377,0.4127626121044159,0.34830358624458313,-0.04829872027039528,0.4178628921508789,0.4556356370449066,-0.05627446994185448,0.40043407678604126,0.49064916372299194,-0.05119477957487106,0.3355911076068878,0.4575248658657074,-0.021253930404782295,0.3582920432090759,0.38123053312301636,-0.06808099150657654,0.3759292960166931,0.4961105287075043,-0.055438052862882614,0.3610120117664337,0.5409375429153442,-0.03310689702630043,0.2784390449523926,0.48405346274375916,-0.033727750182151794,0.310086190700531,0.41982710361480713,-0.05986623466014862,0.33273011445999146,0.4920625388622284,-0.04086974635720253,0.32274582982063293,0.5297377705574036,-0.019245311617851257
A,0.36385223269462585,0.7198440432548523,-3.706576592321653e-07,0.43555644154548645,0.6592609286308289,-0.025974446907639503,0.48547616600990295,0.5434402823448181,-0.03748052939772606,0.4587453305721283,0.44307538866996765,-0.0490943118929863,0.39541372656822205,0.4264214038848877,-0.054241981357336044,0.4394371509552002,0.44450220465660095,-0.006037450395524502,0.46683961153030396,0.359450101852417,-0.04044768586754799,0.46391522884368896,0.4461180865764618,-0.055997200310230255,0.4494059681892395,0.48200204968452454,-0.062180064618587494,0.38757163286209106,0.4438987970352173,-0.011674229986965656,0.41217076778411865,0.35023486614227295,-0.05048656836152077,0.41783666610717773,0.45474424958229065,-0.05949147045612335,0.40203604102134705,0.4911540150642395,-0.055226292461156845,0.33673030138015747,0.46011364459991455,-0.022493798285722733,0.357382208108902,0.38394901156425476,-0.06824443489313126,0.3756921589374542,0.49609917402267456,-0.05569266527891159,0.3631051778793335,0.542258620262146,-0.03372256085276604,0.28047752380371094,0.4869193732738495,-0.034499336034059525,0.3104504942893982,0.42248955368995667,-0.060399379581213,0.33312684297561646,0.4943211078643799,-0.04170975089073181,0.3249627947807312,0.5336469411849976,-0.020274758338928223
A,0.36250734329223633,0.7207013964653015,-3.858247055177344e-07,0.43424126505851746,0.6590957045555115,-0.0264225285500288,0.4847286343574524,0.5454315543174744,-0.03837210312485695,0.45886045694351196,0.447153240442276,-0.050416454672813416,0.39551490545272827,0.42735764384269714,-0.05577006936073303,0.44074729084968567,0.4454725384712219,-0.005653561558574438,0.4688672721385956,0.3619396984577179,-0.0403301902115345,0.464938759803772,0.45119708776474,-0.0555022694170475,0.4501153528690338,0.48284292221069336,-0.061748236417770386,0.3881464898586273,0.4437065124511719,-0.010916299186646938,0.41368797421455383,0.3530671000480652,-0.05024770647287369,0.41780024766921997,0.4608336091041565,-0.058628980070352554,0.4008347988128662,0.4921414852142334,-0.05415884777903557,0.33649545907974243,0.4597918391227722,-0.021530181169509888,0.3576813340187073,0.38437288999557495,-0.06853093206882477,0.3753451704978943,0.49811214208602905,-0.055465586483478546,0.36184099316596985,0.5398691892623901,-0.0332188680768013,0.2792419195175171,0.48656222224235535,-0.03323305398225784,0.309794157743454,0.4242587685585022,-0.05977800115942955,0.33265814185142517,0.4965285062789917,-0.04106171429157257,0.3240775763988495,0.5324841737747192,-0.019657183438539505
A,0.3652717173099518,0.7176343202590942,-4.0441040027872077e-07,0.4356919229030609,0.6564559936523438,-0.024906137958168983,0.4845525026321411,0.5404800772666931,-0.03596313297748566,0.458622545003891,0.4425066113471985,-0.0473286397755146,0.3961457908153534,0.42654135823249817,-0.05221298336982727,0.4393523335456848,0.4423104524612427,-0.005759736523032188,0.4675472676753998,0.358533650636673,-0.03988412767648697,0.4642501473426819,0.4476427137851715,-0.05462687835097313,0.4497871994972229,0.48215430974960327,-0.06052210554480553,0.3874230980873108,0.44142043590545654,-0.011709189973771572,0.41266170144081116,0.34936535358428955,-0.0501786544919014,0.41764312982559204,0.4580560326576233,-0.05754764750599861,0.4010544419288635,0.4938688278198242,-0.0524296797811985,0.33620187640190125,0.4576757550239563,-0.022859806194901466,0.35745763778686523,0.3804359436035156,-0.06868167966604233,0.37558260560035706,0.4948394298553467,-0.05491190031170845,0.362341046333313,0.5404214262962341,-0.032358527183532715,0.2793281376361847,0.48456045985221863,-0.035075850784778595,0.3089551627635956,0.41969719529151917,-0.060642972588539124,0.33245009183883667,0.4918447732925415,-0.041430938988924026,0.32475313544273376,0.5302578806877136,-0.019929349422454834
A,0.3639015853404999,0.7188276648521423,-3.769890781768481e-07,0.43526315689086914,0.6569129824638367,-0.02579689957201481,0.4838965833187103,0.5421009063720703,-0.03700479492545128,0.45768216252326965,0.4429432153701782,-0.04872472211718559,0.3950965702533722,0.42539888620376587,-0.05426837131381035,0.43848782777786255,0.44494178891181946,-0.0038387305103242397,0.46629980206489563,0.35899943113327026,-0.03840295597910881,0.4635951519012451,0.44440019130706787,-0.05448988452553749,0.44954022765159607,0.4810246229171753,-0.060770172625780106,0.3869772255420685,0.4436752200126648,-0.009403698146343231,0.4128909409046173,0.34973281621932983,-0.047776076942682266,0.4177667200565338,0.4543322026729584,-0.05685009807348251,0.40097013115882874,0.4919218420982361,-0.052412811666727066,0.33597713708877563,0.4592898488044739,-0.020492179319262505,0.35742661356925964,0.38158148527145386,-0.06631125509738922,0.37528321146965027,0.49354198575019836,-0.054865047335624695,0.3621141314506531,0.5413188338279724,-0.03326818346977234,0.2793754041194916,0.4865588843822479,-0.03276980295777321,0.30925774574279785,0.42000365257263184,-0.05902981013059616,0.33322227001190186,0.49033376574516296,-0.04130743071436882,0.32658907771110535,0.5314287543296814,-0.020327238366007805
A,0.3597848415374756,0.7158777713775635,-3.544622302342759e-07,0.43149706721305847,0.6557021141052246,-0.026297155767679214,0.4821007549762726,0.5443121790885925,-0.038648515939712524,0.4566560685634613,0.44563543796539307,-0.051477670669555664,0.39351004362106323,0.42529571056365967,-0.05775627866387367,0.4378707706928253,0.44273993372917175,-0.0040954588912427425,0.4649067521095276,0.3581216335296631,-0.04156513139605522,0.46220409870147705,0.4445231854915619,-0.05899539962410927,0.4476633667945862,0.4813147783279419,-0.0656445324420929,0.3853088319301605,0.44030526280403137,-0.010149940848350525,0.41049671173095703,0.34688565135002136,-0.052033428102731705,0.415424108505249,0.45305368304252625,-0.06256033480167389,0.3987167775630951,0.48790496587753296,-0.058451518416404724,0.3337670564651489,0.45545268058776855,-0.021845335140824318,0.35559767484664917,0.381673127412796,-0.07108714431524277,0.3721018135547638,0.4954381287097931,-0.05910831317305565,0.35774704813957214,0.5383960604667664,-0.03640715405344963,0.27648112177848816,0.4819410741329193,-0.03459087386727333,0.30711811780929565,0.4209183156490326,-0.06204988434910774,0.3293570876121521,0.4937230348587036,-0.04308626055717468,0.3202706277370453,0.5301409363746643,-0.02084704488515854
A,0.3564407229423523,0.7121254801750183,-3.653698286143481e-07,0.4270543158054352,0.6484735012054443,-0.02526249922811985,0.47631990909576416,0.5334444046020508,-0.03716571256518364,0.4537506699562073,0.43534210324287415,-0.04965556412935257,0.3891041874885559,0.42224782705307007,-0.055658504366874695,0.4293723702430725,0.4341227114200592,-0.0051373690366744995,0.4597324728965759,0.352415531873703,-0.041037481278181076,0.4557071626186371,0.4409230351448059,-0.05677742883563042,0.4398336410522461,0.4733510911464691,-0.06304536014795303,0.37802690267562866,0.43332087993621826,-0.011955504305660725,0.406130850315094,0.34467563033103943,-0.05373993143439293,0.4098113775253296,0.4526287913322449,-0.06355366855859756,0.39158257842063904,0.484443336725235,-0.05932706966996193,0.3272993862628937,0.4501393437385559,-0.023943955078721046,0.3512742817401886,0.3786587417125702,-0.07260377705097198,0.36792632937431335,0.49267327785491943,-0.060198597609996796,0.3533198833465576,0.5335474014282227,-0.03761250898241997,0.2714807689189911,0.4778275191783905,-0.03690327703952789,0.30268594622612,0.4158133566379547,-0.06381694972515106,0.3257007896900177,0.4894273281097412,-0.04453391209244728,0.3171650171279907,0.5267267227172852,-0.02231260947883129
A,0.36467042565345764,0.7140650749206543,-3.931857861516619e-07,0.4337000250816345,0.6525824069976807,-0.026018736883997917,0.48458072543144226,0.5383783578872681,-0.03786151483654976,0.4581249952316284,0.44050419330596924,-0.04996458813548088,0.39324840903282166,0.4240177571773529,-0.056072693318128586,0.43878504633903503,0.43628957867622375,-0.004819813650101423,0.4647354483604431,0.35358017683029175,-0.040376242250204086,0.46053922176361084,0.4383118748664856,-0.05742121860384941,0.44648951292037964,0.4764466881752014,-0.06410378217697144,0.3861587345600128,0.435627818107605,-0.009994231164455414,0.40945711731910706,0.3469666838645935,-0.04884321615099907,0.41422250866889954,0.45334139466285706,-0.058339182287454605,0.3989321291446686,0.4913574457168579,-0.05436255782842636,0.3349956274032593,0.452303022146225,-0.020496651530265808,0.3545536696910858,0.38041386008262634,-0.0664980337023735,0.3723016679286957,0.4922036826610565,-0.054796867072582245,0.36033329367637634,0.5380889773368835,-0.033291105180978775,0.2786623239517212,0.48024043440818787,-0.03207001835107803,0.3073485791683197,0.414743572473526,-0.057388901710510254,0.32961374521255493,0.48602691292762756,-0.03838454931974411,0.3219873011112213,0.5251146554946899,-0.01669890433549881
A,0.3621411919593811,0.7130724191665649,-3.726129591541394e-07,0.4346204996109009,0.6500647068023682,-0.027361305430531502,0.48666736483573914,0.5376873016357422,-0.04019532725214958,0.4601835012435913,0.4394981861114502,-0.05307387560606003,0.3957608640193939,0.42117035388946533,-0.0592133030295372,0.4394513964653015,0.437358021736145,-0.004512181039899588,0.4684458076953888,0.3553733229637146,-0.041022900491952896,0.4642186760902405,0.44495889544487,-0.05783895030617714,0.44785597920417786,0.4790855944156647,-0.06463806331157684,0.3871460258960724,0.43593430519104004,-0.009679234586656094,0.41262418031692505,0.34634965658187866,-0.05154386907815933,0.4170393645763397,0.4563977122306824,-0.06182682141661644,0.39913228154182434,0.4905102550983429,-0.057700015604496,0.3357442319393158,0.4515848457813263,-0.020404215902090073,0.3577098548412323,0.37796327471733093,-0.06911405920982361,0.37489739060401917,0.49249911308288574,-0.05681827664375305,0.36036717891693115,0.5341397523880005,-0.03422020003199577,0.27836865186691284,0.4782660901546478,-0.032242320477962494,0.3104306757450104,0.41695302724838257,-0.05920611694455147,0.33235928416252136,0.48998522758483887,-0.04018503427505493,0.32184720039367676,0.5257608294487,-0.018093034625053406
A,0.3653484284877777,0.7140718698501587,-3.956321847908839e-07,0.4356401264667511,0.6510944962501526,-0.024823317304253578,0.48586487770080566,0.5395388007164001,-0.036759842187166214,0.4598945379257202,0.4428565502166748,-0.04912521317601204,0.397224098443985,0.4195427894592285,-0.05508605018258095,0.4408107399940491,0.4410799741744995,-0.006007870193570852,0.46842193603515625,0.3562430441379547,-0.041943613439798355,0.4644927382469177,0.443708211183548,-0.057748943567276,0.45018506050109863,0.4800364077091217,-0.06364858150482178,0.3883071839809418,0.439681738615036,-0.011897862888872623,0.4134591519832611,0.3476784825325012,-0.051971543580293655,0.4178164005279541,0.4552183747291565,-0.060487885028123856,0.4019189774990082,0.4916258454322815,-0.05581170320510864,0.3367975652217865,0.45557862520217896,-0.022973794490098953,0.3580721914768219,0.3790360391139984,-0.07064184546470642,0.3753838539123535,0.4933176636695862,-0.05729332193732262,0.3628356158733368,0.5394641160964966,-0.034454505890607834,0.27955111861228943,0.4826369285583496,-0.034926071763038635,0.3104099631309509,0.4183938503265381,-0.062122054398059845,0.33303165435791016,0.49210667610168457,-0.04312726482748985,0.3249511122703552,0.531316876411438,-0.021184347569942474
A,0.3664464056491852,0.7177253365516663,-4.12640815738996e-07,0.4362177550792694,0.654511570930481,-0.02425880916416645,0.48706984519958496,0.5409860014915466,-0.03558323532342911,0.4626278877258301,0.44378727674484253,-0.04739755392074585,0.3991867005825043,0.42403554916381836,-0.05283510684967041,0.4422544240951538,0.4411068260669708,-0.00530663225799799,0.47176748514175415,0.35806697607040405,-0.04042652249336243,0.4668135643005371,0.44515255093574524,-0.05581699311733246,0.4517742097377777,0.4785526692867279,-0.06186990067362785,0.389321893453598,0.43945741653442383,-0.011599070392549038,0.415722131729126,0.34955739974975586,-0.05071542039513588,0.4199235439300537,0.4572443962097168,-0.058325737714767456,0.4045104384422302,0.4910469055175781,-0.05332237482070923,0.3376668691635132,0.45574069023132324,-0.023055436089634895,0.35975927114486694,0.38284143805503845,-0.06955254822969437,0.37779319286346436,0.4975008964538574,-0.05553559586405754,0.365743488073349,0.5411279797554016,-0.03273220732808113,0.28071457147598267,0.4834543764591217,-0.03545838221907616,0.31172290444374084,0.4208090603351593,-0.06095704808831215,0.3344672620296478,0.49378904700279236,-0.041114483028650284,0.32649561762809753,0.5304219126701355,-0.019113458693027496
A,0.36653560400009155,0.7199746370315552,-4.182948316611146e-07,0.4380594491958618,0.655753493309021,-0.024266326799988747,0.4889010190963745,0.5402498841285706,-0.03544774651527405,0.4622075855731964,0.44275784492492676,-0.04706462472677231,0.39870983362197876,0.42483967542648315,-0.05223332718014717,0.4420481324195862,0.4427624046802521,-0.00515809515491128,0.47164660692214966,0.3581081032752991,-0.03984340280294418,0.4676382541656494,0.44625091552734375,-0.05494190752506256,0.4517349600791931,0.48077157139778137,-0.06091592460870743,0.3896021544933319,0.4418625831604004,-0.011597498320043087,0.4157527685165405,0.34876537322998047,-0.0511772483587265,0.42024415731430054,0.4577348232269287,-0.05958451330661774,0.4026070237159729,0.49294352531433105,-0.05491243675351143,0.33862078189849854,0.4582953155040741,-0.023069282993674278,0.36037859320640564,0.38161543011665344,-0.06944350898265839,0.3782622218132019,0.4958421289920807,-0.05588652938604355,0.3640725910663605,0.5398547053337097,-0.03327857702970505,0.28208044171333313,0.48620209097862244,-0.035474278032779694,0.31267058849334717,0.4198538661003113,-0.060951922088861465,0.33544760942459106,0.49187904596328735,-0.041262466460466385,0.3258914351463318,0.5294229984283447,-0.019334089010953903
A,0.3631954491138458,0.7171854376792908,-3.97341437974319e-07,0.4341152012348175,0.6569010615348816,-0.025960823521018028,0.4860117733478546,0.5403155088424683,-0.03772663325071335,0.45914220809936523,0.44145458936691284,-0.04943186044692993,0.3944562077522278,0.42453354597091675,-0.05454318970441818,0.4387687146663666,0.4387691617012024,-0.007048370782285929,0.46681100130081177,0.3552209734916687,-0.043096914887428284,0.4641657769680023,0.44324201345443726,-0.05920286104083061,0.4491170346736908,0.47868889570236206,-0.06561867147684097,0.3851932883262634,0.4386167824268341,-0.01287686824798584,0.4102741777896881,0.34759315848350525,-0.05342616140842438,0.4169822037220001,0.4572312533855438,-0.06262645125389099,0.3996805250644684,0.4922666549682617,-0.05838711932301521,0.33370402455329895,0.456240713596344,-0.0238849688321352,0.3555677533149719,0.3827790915966034,-0.07084190845489502,0.37500327825546265,0.49732547998428345,-0.05748799070715904,0.3603892922401428,0.5391300916671753,-0.035128943622112274,0.27687638998031616,0.48490196466445923,-0.03597118332982063,0.3093056380748749,0.4230794608592987,-0.061488136649131775,0.3322703242301941,0.49498337507247925,-0.04182496666908264,0.3213818371295929,0.5290011763572693,-0.02003578655421734
A,0.3632333278656006,0.7186667323112488,-3.956602370180917e-07,0.43251460790634155,0.6549766659736633,-0.024674270302057266,0.4834069013595581,0.5401912927627563,-0.03649376705288887,0.45856666564941406,0.44258588552474976,-0.048919133841991425,0.3949081003665924,0.4255170226097107,-0.05466964468359947,0.4366404414176941,0.4409010708332062,-0.004445095546543598,0.46601685881614685,0.3571479916572571,-0.04066105931997299,0.4635876715183258,0.44607749581336975,-0.05658421665430069,0.4484822154045105,0.48137444257736206,-0.0626959353685379,0.38494884967803955,0.43982961773872375,-0.011097409762442112,0.41106513142585754,0.34976479411125183,-0.051406435668468475,0.41686129570007324,0.4588868319988251,-0.0601482056081295,0.3993808627128601,0.491815984249115,-0.05575712025165558,0.33450376987457275,0.4563724100589752,-0.023152315989136696,0.35756415128707886,0.3829316198825836,-0.07066778838634491,0.375361829996109,0.49785974621772766,-0.0572795607149601,0.3601174056529999,0.5395506620407104,-0.034683842211961746,0.2781465947628021,0.4838867783546448,-0.03619113564491272,0.31045645475387573,0.42088425159454346,-0.06195076182484627,0.3328063488006592,0.49330586194992065,-0.042235273867845535,0.3218235671520233,0.5282262563705444,-0.020299846306443214
A,0.36456528306007385,0.717427134513855,-3.703271715949086e-07,0.43519115447998047,0.6538808345794678,-0.02482535131275654,0.4846155345439911,0.5402865409851074,-0.03636869043111801,0.4583742320537567,0.44210419058799744,-0.04861773923039436,0.3961000442504883,0.4233095645904541,-0.05454087629914284,0.43949881196022034,0.443950891494751,-0.003701884299516678,0.4651845097541809,0.3561035692691803,-0.039492323994636536,0.4642428159713745,0.441992849111557,-0.05640275403857231,0.4516006112098694,0.48163869976997375,-0.06290680170059204,0.38758403062820435,0.44308364391326904,-0.01002870686352253,0.4108474850654602,0.3483878970146179,-0.04916961118578911,0.4173107147216797,0.4537176191806793,-0.05873223766684532,0.40158697962760925,0.4919407367706299,-0.054821908473968506,0.3366250991821289,0.4592313766479492,-0.02180764265358448,0.35701751708984375,0.38087254762649536,-0.06798619776964188,0.3750273883342743,0.49345362186431885,-0.055386513471603394,0.3618439733982086,0.5404535531997681,-0.0332491509616375,0.2798159420490265,0.48674023151397705,-0.03471529483795166,0.30972927808761597,0.4201672673225403,-0.06050773337483406,0.3322189152240753,0.4917844235897064,-0.04145640507340431,0.32348284125328064,0.530985951423645,-0.019772779196500778
A,0.3648729622364044,0.7261873483657837,-4.362908896382578e-07,0.4366568326950073,0.6620727777481079,-0.025293944403529167,0.4900572896003723,0.5454169511795044,-0.03644907474517822,0.4642150402069092,0.444830060005188,-0.047886185348033905,0.39930182695388794,0.42723754048347473,-0.053041040897369385,0.4439466595649719,0.44455522298812866,-0.004885074682533741,0.4716827869415283,0.35916024446487427,-0.0394863560795784,0.4669538736343384,0.4468270540237427,-0.05588829144835472,0.45093315839767456,0.4836293160915375,-0.06259730458259583,0.39087462425231934,0.4427744746208191,-0.010706364177167416,0.41461604833602905,0.35013294219970703,-0.048807982355356216,0.4195018410682678,0.45723462104797363,-0.05762897804379463,0.40379732847213745,0.49536851048469543,-0.05328778922557831,0.33912983536720276,0.45853081345558167,-0.021654192358255386,0.3582441508769989,0.3858919143676758,-0.06710045784711838,0.3774140477180481,0.4990037977695465,-0.05464961752295494,0.3666639029979706,0.5456312894821167,-0.03267539665102959,0.28224578499794006,0.48591822385787964,-0.03368114307522774,0.3118138611316681,0.4199911952018738,-0.05885547399520874,0.3347894549369812,0.4931325316429138,-0.0393490232527256,0.32797715067863464,0.5344681143760681,-0.017319627106189728
A,0.3646588921546936,0.7170459628105164,-3.9302139498431643e-07,0.43893173336982727,0.6497932076454163,-0.02439846284687519,0.4876849055290222,0.5371627807617188,-0.03556095436215401,0.4613128900527954,0.43971624970436096,-0.047804806381464005,0.39832261204719543,0.4213126599788666,-0.05369710177183151,0.4412290155887604,0.43823957443237305,-0.0022748508490622044,0.4666082262992859,0.3530008792877197,-0.037898268550634384,0.46212238073349,0.44216474890708923,-0.05437913537025452,0.4479081630706787,0.4803445339202881,-0.06063849478960037,0.3890904486179352,0.4389028251171112,-0.008721062913537025,0.41330721974372864,0.345392107963562,-0.0499262735247612,0.4163256585597992,0.45466896891593933,-0.05963727831840515,0.40100401639938354,0.4946313202381134,-0.05473458766937256,0.3379615247249603,0.4549233615398407,-0.02054179273545742,0.35743504762649536,0.3767838776111603,-0.0682181715965271,0.3735782504081726,0.4892997741699219,-0.055861931294202805,0.36286410689353943,0.5356540679931641,-0.03288114070892334,0.2813982665538788,0.4820908308029175,-0.03337574750185013,0.3098990321159363,0.4147969186306,-0.05967270955443382,0.33074256777763367,0.48722678422927856,-0.0404665432870388,0.3238140344619751,0.5275751352310181,-0.01805073767900467
A,0.36939552426338196,0.7199766635894775,-3.823765837296378e-07,0.4429314434528351,0.6548314094543457,-0.023540541529655457,0.48989588022232056,0.543165385723114,-0.034377049654722214,0.46209847927093506,0.4458146393299103,-0.04638462886214256,0.3995148241519928,0.42624813318252563,-0.052591472864151,0.44151926040649414,0.446977823972702,-0.002748949686065316,0.47036635875701904,0.35973960161209106,-0.038554735481739044,0.46640387177467346,0.4421323537826538,-0.055755190551280975,0.4505753219127655,0.484393447637558,-0.06231756880879402,0.3900255262851715,0.44531136751174927,-0.009182658977806568,0.4150976240634918,0.3535557687282562,-0.04902515560388565,0.4197768568992615,0.4559619128704071,-0.06012169271707535,0.4038778841495514,0.4957743287086487,-0.05725039914250374,0.3395625650882721,0.4602751135826111,-0.020793138071894646,0.36143922805786133,0.38625261187553406,-0.06789090484380722,0.3773099482059479,0.49664172530174255,-0.05782648175954819,0.3638543486595154,0.5439294576644897,-0.0371127612888813,0.28349030017852783,0.4866377115249634,-0.03321834281086922,0.3134317398071289,0.42182615399360657,-0.05993892624974251,0.3349941670894623,0.49372655153274536,-0.04243236407637596,0.3269294202327728,0.5336650609970093,-0.021655287593603134
A,0.4086817800998688,0.7190651297569275,-3.8324930073940777e-07,0.48309221863746643,0.6509096622467041,-0.024699166417121887,0.53765469789505,0.5379068851470947,-0.036962490528821945,0.5148175358772278,0.43797382712364197,-0.050867196172475815,0.44678497314453125,0.4192233681678772,-0.05944991484284401,0.486249715089798,0.43022236227989197,-0.0001468998525524512,0.5182271003723145,0.3444266617298126,-0.03812727704644203,0.5139712691307068,0.42609354853630066,-0.058761872351169586,0.4980974495410919,0.46786266565322876,-0.06747612357139587,0.4316490888595581,0.4276733100414276,-0.006867785472422838,0.4638745188713074,0.34322795271873474,-0.046524662524461746,0.46695688366889954,0.4539070129394531,-0.057459957897663116,0.44864943623542786,0.493346244096756,-0.05453800782561302,0.3775189518928528,0.44250133633613586,-0.019525544717907906,0.4056036174297333,0.37148115038871765,-0.06699647754430771,0.4220942556858063,0.48757344484329224,-0.0560893788933754,0.4080221354961395,0.5356032848358154,-0.03475833684206009,0.317341148853302,0.4701368510723114,-0.03329553082585335,0.3547644317150116,0.4025839865207672,-0.059460729360580444,0.3757169842720032,0.47644102573394775,-0.0398615300655365,0.3653242588043213,0.5170221924781799,-0.01747986301779747
A,0.42118722200393677,0.7190823554992676,-3.994555868302996e-07,0.49449774622917175,0.643332839012146,-0.022934697568416595,0.5478965640068054,0.5281375646591187,-0.03417220711708069,0.5232586860656738,0.4303705096244812,-0.047667246311903,0.45672622323036194,0.41272684931755066,-0.05531445890665054,0.49892303347587585,0.41894930601119995,0.005167132243514061,0.5313482880592346,0.3374546468257904,-0.03312262147665024,0.525105893611908,0.4203929007053375,-0.05302077904343605,0.5081519484519958,0.46045467257499695,-0.06102889031171799,0.4433647394180298,0.4168667793273926,-0.0027331376913934946,0.47478237748146057,0.33148127794265747,-0.04390903562307358,0.47548791766166687,0.4435851573944092,-0.0549490861594677,0.45721134543418884,0.4808419346809387,-0.05121070519089699,0.3881487250328064,0.4311267137527466,-0.016864078119397163,0.41902631521224976,0.36371955275535583,-0.06697612255811691,0.43127530813217163,0.48198944330215454,-0.05724025517702103,0.41371169686317444,0.5264759063720703,-0.03566501662135124,0.3261580765247345,0.45921725034713745,-0.03173409029841423,0.3673439025878906,0.3957112431526184,-0.05872895196080208,0.38606101274490356,0.4722588062286377,-0.039442941546440125,0.37267449498176575,0.5102100372314453,-0.016915997490286827
A,0.46887049078941345,0.9177272319793701,-8.669204589750734e-07,0.6322587728500366,0.8036558628082275,-0.05118903890252113,0.7625429034233093,0.569675862789154,-0.07290544360876083,0.7472859025001526,0.3509273827075958,-0.0989389717578888,0.607775866985321,0.2890303432941437,-0.11105311661958694,0.6804900765419006,0.3262401819229126,0.025284847244620323,0.753460705280304,0.16608569025993347,-0.05892995744943619,0.7281184196472168,0.3405078053474426,-0.10822465270757675,0.684023380279541,0.4184805154800415,-0.1292356252670288,0.5750212669372559,0.30337560176849365,0.008888358250260353,0.6470109820365906,0.12801200151443481,-0.08602844178676605,0.6379269361495972,0.3526715934276581,-0.12020996958017349,0.5986969470977783,0.4249752163887024,-0.11604411154985428,0.4645122289657593,0.3163422644138336,-0.02181151695549488,0.5293869972229004,0.19226235151290894,-0.13097472488880157,0.5430737137794495,0.44170647859573364,-0.11440723389387131,0.5078025460243225,0.5290895700454712,-0.06895749270915985,0.34487810730934143,0.3489534854888916,-0.05543765053153038,0.4238832890987396,0.24354484677314758,-0.1145593672990799,0.450145959854126,0.4060139060020447,-0.07769843190908432,0.421810507774353,0.4700075387954712,-0.031695153564214706
A,0.4576627016067505,0.92849200963974,-8.192336053980398e-07,0.6179884672164917,0.8213632702827454,-0.05618175119161606,0.7531355619430542,0.5868683457374573,-0.0791332870721817,0.7388113737106323,0.3693090081214905,-0.10509365797042847,0.6018413305282593,0.31489041447639465,-0.11460112035274506,0.6691402196884155,0.3256010413169861,0.020043738186359406,0.7402564287185669,0.168125182390213,-0.0661117359995842,0.7195130586624146,0.35495710372924805,-0.11161255091428757,0.6835328936576843,0.42205706238746643,-0.12981122732162476,0.5622153282165527,0.3076004683971405,0.0053711156360805035,0.6369001865386963,0.14102917909622192,-0.09325259178876877,0.6282139420509338,0.3724121153354645,-0.12283436208963394,0.5897157788276672,0.43261754512786865,-0.11432494968175888,0.45087695121765137,0.32514679431915283,-0.024697469547390938,0.5189523100852966,0.2112160325050354,-0.1349288523197174,0.5332555770874023,0.4619905650615692,-0.11426244676113129,0.4996073842048645,0.5393261909484863,-0.0659416913986206,0.334247350692749,0.36045512557029724,-0.05850554630160332,0.41593581438064575,0.2718077301979065,-0.11586493253707886,0.4397589862346649,0.42989709973335266,-0.07857699692249298,0.4090436100959778,0.4832664728164673,-0.03252558037638664
A,0.4571780562400818,0.9154053926467896,-7.927811793706496e-07,0.6147803068161011,0.812918484210968,-0.05415024608373642,0.7470078468322754,0.5833300948143005,-0.07757007330656052,0.7356910705566406,0.3671276867389679,-0.10386993736028671,0.6007488965988159,0.30566680431365967,-0.11480432748794556,0.669265866279602,0.33115682005882263,0.015155041590332985,0.7397456169128418,0.17291906476020813,-0.07019171118736267,0.7178587317466736,0.35125479102134705,-0.11672119051218033,0.6796253323554993,0.4233649969100952,-0.1358422189950943,0.5636235475540161,0.31337711215019226,-0.0005035751964896917,0.6375296711921692,0.13997098803520203,-0.0973602905869484,0.6290487051010132,0.3619401752948761,-0.12824633717536926,0.5905144214630127,0.4290212094783783,-0.12141196429729462,0.45303380489349365,0.33053848147392273,-0.030636021867394447,0.5214211344718933,0.21359632909297943,-0.13980615139007568,0.5345872044563293,0.4604686200618744,-0.12091367691755295,0.4997144639492035,0.5412762761116028,-0.07425890117883682,0.3373377323150635,0.3661209046840668,-0.06412527710199356,0.42001938819885254,0.27674442529678345,-0.12334467470645905,0.4421638250350952,0.43333306908607483,-0.08768065273761749,0.41028308868408203,0.488366037607193,-0.04289107024669647
A,0.4526973068714142,0.9086911082267761,-7.657152991669136e-07,0.6203410029411316,0.7928797006607056,-0.04492859169840813,0.7515413761138916,0.5753087401390076,-0.06563141942024231,0.7429156303405762,0.36367401480674744,-0.09277546405792236,0.6096837520599365,0.298909068107605,-0.10622663050889969,0.6744915246963501,0.32682371139526367,0.03501017391681671,0.7522589564323425,0.1761428415775299,-0.050080638378858566,0.7247331142425537,0.3462160527706146,-0.10072684288024902,0.6831578016281128,0.419159859418869,-0.1220272108912468,0.5709301233291626,0.3067856431007385,0.01491086557507515,0.6487383842468262,0.1394203007221222,-0.08146479725837708,0.6348092555999756,0.35219183564186096,-0.11749453842639923,0.595183789730072,0.4205172657966614,-0.11414200812578201,0.46205228567123413,0.3187680244445801,-0.019910259172320366,0.5331516265869141,0.20462772250175476,-0.1281503438949585,0.5396210551261902,0.4441254436969757,-0.11339332908391953,0.5014016032218933,0.5263727903366089,-0.06903176754713058,0.3465993404388428,0.34821370244026184,-0.05742165073752403,0.43179333209991455,0.24956820905208588,-0.11415492743253708,0.4505886137485504,0.4072425961494446,-0.07772181928157806,0.4184183180332184,0.47025540471076965,-0.03210718557238579
A,0.45981043577194214,0.9087966680526733,-8.072398713920848e-07,0.6273655295372009,0.8013761043548584,-0.05008358880877495,0.7597618103027344,0.5805308222770691,-0.07242658734321594,0.7510555982589722,0.36487913131713867,-0.10007183253765106,0.6181944608688354,0.3009057343006134,-0.11275283247232437,0.6792713403701782,0.32855287194252014,0.028333455324172974,0.7573902606964111,0.17441093921661377,-0.05936194211244583,0.7322388291358948,0.3534236252307892,-0.10732351988554001,0.6929032802581787,0.4202081263065338,-0.1268153339624405,0.574700653553009,0.31004631519317627,0.00970857497304678,0.6555460095405579,0.14294299483299255,-0.091000996530056,0.6427123546600342,0.3685992658138275,-0.12352770566940308,0.6014836430549622,0.42781710624694824,-0.1169828549027443,0.4650607705116272,0.3242640197277069,-0.024233026430010796,0.5402790904045105,0.2060147225856781,-0.1386181265115738,0.5487688779830933,0.4544183015823364,-0.12036379426717758,0.5101738572120667,0.5299416184425354,-0.07265378534793854,0.34845393896102905,0.3561190068721771,-0.0609745979309082,0.4399023652076721,0.2580203413963318,-0.12208593636751175,0.4589490294456482,0.42076507210731506,-0.08482466638088226,0.4234065115451813,0.48070216178894043,-0.03804537281394005
A,0.4481043815612793,0.9000409841537476,-7.881003512011375e-07,0.6077843904495239,0.798771321773529,-0.05106934905052185,0.7406545877456665,0.5759255886077881,-0.07300247251987457,0.7360906004905701,0.360975444316864,-0.0987931340932846,0.6035381555557251,0.2987714409828186,-0.11018145084381104,0.6666614413261414,0.3277797996997833,0.01879112981259823,0.740959882736206,0.17700469493865967,-0.06216635927557945,0.7144976854324341,0.3544171154499054,-0.10602760314941406,0.6780687570571899,0.41816702485084534,-0.12433767318725586,0.5639157891273499,0.3058176040649414,0.002608854789286852,0.6403570175170898,0.14017310738563538,-0.0909406766295433,0.6245864033699036,0.35937753319740295,-0.11976194381713867,0.5855562686920166,0.4219347834587097,-0.11227890849113464,0.45504170656204224,0.3174651861190796,-0.02755441516637802,0.5219080448150635,0.19836418330669403,-0.13324163854122162,0.5288028717041016,0.4418804347515106,-0.11355076730251312,0.49461477994918823,0.5240436792373657,-0.06698409467935562,0.33945581316947937,0.34639570116996765,-0.06088264659047127,0.41779059171676636,0.2502925992012024,-0.1176132783293724,0.4393153190612793,0.4081073999404907,-0.08120527118444443,0.41247451305389404,0.4709104895591736,-0.035970039665699005
A,0.44617778062820435,0.9070274829864502,-7.882433123995725e-07,0.6046001315116882,0.8094449043273926,-0.051730576902627945,0.7386780977249146,0.5843212008476257,-0.07271765172481537,0.7312928438186646,0.36835142970085144,-0.09709513187408447,0.5995616912841797,0.30992621183395386,-0.10651390999555588,0.666622519493103,0.3340499997138977,0.020043056458234787,0.7380045652389526,0.17833200097084045,-0.060602884739637375,0.7124766707420349,0.35302814841270447,-0.10420560091733932,0.6765810251235962,0.4175582826137543,-0.12232376635074615,0.5632845163345337,0.3129194974899292,0.0043378532864153385,0.6376230716705322,0.14417779445648193,-0.08892306685447693,0.6237379908561707,0.3616010546684265,-0.11819234490394592,0.5865196585655212,0.4237104654312134,-0.11091458052396774,0.4540560841560364,0.32617881894111633,-0.025421278551220894,0.5204041004180908,0.20811501145362854,-0.1313098967075348,0.529332160949707,0.45186859369277954,-0.11159735172986984,0.4964126646518707,0.5331066846847534,-0.06498117744922638,0.33936232328414917,0.3573879599571228,-0.058445125818252563,0.4188580811023712,0.26434195041656494,-0.11555524170398712,0.44046980142593384,0.4222385287284851,-0.07902861386537552,0.4124641418457031,0.4821791648864746,-0.033759523183107376
A,0.4387770891189575,0.9076249599456787,-8.066363079706207e-07,0.5967620015144348,0.8006001710891724,-0.05481509119272232,0.7312061190605164,0.5810359120368958,-0.079957015812397,0.7239919304847717,0.3661605417728424,-0.10849630832672119,0.59166020154953,0.3007560968399048,-0.12164635211229324,0.6546909809112549,0.3309593200683594,0.022457892075181007,0.7286440134048462,0.18595552444458008,-0.06337935477495193,0.7014426589012146,0.3665536344051361,-0.11088132113218307,0.6648701429367065,0.43407902121543884,-0.13047587871551514,0.551336407661438,0.3111935257911682,0.00749700702726841,0.6254897713661194,0.1517835259437561,-0.09000028669834137,0.608585774898529,0.37731635570526123,-0.11986133456230164,0.5697615742683411,0.44091203808784485,-0.11194002628326416,0.44374364614486694,0.3238527178764343,-0.022968079894781113,0.509190559387207,0.20327156782150269,-0.1308153122663498,0.5147685408592224,0.44342705607414246,-0.11131487786769867,0.479863703250885,0.519198477268219,-0.06460244953632355,0.3292964696884155,0.3546074628829956,-0.05703745409846306,0.4088192582130432,0.2615165114402771,-0.11430361866950989,0.42692670226097107,0.421371728181839,-0.07832150906324387,0.39787721633911133,0.48168307542800903,-0.0331885851919651
A,0.4472273290157318,0.9522944688796997,-9.870251460597501e-07,0.6161985397338867,0.8348941206932068,-0.06094411760568619,0.7592048048973083,0.581712543964386,-0.09127168357372284,0.744611918926239,0.3358312249183655,-0.12486886233091354,0.5951234102249146,0.25462114810943604,-0.14072227478027344,0.6872528195381165,0.3345007598400116,0.004244732670485973,0.7693066000938416,0.13506385684013367,-0.09250663965940475,0.7337201833724976,0.3392091989517212,-0.1423134058713913,0.6894850134849548,0.4237349331378937,-0.16290047764778137,0.5702646374702454,0.3038058578968048,-0.014755526557564735,0.6548969745635986,0.074490487575531,-0.12449891865253448,0.6361850500106812,0.32331228256225586,-0.155070498585701,0.5937209725379944,0.40217211842536926,-0.1451362520456314,0.4467509984970093,0.3132019639015198,-0.049032069742679596,0.5140867233276367,0.13515159487724304,-0.16962872445583344,0.5264551043510437,0.4085618257522583,-0.1436094492673874,0.49077385663986206,0.5062223672866821,-0.08928332477807999,0.31324824690818787,0.3436275124549866,-0.08721005171537399,0.3860708475112915,0.21552307903766632,-0.1534436047077179,0.4169314503669739,0.3843992054462433,-0.11299662292003632,0.3912038207054138,0.45311880111694336,-0.0633348599076271
A,0.456731915473938,0.9615413546562195,-9.219269827553944e-07,0.6272539496421814,0.8452792167663574,-0.06464804708957672,0.7718452215194702,0.5883385539054871,-0.09484637528657913,0.7615748643875122,0.33649230003356934,-0.12949660420417786,0.6125419735908508,0.23305493593215942,-0.14566761255264282,0.7088624238967896,0.31860625743865967,0.01633472554385662,0.7891582250595093,0.1146358847618103,-0.08814015239477158,0.7498617172241211,0.31743595004081726,-0.1438581794500351,0.7054975628852844,0.4151493310928345,-0.16426634788513184,0.5898137092590332,0.28818464279174805,-0.0012334176572039723,0.671574056148529,0.0543188750743866,-0.11765794456005096,0.65191650390625,0.30352798104286194,-0.15288865566253662,0.6160057783126831,0.39232632517814636,-0.14221248030662537,0.46194154024124146,0.2975134253501892,-0.036382872611284256,0.5300936102867126,0.12336036562919617,-0.1651850938796997,0.538296639919281,0.40473219752311707,-0.14265617728233337,0.5048651099205017,0.5144366025924683,-0.08578693121671677,0.32334768772125244,0.32624107599258423,-0.07572921365499496,0.3975171744823456,0.19553838670253754,-0.14543965458869934,0.4264979958534241,0.36594367027282715,-0.1053553894162178,0.40261682868003845,0.43868446350097656,-0.05295417457818985
A,0.4423045814037323,0.9365993142127991,-1.0332869351259433e-06,0.6201989054679871,0.8381555676460266,-0.06848042458295822,0.7756683826446533,0.5653682947158813,-0.09692683070898056,0.7689740657806396,0.3030264973640442,-0.12791672348976135,0.6178735494613647,0.20762591063976288,-0.13927966356277466,0.7099258303642273,0.2833497226238251,0.011970505118370056,0.7967174053192139,0.08573693037033081,-0.09111707657575607,0.757121205329895,0.2995520234107971,-0.14781345427036285,0.7052966356277466,0.39023882150650024,-0.17126095294952393,0.5882173180580139,0.2516081929206848,-0.003796276869252324,0.6779333353042603,0.028945863246917725,-0.1193595826625824,0.6579649448394775,0.27994203567504883,-0.15537294745445251,0.6133589744567871,0.3624750077724457,-0.1469138115644455,0.4619502127170563,0.2628477215766907,-0.037309180945158005,0.5370704531669617,0.09199336171150208,-0.1609024554491043,0.5435479283332825,0.36927884817123413,-0.13596652448177338,0.5036203861236572,0.46933621168136597,-0.08069290965795517,0.32848119735717773,0.2956341505050659,-0.076268270611763,0.4104902446269989,0.17413121461868286,-0.14415381848812103,0.43504422903060913,0.3447836637496948,-0.10553084313869476,0.4053460955619812,0.4102512300014496,-0.05584978312253952
A,0.4370731711387634,0.9424580335617065,-1.1342901871103095e-06,0.6199572682380676,0.8261091113090515,-0.06512608379125595,0.7665421962738037,0.5456252694129944,-0.09270168095827103,0.7564414739608765,0.28550755977630615,-0.12520870566368103,0.6066217422485352,0.18940311670303345,-0.13832218945026398,0.6995579600334167,0.25851866602897644,0.024622948840260506,0.7839973568916321,0.06763920187950134,-0.089350625872612,0.747700035572052,0.2867848873138428,-0.15510378777980804,0.6879715323448181,0.3939504623413086,-0.18150970339775085,0.5730622410774231,0.2294643223285675,0.005695139989256859,0.656513512134552,-0.0008371174335479736,-0.11829795688390732,0.6459400653839111,0.2529778778553009,-0.16128601133823395,0.6024990677833557,0.3431812524795532,-0.1558028608560562,0.4451453387737274,0.24374045431613922,-0.032575830817222595,0.5211395025253296,0.08470088243484497,-0.1656978726387024,0.5335267782211304,0.366879940032959,-0.14502941071987152,0.49136143922805786,0.46729475259780884,-0.08969723433256149,0.3109414577484131,0.2802145481109619,-0.07584330439567566,0.39947259426116943,0.16850504279136658,-0.14600390195846558,0.42428597807884216,0.3384649157524109,-0.10721157491207123,0.3887394368648529,0.39544612169265747,-0.0567924790084362
A,0.4187159240245819,0.9519972801208496,-1.1295010153844487e-06,0.5974870920181274,0.8386906385421753,-0.0604897141456604,0.747314453125,0.5622916221618652,-0.08809361606836319,0.7399954795837402,0.3057706952095032,-0.12074937671422958,0.5898488163948059,0.20981337130069733,-0.13434939086437225,0.684505820274353,0.287638783454895,0.015433071181178093,0.7707921862602234,0.08979430794715881,-0.08721573650836945,0.7341163158416748,0.3034920394420624,-0.1417621672153473,0.6881188750267029,0.3926689028739929,-0.1647140085697174,0.5609550476074219,0.2552032470703125,-0.005685932002961636,0.6523515582084656,0.03127008676528931,-0.12238402664661407,0.6294071078300476,0.29286202788352966,-0.15632452070713043,0.5810809135437012,0.3725586235523224,-0.14742887020111084,0.43175339698791504,0.26456838846206665,-0.044091496616601944,0.5085414052009583,0.08990272879600525,-0.169294074177742,0.5159216523170471,0.37320560216903687,-0.1432638168334961,0.47247394919395447,0.4689345955848694,-0.08849749714136124,0.29492878913879395,0.29519563913345337,-0.0870068147778511,0.38062500953674316,0.17816394567489624,-0.1541653871536255,0.404257595539093,0.34844398498535156,-0.11456171423196793,0.3679368495941162,0.4037210941314697,-0.06596231460571289
A,0.4218813180923462,0.9621360301971436,-1.1371603250154294e-06,0.5977456569671631,0.8418899774551392,-0.06192648410797119,0.7438756227493286,0.5668030977249146,-0.09056327491998672,0.7323642373085022,0.30846163630485535,-0.12367131561040878,0.585561215877533,0.21838723123073578,-0.1386650949716568,0.6748398542404175,0.30077290534973145,0.00875296164304018,0.7612030506134033,0.09650954604148865,-0.09174591302871704,0.7301927208900452,0.31134530901908875,-0.14597398042678833,0.6827553510665894,0.40431758761405945,-0.16927140951156616,0.5539211630821228,0.2711123526096344,-0.010519134812057018,0.6475155353546143,0.04450106620788574,-0.1237490251660347,0.6277599334716797,0.30546504259109497,-0.15784236788749695,0.5766674876213074,0.3851708471775055,-0.1505788117647171,0.4266600012779236,0.2808421552181244,-0.04623120278120041,0.5026937127113342,0.10543978214263916,-0.16886062920093536,0.5144774913787842,0.3842482566833496,-0.1448841691017151,0.47175490856170654,0.47898927330970764,-0.0925339013338089,0.29021912813186646,0.3108992874622345,-0.08631603419780731,0.376746267080307,0.19068153202533722,-0.152130588889122,0.40420517325401306,0.35886555910110474,-0.11274674534797668,0.36781632900238037,0.41676485538482666,-0.0649452805519104
A,0.4161936938762665,0.9622131586074829,-1.0194791002504644e-06,0.592778205871582,0.8474893569946289,-0.06795412302017212,0.7441995739936829,0.5791276693344116,-0.0992124006152153,0.7322555184364319,0.32148897647857666,-0.13397561013698578,0.583807110786438,0.22676914930343628,-0.14935928583145142,0.6726410388946533,0.31506067514419556,0.00918815191835165,0.7672595977783203,0.11607885360717773,-0.09467378258705139,0.7257769107818604,0.3230028450489044,-0.14934062957763672,0.671970009803772,0.4138106405735016,-0.17128415405750275,0.5521818399429321,0.28246164321899414,-0.008101041428744793,0.6458197236061096,0.05058547854423523,-0.12378152459859848,0.6242806911468506,0.3007519543170929,-0.15717624127864838,0.5784358382225037,0.38004279136657715,-0.14756760001182556,0.42481279373168945,0.29026275873184204,-0.04320212081074715,0.5018549561500549,0.10980433225631714,-0.1695430725812912,0.5115805864334106,0.39056748151779175,-0.1447051763534546,0.47105565667152405,0.49339354038238525,-0.0891999900341034,0.28850483894348145,0.3178955614566803,-0.083322674036026,0.3736318349838257,0.18856053054332733,-0.1517798900604248,0.4017634093761444,0.354856014251709,-0.11237520724534988,0.36981523036956787,0.41920506954193115,-0.0627744272351265
A,0.42376193404197693,0.9613393545150757,-9.823487516769092e-07,0.5975963473320007,0.8413569927215576,-0.06515875458717346,0.7447136640548706,0.5802302360534668,-0.09665000438690186,0.7356186509132385,0.32342642545700073,-0.1328233927488327,0.5885604023933411,0.21872687339782715,-0.15083317458629608,0.6746425628662109,0.31984061002731323,0.013052129186689854,0.7662895917892456,0.1143827736377716,-0.09309825301170349,0.7263197898864746,0.31285715103149414,-0.151926651597023,0.6728953123092651,0.4141213595867157,-0.17480581998825073,0.5543767809867859,0.286271870136261,-0.0043498133309185505,0.6459180116653442,0.05279836058616638,-0.12076731026172638,0.6251938343048096,0.2968617379665375,-0.15802784264087677,0.581157386302948,0.38575464487075806,-0.15037138760089874,0.4273322820663452,0.2919556498527527,-0.03940856084227562,0.5056918859481812,0.10696882009506226,-0.1653631329536438,0.5152906775474548,0.3822135627269745,-0.14397399127483368,0.4770701825618744,0.49314388632774353,-0.0900285467505455,0.2899881601333618,0.31898853182792664,-0.07914907485246658,0.3754258155822754,0.18589963018894196,-0.1475556343793869,0.40435850620269775,0.34978151321411133,-0.10976289957761765,0.3767527639865875,0.42038169503211975,-0.060522887855768204
A,0.4243321120738983,0.9691829681396484,-1.0483132655281224e-06,0.595804750919342,0.8516002893447876,-0.0692463293671608,0.744871973991394,0.5863022804260254,-0.10207364708185196,0.729668378829956,0.3348521888256073,-0.13729281723499298,0.5787091255187988,0.24553599953651428,-0.15203285217285156,0.6687708497047424,0.3258923888206482,0.002587326802313328,0.7626731991767883,0.13178589940071106,-0.10112792253494263,0.7225781679153442,0.35057663917541504,-0.15129350125789642,0.6743478775024414,0.4301425814628601,-0.17108438909053802,0.547662615776062,0.29340144991874695,-0.014598880894482136,0.6428834199905396,0.0633854866027832,-0.1339905560016632,0.6215384602546692,0.32895025610923767,-0.16395600140094757,0.5752076506614685,0.40216195583343506,-0.15098436176776886,0.42023271322250366,0.30174869298934937,-0.04907914623618126,0.49944180250167847,0.1257329285144806,-0.17892751097679138,0.5116351246833801,0.41322433948516846,-0.1508796215057373,0.47140082716941833,0.5064758062362671,-0.09250339865684509,0.28290969133377075,0.33021751046180725,-0.08810867369174957,0.3679199516773224,0.20694659650325775,-0.15683458745479584,0.39971640706062317,0.377366840839386,-0.11527330428361893,0.36894094944000244,0.4366488456726074,-0.06404571235179901
A,0.4261263906955719,0.9722655415534973,-9.586883606971242e-07,0.5948680639266968,0.8486490249633789,-0.06891530007123947,0.7454472780227661,0.5843216180801392,-0.10049504786729813,0.7297556400299072,0.33220943808555603,-0.13528014719486237,0.5792831778526306,0.23678365349769592,-0.15101130306720734,0.6706861853599548,0.3174664378166199,0.012397272512316704,0.7615482211112976,0.13684171438217163,-0.08802120387554169,0.7229691743850708,0.3421146869659424,-0.1413957178592682,0.6750762462615967,0.4214881360530853,-0.16370029747486115,0.5507818460464478,0.2848384976387024,-0.004877046681940556,0.6426498889923096,0.058937788009643555,-0.11807084083557129,0.6265214681625366,0.30382251739501953,-0.15080077946186066,0.5875093340873718,0.3759886920452118,-0.1411101371049881,0.4242307245731354,0.2960677146911621,-0.03989211842417717,0.501197099685669,0.12466439604759216,-0.1660020500421524,0.5152784585952759,0.40715187788009644,-0.1400570124387741,0.4782570004463196,0.5111796855926514,-0.08341089636087418,0.2872459292411804,0.33015555143356323,-0.07991593331098557,0.36866044998168945,0.1968725472688675,-0.1467026025056839,0.40088847279548645,0.3623761832714081,-0.10440929234027863,0.3749459385871887,0.42949378490448,-0.052583057433366776
A,0.4340663552284241,0.9640058875083923,-9.359187629343069e-07,0.6028301119804382,0.840265154838562,-0.06673385202884674,0.7474432587623596,0.5812796354293823,-0.09815462678670883,0.7337665557861328,0.33360642194747925,-0.13355791568756104,0.5850030183792114,0.23780813813209534,-0.15003551542758942,0.667556881904602,0.31397899985313416,0.014168398454785347,0.7601205110549927,0.13184818625450134,-0.08799232542514801,0.7221364974975586,0.3351280689239502,-0.1418149620294571,0.6736446022987366,0.41614270210266113,-0.16358962655067444,0.5487293601036072,0.2844570279121399,-0.003676518565043807,0.641783595085144,0.06470471620559692,-0.11940958350896835,0.6245132088661194,0.3135603964328766,-0.15324288606643677,0.5831843018531799,0.38293564319610596,-0.14372260868549347,0.4231393337249756,0.2963879108428955,-0.039278920739889145,0.5050674676895142,0.13208597898483276,-0.16728946566581726,0.5170353651046753,0.41201451420783997,-0.1433175653219223,0.47675469517707825,0.5065629482269287,-0.08760474622249603,0.2869799733161926,0.3299732208251953,-0.0794348493218422,0.3738133907318115,0.20312803983688354,-0.14682996273040771,0.4054509103298187,0.36800315976142883,-0.10603887587785721,0.3771798014640808,0.42955371737480164,-0.05521664023399353
A,0.42869457602500916,0.9630705118179321,-9.805623903957894e-07,0.6016871929168701,0.8433573246002197,-0.06755442172288895,0.7486110329627991,0.5837079286575317,-0.0984378308057785,0.7347768545150757,0.3344675302505493,-0.13263319432735443,0.5852876305580139,0.24937884509563446,-0.14731170237064362,0.6683357357978821,0.3248334527015686,0.010777654126286507,0.7596554756164551,0.1394854187965393,-0.08823942393064499,0.7234115600585938,0.349366158246994,-0.13759751617908478,0.6779296398162842,0.4226033389568329,-0.15748870372772217,0.5513230562210083,0.2953721284866333,-0.0060865203849971294,0.6436924338340759,0.0750541090965271,-0.12168554216623306,0.6262151002883911,0.3291231095790863,-0.1529192328453064,0.5829336047172546,0.3966693878173828,-0.1414840817451477,0.42744022607803345,0.3046472668647766,-0.040293656289577484,0.5050268173217773,0.13306960463523865,-0.1669793426990509,0.519411027431488,0.411709189414978,-0.14215761423110962,0.4810067117214203,0.5058146715164185,-0.0862533301115036,0.29357826709747314,0.33294838666915894,-0.07912623137235641,0.3767494559288025,0.20357438921928406,-0.1459241509437561,0.4088670611381531,0.3687386214733124,-0.10615048557519913,0.3813369572162628,0.43355777859687805,-0.05624188855290413
A,0.43993890285491943,0.9267247915267944,-9.146764909928606e-07,0.6186997890472412,0.8082749843597412,-0.05707814171910286,0.7553990483283997,0.5646803379058838,-0.08286349475383759,0.7520167231559753,0.316193550825119,-0.11627299338579178,0.6099611520767212,0.22068847715854645,-0.1329544335603714,0.6907030344009399,0.30840933322906494,0.03755926713347435,0.774109423160553,0.10869860649108887,-0.06268451362848282,0.7385792136192322,0.30164235830307007,-0.12224879860877991,0.6903814077377319,0.40202707052230835,-0.14544677734375,0.5767146944999695,0.281486451625824,0.01813424937427044,0.6613854169845581,0.05552864074707031,-0.09308342635631561,0.6440824270248413,0.2871048152446747,-0.1347189098596573,0.603904128074646,0.37506982684135437,-0.12999798357486725,0.4553389847278595,0.28929242491722107,-0.019439127296209335,0.5293141007423401,0.11799031496047974,-0.14121603965759277,0.5386499166488647,0.377206027507782,-0.126987487077713,0.5019541382789612,0.4858270585536957,-0.07736551016569138,0.3263654112815857,0.31319352984428406,-0.06129217892885208,0.406013548374176,0.1752425730228424,-0.12584029138088226,0.429634690284729,0.3327381908893585,-0.0901879072189331,0.40168872475624084,0.41158527135849,-0.04239724203944206
A,0.44156545400619507,0.9331027269363403,-9.913010217132978e-07,0.6184824705123901,0.8263798356056213,-0.0580008439719677,0.7618021368980408,0.565209686756134,-0.08317551016807556,0.7597209215164185,0.31746453046798706,-0.11345876008272171,0.6163575053215027,0.22471584379673004,-0.12492206692695618,0.6973852515220642,0.30295103788375854,0.022773128002882004,0.7823371887207031,0.10979217290878296,-0.07788264751434326,0.7453116178512573,0.3085991144180298,-0.13113941252231598,0.701524019241333,0.39432451128959656,-0.15179139375686646,0.5796551704406738,0.27399909496307373,0.0022051085252314806,0.6676822304725647,0.04748648405075073,-0.11300548166036606,0.64846271276474,0.29428964853286743,-0.14731886982917786,0.6076969504356384,0.3715740740299225,-0.13712716102600098,0.45494699478149414,0.2819596827030182,-0.03562862426042557,0.5344946980476379,0.11341384053230286,-0.1605040431022644,0.5406900644302368,0.39007487893104553,-0.13626980781555176,0.5003318786621094,0.4834860563278198,-0.08092572540044785,0.32431697845458984,0.30885690450668335,-0.07767149060964584,0.414107084274292,0.19201013445854187,-0.14331479370594025,0.4327389597892761,0.358712375164032,-0.10370466113090515,0.39557263255119324,0.41492608189582825,-0.05439633131027222
A,0.4471426010131836,0.9338868260383606,-9.523729431748507e-07,0.6247121095657349,0.8228939771652222,-0.057931311428546906,0.7677956223487854,0.5665850639343262,-0.08336533606052399,0.7641130089759827,0.31723448634147644,-0.11520994454622269,0.6198519468307495,0.2282509058713913,-0.12860901653766632,0.7014762163162231,0.3076140582561493,0.031745027750730515,0.7850473523139954,0.1150040328502655,-0.07028625160455704,0.7502471208572388,0.31214505434036255,-0.12683671712875366,0.707370400428772,0.40470007061958313,-0.14900502562522888,0.5844230651855469,0.27753642201423645,0.011181950569152832,0.6696813702583313,0.056108295917510986,-0.10597317665815353,0.6524543762207031,0.2958587408065796,-0.14466099441051483,0.6141412258148193,0.3735765814781189,-0.13704124093055725,0.460336297750473,0.2834106683731079,-0.02754540555179119,0.5371382236480713,0.11630183458328247,-0.1548813432455063,0.5447974801063538,0.38691237568855286,-0.13610991835594177,0.5063632726669312,0.48303288221359253,-0.08334415405988693,0.32931268215179443,0.30658912658691406,-0.07049129903316498,0.4149909019470215,0.18941344320774078,-0.1379687786102295,0.4360879063606262,0.35394906997680664,-0.1018364205956459,0.40365830063819885,0.41472479701042175,-0.054289814084768295
A,0.4609774053096771,0.9346237182617188,-8.759722618378873e-07,0.6332573890686035,0.8199778199195862,-0.05723566561937332,0.7739735841751099,0.5721577405929565,-0.08463586121797562,0.7732011675834656,0.3272107243537903,-0.11871199309825897,0.6353081464767456,0.22751721739768982,-0.13625186681747437,0.7110940217971802,0.30696189403533936,0.024132471531629562,0.7956419587135315,0.10609778761863708,-0.07500630617141724,0.7648013234138489,0.2941800653934479,-0.1310654729604721,0.718830943107605,0.3939535319805145,-0.1519753634929657,0.5966405868530273,0.278856098651886,0.0047023906372487545,0.686384916305542,0.049753814935684204,-0.10366623103618622,0.6723117828369141,0.28065401315689087,-0.14077921211719513,0.6321672201156616,0.3642200231552124,-0.13424336910247803,0.4740246534347534,0.28774553537368774,-0.03147519379854202,0.5523164868354797,0.11753678321838379,-0.15351687371730804,0.5619252324104309,0.38866135478019714,-0.13405194878578186,0.5243849754333496,0.49915990233421326,-0.08127610385417938,0.3417487144470215,0.3161361515522003,-0.07147333025932312,0.42749714851379395,0.178479865193367,-0.13693079352378845,0.4535598158836365,0.343126118183136,-0.09713142365217209,0.424113005399704,0.4201385974884033,-0.04646926373243332
A,0.45433104038238525,0.9294912815093994,-9.677175967226503e-07,0.6307075619697571,0.818728506565094,-0.054880619049072266,0.7745623588562012,0.5698692798614502,-0.08172257989645004,0.7744348049163818,0.32565197348594666,-0.11507156491279602,0.6335163116455078,0.23275883495807648,-0.13089297711849213,0.7052542567253113,0.30822253227233887,0.023085346445441246,0.7921602129936218,0.11035659909248352,-0.0784900113940239,0.760847806930542,0.3079546093940735,-0.13438107073307037,0.7154407501220703,0.4052991569042206,-0.15589572489261627,0.5891453623771667,0.2822490334510803,0.0015024648746475577,0.6806407570838928,0.05741068720817566,-0.11341062188148499,0.6630500555038452,0.3033401370048523,-0.15080182254314423,0.6170995831489563,0.38836750388145447,-0.1432119756937027,0.4667768180370331,0.2903653085231781,-0.03683886304497719,0.5498291254043579,0.1227264404296875,-0.16008378565311432,0.5565105676651001,0.39241859316825867,-0.1393272429704666,0.512924075126648,0.48784804344177246,-0.08660396188497543,0.3371812701225281,0.3162285089492798,-0.07897087931632996,0.42987263202667236,0.19365821778774261,-0.1433960646390915,0.4501558840274811,0.35797786712646484,-0.10463940352201462,0.41207921504974365,0.41990941762924194,-0.05596761405467987
A,0.4454560875892639,0.9310599565505981,-8.54143195283541e-07,0.6176778674125671,0.8303594589233398,-0.061801690608263016,0.767463743686676,0.5733056664466858,-0.08956943452358246,0.7670869827270508,0.3220336139202118,-0.12182824313640594,0.6230939626693726,0.22678795456886292,-0.1362498551607132,0.7056705355644226,0.2993386387825012,0.02261117473244667,0.793099045753479,0.11131474375724792,-0.07813561707735062,0.7563996315002441,0.30147290229797363,-0.13660688698291779,0.7066583633422852,0.39892247319221497,-0.16007846593856812,0.5878375172615051,0.26771342754364014,0.004581953398883343,0.6784729957580566,0.04574349522590637,-0.10723242908716202,0.6627126932144165,0.27368566393852234,-0.1460619568824768,0.6228826642036438,0.3598330318927765,-0.13960674405097961,0.46277332305908203,0.2765390872955322,-0.030872710049152374,0.5438684225082397,0.11606547236442566,-0.15345598757266998,0.5486803650856018,0.38524338603019714,-0.1345960795879364,0.5067337155342102,0.4883084297180176,-0.08262749016284943,0.33163243532180786,0.30671846866607666,-0.07083046436309814,0.42306622862815857,0.19350062310695648,-0.13697677850723267,0.4403962194919586,0.35785114765167236,-0.0996813252568245,0.40279626846313477,0.4193669557571411,-0.051291096955537796
A,0.44973447918891907,0.9427821636199951,-8.456652267341269e-07,0.6231047511100769,0.8332726955413818,-0.060563717037439346,0.7708449959754944,0.579100489616394,-0.08888706564903259,0.7620812058448792,0.3299674987792969,-0.12257039546966553,0.6159684658050537,0.23206478357315063,-0.13870468735694885,0.7028051614761353,0.3105008006095886,0.026079637929797173,0.7845968008041382,0.11678445339202881,-0.07910290360450745,0.753311276435852,0.30178776383399963,-0.1402631402015686,0.7040965557098389,0.4045375883579254,-0.16346003115177155,0.5851259231567383,0.27811241149902344,0.007687346078455448,0.670014500617981,0.05559799075126648,-0.10429169982671738,0.6618462800979614,0.282611608505249,-0.14433208107948303,0.626363217830658,0.3614201247692108,-0.13900287449359894,0.46149417757987976,0.28678175806999207,-0.028628086671233177,0.5379161834716797,0.12890443205833435,-0.15449471771717072,0.5474105477333069,0.39992785453796387,-0.13672761619091034,0.5071746706962585,0.5004501938819885,-0.0846378281712532,0.32931870222091675,0.31672608852386475,-0.06893289089202881,0.41664624214172363,0.19683527946472168,-0.1359740048646927,0.43904685974121094,0.3613901138305664,-0.09713072329759598,0.40544772148132324,0.42310279607772827,-0.04704833775758743
A,0.45672765374183655,0.9266626238822937,-7.696493753428513e-07,0.6344168782234192,0.8176590204238892,-0.05491047352552414,0.7804242968559265,0.5747739672660828,-0.0836893618106842,0.786320149898529,0.32733044028282166,-0.11981206387281418,0.6424458026885986,0.23587040603160858,-0.14098042249679565,0.7144824862480164,0.2954970896244049,0.022962301969528198,0.8037276864051819,0.10560670495033264,-0.07963523268699646,0.7726343870162964,0.2857067584991455,-0.14306259155273438,0.7191735506057739,0.39094701409339905,-0.1688200980424881,0.5996858477592468,0.26721125841140747,0.0012228256091475487,0.6941967010498047,0.04719942808151245,-0.10919248312711716,0.6803088784217834,0.2679789364337921,-0.15187861025333405,0.637214183807373,0.36337876319885254,-0.14944329857826233,0.4768204092979431,0.27793416380882263,-0.036816880106925964,0.562964677810669,0.11791813373565674,-0.15716831386089325,0.5663363933563232,0.3811383545398712,-0.14049793779850006,0.5232370495796204,0.49604088068008423,-0.09020386636257172,0.34546345472335815,0.3100821375846863,-0.07893601804971695,0.44046512246131897,0.18495798110961914,-0.14324453473091125,0.4611268639564514,0.3452982008457184,-0.10495012998580933,0.4272497594356537,0.4211755394935608,-0.05587309971451759
A,0.45470067858695984,0.9134702682495117,-9.491506034464692e-07,0.6332721710205078,0.7953478097915649,-0.05390462651848793,0.7717933654785156,0.5456569790840149,-0.07949109375476837,0.7681221961975098,0.3036430776119232,-0.1120278537273407,0.6285980343818665,0.20311538875102997,-0.12652797996997833,0.704380989074707,0.2819409966468811,0.03134679049253464,0.7914903163909912,0.0847206711769104,-0.07127927988767624,0.7606029510498047,0.2841567397117615,-0.12817071378231049,0.7126078605651855,0.3793051540851593,-0.14961262047290802,0.587781548500061,0.2551172077655792,0.009906490333378315,0.6796032786369324,0.029713332653045654,-0.10370498895645142,0.6642707586288452,0.279771625995636,-0.14110639691352844,0.6197367906570435,0.35943108797073364,-0.1336919516324997,0.4649648368358612,0.2644564211368561,-0.02898155152797699,0.5490139722824097,0.09905773401260376,-0.15409034490585327,0.5560768246650696,0.3751676082611084,-0.13243915140628815,0.5116680860519409,0.46692147850990295,-0.07848245650529861,0.3342530131340027,0.29262906312942505,-0.07131428271532059,0.42978572845458984,0.1698891967535019,-0.13633838295936584,0.44758737087249756,0.33719924092292786,-0.09531541168689728,0.4047226905822754,0.3950706720352173,-0.04465291649103165
A,0.46121352910995483,0.9269819259643555,-9.480255016569572e-07,0.6394610404968262,0.8185826539993286,-0.054858893156051636,0.7817946076393127,0.5668978095054626,-0.07961968332529068,0.779829740524292,0.32445862889289856,-0.11051910370588303,0.6403961777687073,0.23261550068855286,-0.12450429052114487,0.7149061560630798,0.3058907985687256,0.02241453342139721,0.8027635812759399,0.11163073778152466,-0.07305290549993515,0.7693868279457092,0.3059313893318176,-0.12533646821975708,0.7230659127235413,0.397085964679718,-0.14580252766609192,0.6000289916992188,0.2769281566143036,0.002008565003052354,0.6909576058387756,0.051117002964019775,-0.10523875057697296,0.673812985420227,0.29206472635269165,-0.1396927386522293,0.6302181482315063,0.3736754059791565,-0.13205711543560028,0.47706130146980286,0.283599317073822,-0.03439212217926979,0.5592144727706909,0.11450788378715515,-0.15385320782661438,0.567390501499176,0.38936060667037964,-0.13109026849269867,0.5263745188713074,0.49253299832344055,-0.0779118612408638,0.34607118368148804,0.3098602890968323,-0.07450900226831436,0.44113367795944214,0.17846575379371643,-0.13774733245372772,0.46328800916671753,0.3453826904296875,-0.0964934304356575,0.4263373613357544,0.4144662320613861,-0.046392202377319336
A,0.4628705680370331,0.944720983505249,-9.295738436776446e-07,0.6375128626823425,0.837823748588562,-0.05938034504652023,0.7861543893814087,0.593342661857605,-0.09015728533267975,0.7877621650695801,0.35010573267936707,-0.12610548734664917,0.6437873840332031,0.25694453716278076,-0.14447365701198578,0.7178188562393188,0.31772395968437195,0.013976004905998707,0.8038953542709351,0.1288590133190155,-0.08997482061386108,0.7750244140625,0.3288275897502899,-0.14694160223007202,0.7271479964256287,0.4190663695335388,-0.1694735884666443,0.6008815765380859,0.28876134753227234,-0.005917766597121954,0.6937296390533447,0.07498481869697571,-0.12085925787687302,0.6777963638305664,0.32665205001831055,-0.15738508105278015,0.6298395395278931,0.4008816182613373,-0.15013954043388367,0.4779798686504364,0.29936015605926514,-0.042259424924850464,0.5606077313423157,0.13975951075553894,-0.16620171070098877,0.5663564205169678,0.41154322028160095,-0.1424984633922577,0.5194097757339478,0.49689626693725586,-0.08855544030666351,0.3454536199569702,0.3309670686721802,-0.08255161345005035,0.4390336871147156,0.2153681367635727,-0.14733275771141052,0.46045535802841187,0.37950438261032104,-0.10593590140342712,0.41947704553604126,0.43318119645118713,-0.055419933050870895
A,0.4683375954627991,0.9551580548286438,-8.82651079336938e-07,0.6440746188163757,0.840147852897644,-0.055969659239053726,0.7915629148483276,0.602661669254303,-0.0872504785656929,0.7911002039909363,0.36282598972320557,-0.12532231211662292,0.6472404599189758,0.26993244886398315,-0.14715121686458588,0.7190012335777283,0.32368171215057373,0.022538475692272186,0.8050868511199951,0.13878920674324036,-0.08108565211296082,0.7802938222885132,0.3278982639312744,-0.139044389128685,0.731478750705719,0.4239412546157837,-0.16078805923461914,0.6039472222328186,0.2961832880973816,0.0014336301246657968,0.6991438865661621,0.08639270067214966,-0.11038711667060852,0.6845109462738037,0.33511945605278015,-0.14747419953346252,0.6362804770469666,0.4070063829421997,-0.14056310057640076,0.48354998230934143,0.30582696199417114,-0.03623322397470474,0.5674321055412292,0.15362313389778137,-0.16020570695400238,0.5736355185508728,0.4238432049751282,-0.13845612108707428,0.5257054567337036,0.5074526071548462,-0.08505237847566605,0.3521280884742737,0.33665338158607483,-0.07722922414541245,0.444196492433548,0.21278207004070282,-0.14112745225429535,0.46647295355796814,0.379736065864563,-0.09758657217025757,0.42664653062820435,0.43867817521095276,-0.04502156004309654
A,0.4628311097621918,0.9432523846626282,-8.778168876233394e-07,0.6384122967720032,0.8340946435928345,-0.0559590682387352,0.7851893305778503,0.5895776748657227,-0.08660992980003357,0.7928272485733032,0.3489952087402344,-0.12422177940607071,0.6496942639350891,0.25576430559158325,-0.14526258409023285,0.7216665744781494,0.3058909475803375,0.023110631853342056,0.8100783824920654,0.11963537335395813,-0.08283819258213043,0.7836601138114929,0.3123147487640381,-0.14521001279354095,0.7301545143127441,0.4128742814064026,-0.16957107186317444,0.6051592826843262,0.2789198160171509,0.0010419299360364676,0.6991662979125977,0.06747126579284668,-0.11271516233682632,0.6864106059074402,0.3146328628063202,-0.15321026742458344,0.6359513998031616,0.39728692173957825,-0.14824432134628296,0.48267269134521484,0.2893666625022888,-0.0379398874938488,0.5701680183410645,0.13393446803092957,-0.16121679544448853,0.5762544274330139,0.4063180387020111,-0.14035551249980927,0.5266575217247009,0.49895769357681274,-0.08748974651098251,0.3518821597099304,0.3209472894668579,-0.08088302612304688,0.45223313570022583,0.20485010743141174,-0.14546409249305725,0.47067832946777344,0.3702447712421417,-0.1039724200963974,0.42627936601638794,0.4292709231376648,-0.052890703082084656
A,0.4568142592906952,0.9480778574943542,-1.0426045946587692e-06,0.632101833820343,0.8406654596328735,-0.056209586560726166,0.7807179689407349,0.5935842990875244,-0.08516599237918854,0.7863278388977051,0.3505499064922333,-0.12027939409017563,0.642876923084259,0.26122578978538513,-0.13807588815689087,0.7133461236953735,0.32058459520339966,0.017034493386745453,0.8028439283370972,0.13078013062477112,-0.08405760675668716,0.7688788771629333,0.3357282876968384,-0.1392306238412857,0.7180715203285217,0.4274381399154663,-0.1609494388103485,0.5975193977355957,0.29190170764923096,-0.003972617443650961,0.693580150604248,0.0772085189819336,-0.1171620711684227,0.6728561520576477,0.3356460630893707,-0.15270201861858368,0.620936393737793,0.41367244720458984,-0.1447264701128006,0.47580114006996155,0.30023908615112305,-0.04101300984621048,0.560928463935852,0.1362892985343933,-0.16283711791038513,0.5675679445266724,0.4116177558898926,-0.13923461735248566,0.5212950706481934,0.5024113059043884,-0.08548907935619354,0.34544461965560913,0.3284689486026764,-0.08180233091115952,0.44173598289489746,0.20316800475120544,-0.14432471990585327,0.46409013867378235,0.3688352704048157,-0.10225845128297806,0.4241783320903778,0.42908692359924316,-0.05172296240925789
A,0.4699873924255371,0.9527231454849243,-9.40402344440372e-07,0.6494984030723572,0.839069128036499,-0.059005722403526306,0.7975873351097107,0.59972083568573,-0.09159782528877258,0.7942993640899658,0.3586253225803375,-0.13043664395809174,0.6487128734588623,0.2688543498516083,-0.152913898229599,0.7239363193511963,0.321871280670166,0.01540074311196804,0.8118849992752075,0.13658446073532104,-0.08786945044994354,0.7848308682441711,0.3321831226348877,-0.1454080194234848,0.7351915836334229,0.4300521910190582,-0.1674003005027771,0.6072778701782227,0.29434704780578613,-0.0048337350599467754,0.702985405921936,0.08086377382278442,-0.11623711884021759,0.6882549524307251,0.3366163969039917,-0.1509614735841751,0.6397068500518799,0.42127785086631775,-0.14236606657505035,0.4855715334415436,0.30280882120132446,-0.04170961305499077,0.570197582244873,0.1464117169380188,-0.1643075793981552,0.5790789127349854,0.4221251606941223,-0.14073994755744934,0.5342564582824707,0.5215504765510559,-0.0860564187169075,0.3537970185279846,0.333290696144104,-0.08263050019741058,0.44563162326812744,0.20423874258995056,-0.14648248255252838,0.4713020622730255,0.3699437081813812,-0.10371657460927963,0.43581318855285645,0.43886587023735046,-0.051702696830034256
A,0.46862033009529114,0.9535324573516846,-1.021572643367108e-06,0.6466069221496582,0.846767008304596,-0.055580805987119675,0.7957825064659119,0.6047050356864929,-0.08547388762235641,0.7943323254585266,0.3628501892089844,-0.12120053917169571,0.6485392451286316,0.27377766370773315,-0.14044779539108276,0.7179648280143738,0.33130815625190735,0.017272764816880226,0.8082076907157898,0.14724788069725037,-0.08693607151508331,0.7796642184257507,0.349316269159317,-0.1453585922718048,0.7245018482208252,0.4463410973548889,-0.16845634579658508,0.6032058000564575,0.3005020022392273,-0.004494736902415752,0.7004573345184326,0.08638682961463928,-0.11811742186546326,0.6878969073295593,0.3440668284893036,-0.1553960144519806,0.6355725526809692,0.42425838112831116,-0.14893190562725067,0.4837042987346649,0.3083106577396393,-0.04241727292537689,0.5699848532676697,0.1536892056465149,-0.16683584451675415,0.5792229175567627,0.43144118785858154,-0.1438957154750824,0.5297544598579407,0.5194515585899353,-0.09026147425174713,0.3542011082172394,0.3378738760948181,-0.08367756009101868,0.449840784072876,0.21427549421787262,-0.1478373408317566,0.4738551676273346,0.3844181001186371,-0.10458782315254211,0.4329140782356262,0.4430733919143677,-0.0530872642993927
A,0.4719929099082947,0.9384051561355591,-1.0534175771681475e-06,0.6446933150291443,0.8328536748886108,-0.05452979356050491,0.7893317937850952,0.5831870436668396,-0.08236505091190338,0.7956615090370178,0.3451883792877197,-0.11645033210515976,0.6534848809242249,0.2575189471244812,-0.13331067562103271,0.7231680750846863,0.30502212047576904,0.015539975836873055,0.8098948001861572,0.11507248878479004,-0.08439420908689499,0.7862494587898254,0.32052332162857056,-0.13819345831871033,0.7369864583015442,0.41155844926834106,-0.15891113877296448,0.6089522838592529,0.2812986373901367,-0.005324207711964846,0.7025017142295837,0.07216799259185791,-0.11675673723220825,0.6884018778800964,0.3356919586658478,-0.1503705233335495,0.6345974802970886,0.41152098774909973,-0.14180538058280945,0.4896376132965088,0.2930755615234375,-0.04201674088835716,0.573688805103302,0.1372547745704651,-0.16213449835777283,0.5811145901679993,0.41266050934791565,-0.13716952502727509,0.5312350988388062,0.49633991718292236,-0.08344002068042755,0.36093777418136597,0.32376912236213684,-0.08230850845575333,0.45639568567276,0.2020828127861023,-0.1435597687959671,0.47745954990386963,0.36778393387794495,-0.1008363664150238,0.4333513379096985,0.4224109947681427,-0.05053338780999184
A,0.46577224135398865,0.9294661283493042,-1.031604142553988e-06,0.646719217300415,0.8262714743614197,-0.05543610453605652,0.7944611310958862,0.585031270980835,-0.08396058529615402,0.7947291135787964,0.34601086378097534,-0.11779644340276718,0.6505628824234009,0.26043111085891724,-0.13494843244552612,0.7237740755081177,0.31149500608444214,0.014384959824383259,0.8151671290397644,0.13210058212280273,-0.08490558713674545,0.7843564748764038,0.33565959334373474,-0.13887901604175568,0.7334723472595215,0.4230182468891144,-0.16110824048519135,0.6073537468910217,0.2829359173774719,-0.006663699168711901,0.7048346400260925,0.07742157578468323,-0.11837410926818848,0.6868184208869934,0.33650070428848267,-0.15314283967018127,0.6336199045181274,0.41172292828559875,-0.1460636407136917,0.48668158054351807,0.29278087615966797,-0.043228067457675934,0.5749281644821167,0.14076894521713257,-0.16481152176856995,0.5822433829307556,0.41518500447273254,-0.14073437452316284,0.5337934494018555,0.49924737215042114,-0.08789703249931335,0.35754743218421936,0.3235490620136261,-0.08321646600961685,0.4579423666000366,0.2050459384918213,-0.14683838188648224,0.4797881245613098,0.37328821420669556,-0.10482332110404968,0.43721190094947815,0.42974650859832764,-0.054996803402900696
A,0.4682241380214691,0.9366820454597473,-9.858750900093582e-07,0.6429269313812256,0.8304680585861206,-0.05755627155303955,0.78993821144104,0.5904698967933655,-0.08857482671737671,0.7919642925262451,0.34832027554512024,-0.12560419738292694,0.6487525701522827,0.2568592131137848,-0.14556150138378143,0.720797061920166,0.31397250294685364,0.015548145398497581,0.8077855110168457,0.12580260634422302,-0.08740916103124619,0.7813543081283569,0.3269152343273163,-0.14475342631340027,0.7298338413238525,0.4211929142475128,-0.16691505908966064,0.605564296245575,0.2870286703109741,-0.004614106845110655,0.7013733386993408,0.07962512969970703,-0.11625903099775314,0.6869483590126038,0.33600175380706787,-0.15207833051681519,0.6338803768157959,0.4119616150856018,-0.14522098004817963,0.48629093170166016,0.29600533843040466,-0.04110248014330864,0.5745476484298706,0.14027082920074463,-0.16297389566898346,0.5813268423080444,0.41431280970573425,-0.13971304893493652,0.5318058133125305,0.5034232139587402,-0.08644285053014755,0.3580907881259918,0.3248286545276642,-0.08145926147699356,0.4580032229423523,0.2017635703086853,-0.14475861191749573,0.47926342487335205,0.36708393692970276,-0.10263431072235107,0.43651649355888367,0.42751333117485046,-0.05184537544846535
A,0.47364747524261475,0.9513773918151855,-1.0112848940480035e-06,0.650025486946106,0.8468059301376343,-0.05412968620657921,0.7963219881057739,0.6095396876335144,-0.08398617804050446,0.7930991053581238,0.3726916015148163,-0.1193746030330658,0.6509346961975098,0.28634464740753174,-0.13848422467708588,0.7153931260108948,0.3332226574420929,0.011427615769207478,0.8035836219787598,0.1503705084323883,-0.08903495222330093,0.7812575101852417,0.35758310556411743,-0.14429038763046265,0.7319148182868958,0.45116889476776123,-0.1666565090417862,0.5998888611793518,0.308025598526001,-0.009850066155195236,0.6963357925415039,0.10339581966400146,-0.12152621150016785,0.6850569844245911,0.3678349554538727,-0.1568814367055893,0.6296883225440979,0.4464235305786133,-0.15049543976783752,0.48082882165908813,0.32013827562332153,-0.046300213783979416,0.5710079669952393,0.17032667994499207,-0.16735444962978363,0.582128643989563,0.4476931393146515,-0.1431380659341812,0.5313271284103394,0.5310626029968262,-0.09077466279268265,0.35307538509368896,0.3527591824531555,-0.08583866059780121,0.4566754102706909,0.23580330610275269,-0.14832809567451477,0.47915956377983093,0.40440723299980164,-0.1054597795009613,0.43312451243400574,0.4580714702606201,-0.055582445114851
B,0.5161368250846863,0.9838951826095581,6.643253414040373e-07,0.6089377403259277,0.8852351903915405,-0.040631238371133804,0.645056426525116,0.7074240446090698,-0.046406518667936325,0.5623846054077148,0.6044173240661621,-0.05053249001502991,0.4744402766227722,0.606785237789154,-0.054687388241291046,0.6027222871780396,0.49262890219688416,0.0018985236529260874,0.5960642099380493,0.32088539004325867,-0.018114197999238968,0.5856344103813171,0.21512746810913086,-0.04323787987232208,0.5734565258026123,0.12566021084785461,-0.06411321461200714,0.5315566658973694,0.4820006489753723,-0.004088579211384058,0.5259481072425842,0.2911692261695862,-0.019792934879660606,0.5199230909347534,0.16083931922912598,-0.04730764403939247,0.5135433077812195,0.053232431411743164,-0.06867892295122147,0.4713262617588043,0.5096327662467957,-0.01837109960615635,0.4602101743221283,0.32935434579849243,-0.037339963018894196,0.45887669920921326,0.2095123827457428,-0.06504932045936584,0.454925537109375,0.11087051033973694,-0.08481669425964355,0.4148311913013458,0.5691984295845032,-0.03817912936210632,0.4101739525794983,0.4241190552711487,-0.05533438175916672,0.4106164872646332,0.3306674361228943,-0.0665261447429657,0.4102020859718323,0.24633964896202087,-0.0756465345621109
B,0.5208720564842224,0.9869896769523621,6.814018433942692e-07,0.6145318746566772,0.8861278295516968,-0.04171553999185562,0.6478670239448547,0.7107382416725159,-0.04921647161245346,0.5639583468437195,0.6139513254165649,-0.05516991764307022,0.47704556584358215,0.615341305732727,-0.061681050807237625,0.6039588451385498,0.5040910840034485,-0.004496220964938402,0.5982087254524231,0.33575525879859924,-0.028239864856004715,0.588430643081665,0.22996455430984497,-0.054863836616277695,0.57663893699646,0.13919129967689514,-0.07684601098299026,0.5346252918243408,0.4959605634212494,-0.011692765168845654,0.5301052331924438,0.30743440985679626,-0.03234251216053963,0.5250343680381775,0.17725035548210144,-0.061823584139347076,0.5198490619659424,0.06707781553268433,-0.0844731479883194,0.47592103481292725,0.5263046622276306,-0.027219755575060844,0.465484619140625,0.34699857234954834,-0.052002571523189545,0.4639255404472351,0.2259346842765808,-0.08157479763031006,0.46026334166526794,0.12413090467453003,-0.10209464281797409,0.4203413128852844,0.586976945400238,-0.04807528480887413,0.41490674018859863,0.44279372692108154,-0.0709729939699173,0.41572803258895874,0.3469829559326172,-0.0850418359041214,0.4161382019519806,0.2591337263584137,-0.09603294730186462
B,0.5184377431869507,0.983690083026886,6.903020448589814e-07,0.6107765436172485,0.886184811592102,-0.04094832018017769,0.6465398669242859,0.7127453088760376,-0.04788411781191826,0.5629669427871704,0.6149419546127319,-0.053298451006412506,0.4757193326950073,0.6108441352844238,-0.05913377180695534,0.6015979051589966,0.5032159686088562,-0.001995906000956893,0.5974092483520508,0.3340815603733063,-0.024711770936846733,0.5884313583374023,0.22817164659500122,-0.050863947719335556,0.5770590901374817,0.13811129331588745,-0.07238773256540298,0.5316554307937622,0.4943649470806122,-0.009083042852580547,0.5289942622184753,0.3051685094833374,-0.02853827178478241,0.5252655744552612,0.17463383078575134,-0.058191683143377304,0.52128005027771,0.06593489646911621,-0.08096137642860413,0.47231999039649963,0.5228806734085083,-0.024433095008134842,0.46417754888534546,0.3423158824443817,-0.04783300682902336,0.46368885040283203,0.22087812423706055,-0.07800814509391785,0.4610854983329773,0.1200239360332489,-0.09910481423139572,0.41702455282211304,0.5823785066604614,-0.04499365761876106,0.4130250811576843,0.43873220682144165,-0.06666716933250427,0.41364797949790955,0.3443170189857483,-0.08061522990465164,0.41360706090927124,0.25823184847831726,-0.09151662141084671
B,0.5145412683486938,0.9827388525009155,6.552340323651151e-07,0.6059020161628723,0.8851409554481506,-0.0409662127494812,0.6433488726615906,0.7150579690933228,-0.05012594163417816,0.5636258721351624,0.6170016527175903,-0.05771705135703087,0.47767600417137146,0.6105448007583618,-0.06596464663743973,0.6004604697227478,0.5063856244087219,-0.009403323754668236,0.5964117646217346,0.33772826194763184,-0.03555331751704216,0.5876724720001221,0.2307283878326416,-0.06289893388748169,0.5768049359321594,0.13941046595573425,-0.08499207347631454,0.5311844944953918,0.4959042966365814,-0.017236804589629173,0.5282788276672363,0.3048393428325653,-0.039918456226587296,0.524658739566803,0.1740952730178833,-0.06921745091676712,0.5209844708442688,0.06426960229873657,-0.09140138328075409,0.47260206937789917,0.5246943235397339,-0.032917652279138565,0.46426036953926086,0.3436742126941681,-0.058423008769750595,0.4635922312736511,0.2220490276813507,-0.08698824793100357,0.4610689878463745,0.11850476264953613,-0.10696705430746078,0.4169388711452484,0.5851926207542419,-0.053739141672849655,0.4133587181568146,0.4413430094718933,-0.07712001353502274,0.4145579934120178,0.34636420011520386,-0.09069088101387024,0.41534724831581116,0.2581874430179596,-0.10116603970527649
B,0.5187419056892395,0.985273003578186,6.969797254896548e-07,0.6079089641571045,0.8883411884307861,-0.04359525442123413,0.6424185037612915,0.7175177335739136,-0.05350683256983757,0.5633019804954529,0.6198995113372803,-0.0611434131860733,0.47909015417099,0.6139277815818787,-0.06948500871658325,0.6008238196372986,0.5124304294586182,-0.013541333377361298,0.5995950102806091,0.34447231888771057,-0.040083229541778564,0.591457188129425,0.23680657148361206,-0.06713485717773438,0.5804993510246277,0.14432892203330994,-0.08909448236227036,0.5329450368881226,0.5013225674629211,-0.020497960969805717,0.5345776677131653,0.3110430836677551,-0.04450756683945656,0.5327138304710388,0.18012842535972595,-0.07451993972063065,0.5305240750312805,0.06984549760818481,-0.09693292528390884,0.47492024302482605,0.5302327871322632,-0.03541479632258415,0.46831685304641724,0.35033899545669556,-0.06294695287942886,0.46804386377334595,0.22753754258155823,-0.09379682689905167,0.46654587984085083,0.12366244196891785,-0.1149953305721283,0.42017823457717896,0.5898004174232483,-0.0554371103644371,0.41583797335624695,0.4473549425601959,-0.08070273697376251,0.41717398166656494,0.35282039642333984,-0.09603497385978699,0.41924500465393066,0.26560690999031067,-0.10773724317550659
B,0.5173398852348328,0.9832085967063904,6.955371532058052e-07,0.6066745519638062,0.8814178705215454,-0.04214063659310341,0.6424685716629028,0.7098549008369446,-0.05143934488296509,0.562006950378418,0.6124195456504822,-0.05888505280017853,0.47660309076309204,0.6053882241249084,-0.06648018211126328,0.6013380289077759,0.5019713640213013,-0.006751764100044966,0.6001542210578918,0.3330216407775879,-0.03186286985874176,0.591190755367279,0.22562217712402344,-0.05883722007274628,0.578278660774231,0.13319963216781616,-0.0806850716471672,0.5331635475158691,0.492407888174057,-0.013898997567594051,0.5338454842567444,0.30419063568115234,-0.03599217161536217,0.5301902294158936,0.17423641681671143,-0.06539469957351685,0.5253996849060059,0.06535184383392334,-0.08741386979818344,0.4740477204322815,0.5216332077980042,-0.029198110103607178,0.46885278820991516,0.3420860171318054,-0.054658230394124985,0.4691343605518341,0.22128251194953918,-0.08343226462602615,0.46673083305358887,0.11908763647079468,-0.10309190303087234,0.4177930951118469,0.5812846422195435,-0.04970609024167061,0.4162077009677887,0.4381709694862366,-0.07331719994544983,0.41837310791015625,0.3426390588283539,-0.08687262237071991,0.4197368025779724,0.2551191449165344,-0.09687675535678864
B,0.5151345729827881,0.97877436876297,6.456688197431504e-07,0.6049299240112305,0.8822550177574158,-0.038291141390800476,0.6422230005264282,0.7082653045654297,-0.04499896988272667,0.5641430020332336,0.6077409386634827,-0.05062485113739967,0.47892895340919495,0.6036220788955688,-0.05640160292387009,0.6009525060653687,0.4987940192222595,-0.0006871697842143476,0.5988785028457642,0.33258256316185,-0.023020513355731964,0.5914976000785828,0.22892042994499207,-0.04809139668941498,0.5819059610366821,0.14087820053100586,-0.06880898773670197,0.5330077409744263,0.489013671875,-0.009061776101589203,0.5322925448417664,0.30138808488845825,-0.02868572063744068,0.5310414433479309,0.17250993847846985,-0.05624758452177048,0.529194176197052,0.06485480070114136,-0.07706326246261597,0.4749048352241516,0.5182451605796814,-0.02555367536842823,0.467625230550766,0.3392191529273987,-0.04914107173681259,0.4683990180492401,0.21907329559326172,-0.07705935090780258,0.46720367670059204,0.11655011773109436,-0.09643435478210449,0.41937631368637085,0.5783471465110779,-0.04704296961426735,0.4169570505619049,0.436625599861145,-0.06930527836084366,0.41827839612960815,0.3427608013153076,-0.082505963742733,0.41944897174835205,0.2552993893623352,-0.09260602295398712
B,0.514042854309082,0.9783456325531006,6.447037890211504e-07,0.6044033765792847,0.881981372833252,-0.03806160390377045,0.6438427567481995,0.708590030670166,-0.04498637467622757,0.5654761791229248,0.6091747283935547,-0.05085717514157295,0.48011770844459534,0.6042810678482056,-0.056983910501003265,0.6015270948410034,0.4995327889919281,-0.0008966215536929667,0.6009436845779419,0.3342933654785156,-0.023728996515274048,0.5943441987037659,0.2305677831172943,-0.04921555146574974,0.5858609080314636,0.14205026626586914,-0.07035362720489502,0.5328856110572815,0.4886068105697632,-0.009810501709580421,0.5320335626602173,0.2991044521331787,-0.030078653246164322,0.5312267541885376,0.1702789068222046,-0.05849738046526909,0.5306194424629211,0.06166183948516846,-0.08004318177700043,0.47433263063430786,0.5166682004928589,-0.026737380772829056,0.46840766072273254,0.33611297607421875,-0.05120249465107918,0.46998146176338196,0.215212881565094,-0.080195851624012,0.4695013761520386,0.1111035943031311,-0.10037949681282043,0.41862401366233826,0.5760517716407776,-0.048542656004428864,0.41742467880249023,0.4333764314651489,-0.07152771204710007,0.4193311333656311,0.3396214246749878,-0.08533510565757751,0.4204176664352417,0.25168871879577637,-0.09598977118730545
B,0.5160921216011047,0.9856786727905273,6.698834909002471e-07,0.6062671542167664,0.8867329955101013,-0.03935481980443001,0.6430136561393738,0.7111701965332031,-0.04712969809770584,0.5618406534194946,0.6112937331199646,-0.05356808006763458,0.4753454327583313,0.6053496599197388,-0.06020055711269379,0.6004951596260071,0.49775242805480957,-0.00241191522218287,0.5982402563095093,0.3318546414375305,-0.02598540112376213,0.5909134149551392,0.2270551323890686,-0.05211824178695679,0.5813083052635193,0.13711795210838318,-0.07380208373069763,0.5315119624137878,0.48825329542160034,-0.011314678005874157,0.5294622182846069,0.3007276952266693,-0.0323062427341938,0.5281843543052673,0.17176708579063416,-0.06097208708524704,0.5268078446388245,0.06311976909637451,-0.08262982219457626,0.47298723459243774,0.5191521048545837,-0.028435803949832916,0.46573448181152344,0.3389970660209656,-0.05407259985804558,0.4677416980266571,0.21793460845947266,-0.08299212902784348,0.46758750081062317,0.11365383863449097,-0.10289662331342697,0.4176187515258789,0.5822177529335022,-0.05053521692752838,0.41425085067749023,0.4394531846046448,-0.07504552602767944,0.4160420894622803,0.34424591064453125,-0.08918266743421555,0.41763654351234436,0.254830539226532,-0.0998041108250618
B,0.5200087428092957,0.9852901697158813,6.511672268061375e-07,0.6104888319969177,0.8869454860687256,-0.038619935512542725,0.6504900455474854,0.7147100567817688,-0.04624096304178238,0.5707455277442932,0.6132006645202637,-0.05282234400510788,0.48392194509506226,0.606333315372467,-0.06004410609602928,0.6088308691978455,0.5096405744552612,-0.002593819983303547,0.608642578125,0.34296128153800964,-0.026321781799197197,0.6021525859832764,0.23762395977973938,-0.05241324380040169,0.593574047088623,0.14642935991287231,-0.07408340275287628,0.5399436950683594,0.497457355260849,-0.012077150866389275,0.5388387441635132,0.3063430190086365,-0.03379279002547264,0.537544846534729,0.17487993836402893,-0.06331468373537064,0.5361704230308533,0.06299042701721191,-0.08566269278526306,0.48130759596824646,0.5250726342201233,-0.02956131286919117,0.47476229071617126,0.3424561023712158,-0.05575840547680855,0.4772619903087616,0.21937641501426697,-0.08582156151533127,0.477532297372818,0.11346268653869629,-0.10663708299398422,0.4246807098388672,0.5837159752845764,-0.05187239870429039,0.4226398468017578,0.4390362501144409,-0.07624813169240952,0.426344633102417,0.34349700808525085,-0.09070334583520889,0.4303222596645355,0.2547110915184021,-0.1018829271197319
B,0.5222141742706299,0.9906781315803528,6.720865712850355e-07,0.6140499114990234,0.8925657868385315,-0.037681348621845245,0.6516419649124146,0.7207095623016357,-0.04439079761505127,0.5732249021530151,0.6212846040725708,-0.050261352211236954,0.48828887939453125,0.6160480380058289,-0.05676881596446037,0.6121360659599304,0.5093922019004822,-0.00037811879883520305,0.6113445162773132,0.3418707251548767,-0.0230255164206028,0.605009913444519,0.2362670600414276,-0.04868266358971596,0.5956728458404541,0.14531338214874268,-0.07004138827323914,0.543816864490509,0.4993206858634949,-0.009873277507722378,0.5442638993263245,0.3111211955547333,-0.030349183827638626,0.5439623594284058,0.18102359771728516,-0.05948048457503319,0.543186604976654,0.07134944200515747,-0.08156437426805496,0.4845820665359497,0.5285480618476868,-0.027444668114185333,0.47882071137428284,0.3471176028251648,-0.052543558180332184,0.4819468855857849,0.2251400351524353,-0.08245505392551422,0.48349830508232117,0.12087193131446838,-0.1030886098742485,0.4283442795276642,0.5890130996704102,-0.04981398582458496,0.42565926909446716,0.4448332190513611,-0.07364687323570251,0.42889639735221863,0.3492790460586548,-0.08806464821100235,0.43295586109161377,0.26040977239608765,-0.09906771034002304
B,0.5300086140632629,1.0210931301116943,8.414252761212992e-07,0.6266652941703796,0.9278274774551392,-0.055882059037685394,0.6621976494789124,0.7524991631507874,-0.06802378594875336,0.5611280798912048,0.6569783091545105,-0.07578947395086288,0.4634467363357544,0.6501952409744263,-0.08310624957084656,0.6215922236442566,0.5305702686309814,-0.011842183768749237,0.6186919808387756,0.34728747606277466,-0.038991574198007584,0.61151522397995,0.23328915238380432,-0.06954023241996765,0.6019786596298218,0.13441884517669678,-0.09371380507946014,0.5456264019012451,0.5121102929115295,-0.012301158159971237,0.5465646982192993,0.29983919858932495,-0.03355298563838005,0.5461395978927612,0.16308993101119995,-0.06739749014377594,0.5450307130813599,0.04758578538894653,-0.09327612072229385,0.48172712326049805,0.5332883596420288,-0.022320084273815155,0.4750113785266876,0.3436288833618164,-0.046284500509500504,0.4747639298439026,0.21750745177268982,-0.0804085060954094,0.4711437523365021,0.11535826325416565,-0.1039653867483139,0.42383715510368347,0.5880370736122131,-0.03886966407299042,0.4225236177444458,0.43503859639167786,-0.05643308907747269,0.42449378967285156,0.33904707431793213,-0.06934837251901627,0.4253232777118683,0.2525289058685303,-0.08043552935123444
B,0.5430142879486084,1.0465364456176758,9.812786174734356e-07,0.6419435143470764,0.9430155754089355,-0.060383718460798264,0.6833289861679077,0.7665590643882751,-0.07550312578678131,0.5812438130378723,0.6728336215019226,-0.08584334701299667,0.480119526386261,0.6612145304679871,-0.09519090503454208,0.6390030980110168,0.5368189215660095,-0.011118065565824509,0.6380283832550049,0.34763193130493164,-0.03898633271455765,0.6308706998825073,0.23132914304733276,-0.07057709991931915,0.6210734844207764,0.12869521975517273,-0.09518205374479294,0.5579437613487244,0.5187567472457886,-0.011081970296800137,0.5615147948265076,0.2956206798553467,-0.032982781529426575,0.5623684525489807,0.14930227398872375,-0.06804388761520386,0.5626002550125122,0.024916768074035645,-0.09438534080982208,0.4905160069465637,0.5416281223297119,-0.02136090397834778,0.48693782091140747,0.34353938698768616,-0.046176303178071976,0.4871467649936676,0.21125388145446777,-0.08067824691534042,0.4853130578994751,0.10293570160865784,-0.10387592017650604,0.43086302280426025,0.5997540354728699,-0.03868914395570755,0.430941641330719,0.44039565324783325,-0.05650833249092102,0.4334310293197632,0.3402783274650574,-0.06791925430297852,0.4348989725112915,0.2501392662525177,-0.07733453810214996
B,0.5336026549339294,1.0497305393218994,9.149495099336491e-07,0.633478045463562,0.9413341283798218,-0.055094145238399506,0.6764242649078369,0.764032244682312,-0.06955234706401825,0.575384259223938,0.6671558022499084,-0.08060619980096817,0.47373971343040466,0.656800389289856,-0.09121537208557129,0.6303574442863464,0.5381937026977539,-0.01006370224058628,0.628696620464325,0.34663820266723633,-0.039928704500198364,0.6204102039337158,0.2287214696407318,-0.07198800891637802,0.6108371615409851,0.12541460990905762,-0.09676863998174667,0.5486922860145569,0.5197737812995911,-0.013596877455711365,0.5498770475387573,0.2958872318267822,-0.03801411762833595,0.5483720302581787,0.14800232648849487,-0.07321134954690933,0.5474231243133545,0.021382272243499756,-0.0993921309709549,0.48065420985221863,0.5424299836158752,-0.026875322684645653,0.4749872088432312,0.33949533104896545,-0.053752001374959946,0.4730406105518341,0.20324662327766418,-0.0868472009897232,0.46927183866500854,0.08986145257949829,-0.10898973792791367,0.42045652866363525,0.6002486348152161,-0.04663967713713646,0.42013150453567505,0.4376513957977295,-0.06651309877634048,0.422833114862442,0.33403798937797546,-0.07733453065156937,0.42415741086006165,0.23972788453102112,-0.08595535904169083
B,0.5369125008583069,1.0205854177474976,8.793114716354467e-07,0.6406775712966919,0.9163525104522705,-0.04950158670544624,0.6818360090255737,0.7333910465240479,-0.058166638016700745,0.5845738053321838,0.6299384832382202,-0.06437545269727707,0.4859694242477417,0.6244877576828003,-0.07060375064611435,0.636565625667572,0.5128041505813599,-0.00084542331751436,0.6330893039703369,0.3239283561706543,-0.026946356520056725,0.6248710751533508,0.2046862244606018,-0.05703730881214142,0.614234447479248,0.10163629055023193,-0.08085892349481583,0.5588393211364746,0.4970424175262451,-0.006002963986247778,0.5577888488769531,0.2765031158924103,-0.027694549411535263,0.5550004243850708,0.12687039375305176,-0.062098290771245956,0.5530694723129272,0.0010280013084411621,-0.08792732656002045,0.4927046000957489,0.5209078788757324,-0.02074887417256832,0.4850620925426483,0.3207741975784302,-0.04629630222916603,0.483346551656723,0.1861882209777832,-0.07979486882686615,0.4802114963531494,0.07551270723342896,-0.10214826464653015,0.43157824873924255,0.5774662494659424,-0.041632987558841705,0.4304511547088623,0.415849506855011,-0.06209838017821312,0.4314813017845154,0.31223928928375244,-0.07446935027837753,0.43137580156326294,0.21817028522491455,-0.0841347873210907
B,0.5367516279220581,1.0739762783050537,7.372614163614344e-07,0.6264530420303345,0.9786950349807739,-0.04597426578402519,0.6678360104560852,0.8323648571968079,-0.06207702308893204,0.5790500044822693,0.7503564357757568,-0.07600453495979309,0.48854273557662964,0.7426754832267761,-0.09070681035518646,0.6264570951461792,0.628595232963562,-0.016998806968331337,0.6271035671234131,0.45623934268951416,-0.046172503381967545,0.6206789016723633,0.35165777802467346,-0.07449136674404144,0.614629864692688,0.26151227951049805,-0.09667495638132095,0.5550729036331177,0.6118224859237671,-0.022645143792033195,0.558457612991333,0.4188389480113983,-0.04829641431570053,0.5587539076805115,0.29106786847114563,-0.08006840944290161,0.561477780342102,0.18286558985710144,-0.10377731919288635,0.4959893226623535,0.6327818632125854,-0.036139801144599915,0.49319297075271606,0.4469316899776459,-0.06347019970417023,0.4947638511657715,0.32773005962371826,-0.09419696778059006,0.49770230054855347,0.22665053606033325,-0.11529002338647842,0.4422304928302765,0.6878177523612976,-0.05467825382947922,0.4370516836643219,0.5474110841751099,-0.07823238521814346,0.4386417269706726,0.45664483308792114,-0.09222521632909775,0.4414442181587219,0.37277957797050476,-0.10276671499013901
B,0.5320030450820923,1.0672540664672852,7.765917189317406e-07,0.6238122582435608,0.9748791456222534,-0.048800934106111526,0.6672739386558533,0.8318310976028442,-0.06694848090410233,0.5814304351806641,0.7523599863052368,-0.08233754336833954,0.492106556892395,0.7463456392288208,-0.0988137274980545,0.6255038380622864,0.63373863697052,-0.023605892434716225,0.6297822594642639,0.4653722047805786,-0.055324047803878784,0.6246753931045532,0.36116042733192444,-0.08537039160728455,0.6189428567886353,0.26933494210243225,-0.10888773947954178,0.5564883351325989,0.6144682765007019,-0.029043756425380707,0.5624731183052063,0.4212343096733093,-0.05655746906995773,0.5641555786132812,0.29310911893844604,-0.08984508365392685,0.5672813653945923,0.18211117386817932,-0.11492382735013962,0.49826210737228394,0.6340950131416321,-0.04224807024002075,0.49754270911216736,0.4514198899269104,-0.0713246539235115,0.4990426003932953,0.33101341128349304,-0.10406947880983353,0.5009193420410156,0.22747623920440674,-0.12672021985054016,0.44481202960014343,0.6880114674568176,-0.060597456991672516,0.44066035747528076,0.5484484434127808,-0.08512324839830399,0.442207008600235,0.4573672115802765,-0.10013318806886673,0.44398748874664307,0.37301668524742126,-0.11180731654167175
B,0.5440207719802856,1.0618877410888672,6.111500283623172e-07,0.6283524036407471,0.9639886617660522,-0.03436699137091637,0.6615387797355652,0.8181347846984863,-0.04375109821557999,0.5796900391578674,0.7427716255187988,-0.052983637899160385,0.5003111958503723,0.7370913028717041,-0.06320790201425552,0.6247954368591309,0.6331528425216675,-0.001821629935875535,0.6263068318367004,0.476035475730896,-0.02481616474688053,0.6220108270645142,0.38089245557785034,-0.04934321343898773,0.6168836951255798,0.29622092843055725,-0.07002638280391693,0.5603841543197632,0.618929922580719,-0.01241217739880085,0.5631941556930542,0.43521469831466675,-0.034463685005903244,0.5647071003913879,0.3132608234882355,-0.06428299099206924,0.5669631361961365,0.20641964673995972,-0.08710934966802597,0.5059832334518433,0.6424750685691833,-0.030394576489925385,0.5010802149772644,0.4668320119380951,-0.0572945736348629,0.5021327137947083,0.351985901594162,-0.08942670375108719,0.5034804344177246,0.250602662563324,-0.11164595931768417,0.4555523097515106,0.698981761932373,-0.05232354253530502,0.44908133149147034,0.5672317147254944,-0.07651244103908539,0.44823703169822693,0.47813892364501953,-0.09219902753829956,0.4487195909023285,0.3931037485599518,-0.10474275052547455
B,0.5402661561965942,1.0574840307235718,6.774691314603842e-07,0.6236834526062012,0.9607475996017456,-0.03851917386054993,0.6588295698165894,0.815725564956665,-0.04994155839085579,0.5781700015068054,0.7386976480484009,-0.0601477213203907,0.49902409315109253,0.7326890230178833,-0.07085051387548447,0.6240537166595459,0.6367551684379578,-0.008310198783874512,0.6270256042480469,0.47909867763519287,-0.03280608728528023,0.6230500340461731,0.38253819942474365,-0.0578308068215847,0.6182361245155334,0.2964435815811157,-0.07823719829320908,0.558448851108551,0.6219257116317749,-0.01591409370303154,0.5614312291145325,0.4435647428035736,-0.0384751595556736,0.5621272921562195,0.3219205439090729,-0.06716670095920563,0.5643177032470703,0.21580937504768372,-0.08887012302875519,0.5032330751419067,0.6421360969543457,-0.03091057948768139,0.4996684789657593,0.470445454120636,-0.056359365582466125,0.5016896724700928,0.35563161969184875,-0.08615512400865555,0.5046041011810303,0.255783349275589,-0.1067294180393219,0.45254775881767273,0.6924070119857788,-0.05042213201522827,0.4463741183280945,0.5628315210342407,-0.07283779233694077,0.44669198989868164,0.47701355814933777,-0.08665511757135391,0.4485059678554535,0.3988235592842102,-0.09734298288822174
B,0.5418882369995117,1.0538511276245117,6.943224661881686e-07,0.6247224807739258,0.9597660899162292,-0.040006399154663086,0.6604216694831848,0.816443681716919,-0.05317293480038643,0.5780877470970154,0.742712676525116,-0.06469039618968964,0.49724599719047546,0.7365832328796387,-0.07708073407411575,0.6237990260124207,0.6381720900535583,-0.014599200338125229,0.6260649561882019,0.4818112254142761,-0.04174871742725372,0.6217440366744995,0.3846783936023712,-0.06790025532245636,0.6162166595458984,0.2987058162689209,-0.0888417512178421,0.5587310194969177,0.6242145895957947,-0.02234586700797081,0.5613775849342346,0.4463876485824585,-0.047702688723802567,0.5621176958084106,0.3239264488220215,-0.07825847715139389,0.5646552443504333,0.21631741523742676,-0.10098620504140854,0.5036368370056152,0.6460407376289368,-0.03719167783856392,0.501259446144104,0.4747404456138611,-0.06566428393125534,0.5035980343818665,0.35903555154800415,-0.09741836041212082,0.5071486234664917,0.25734710693359375,-0.11898396164178848,0.45298412442207336,0.6984706521034241,-0.056293681263923645,0.44851455092430115,0.56952303647995,-0.08142323791980743,0.4501532316207886,0.48307734727859497,-0.09673113375902176,0.4532613754272461,0.402476042509079,-0.1082959845662117
B,0.5455408692359924,1.0273568630218506,6.301872872427339e-07,0.6294955611228943,0.935066282749176,-0.035643063485622406,0.6616509556770325,0.7962870001792908,-0.04541483893990517,0.5870693325996399,0.7221972346305847,-0.0547674335539341,0.5114012956619263,0.7192795276641846,-0.06520799547433853,0.6256729364395142,0.627165675163269,-0.0035198337864130735,0.6306371092796326,0.47946828603744507,-0.02663794532418251,0.6278865337371826,0.3882347643375397,-0.05204266682267189,0.6236026287078857,0.30909866094589233,-0.07336100190877914,0.5661119818687439,0.613752543926239,-0.012347957119345665,0.5709307789802551,0.44185081124305725,-0.034594740718603134,0.5723863840103149,0.3296686112880707,-0.06708917021751404,0.5745514035224915,0.23164528608322144,-0.09260119497776031,0.5149952173233032,0.6336994767189026,-0.02845834381878376,0.5141165256500244,0.4710865616798401,-0.05481509491801262,0.5176820755004883,0.3639049530029297,-0.09021903574466705,0.5207706093788147,0.2721812427043915,-0.11552855372428894,0.4682086408138275,0.6824313402175903,-0.04850701615214348,0.46839022636413574,0.5556694269180298,-0.07106048613786697,0.4702249765396118,0.47356361150741577,-0.08879689872264862,0.47262924909591675,0.398226797580719,-0.10393104702234268
B,0.5381612181663513,1.0053983926773071,5.233092679191031e-07,0.6175196170806885,0.918196976184845,-0.02809501439332962,0.6527585983276367,0.7779049873352051,-0.03334888443350792,0.5872170925140381,0.6953527331352234,-0.038662124425172806,0.5172376036643982,0.6934877038002014,-0.04414941743016243,0.6184231042861938,0.6058304905891418,0.00496742082759738,0.6198080778121948,0.46537062525749207,-0.012917276471853256,0.6166154742240906,0.38020721077919006,-0.0333920493721962,0.6127315163612366,0.3077065050601959,-0.05041075870394707,0.5632919669151306,0.5957168340682983,-0.0036071976646780968,0.5645854473114014,0.4372333288192749,-0.020110225304961205,0.5645478963851929,0.3292698562145233,-0.043755512684583664,0.5646117925643921,0.23798868060112,-0.06203022226691246,0.5157371759414673,0.6162177324295044,-0.018829766660928726,0.5115915536880493,0.46486780047416687,-0.03843431547284126,0.5132530331611633,0.36596983671188354,-0.06265217065811157,0.5141027569770813,0.28102901577949524,-0.07986778020858765,0.4700925946235657,0.6625016331672668,-0.03790324181318283,0.467935711145401,0.546027421951294,-0.055928271263837814,0.46794211864471436,0.4692005515098572,-0.06742651015520096,0.4670116603374481,0.39866724610328674,-0.07665151357650757
B,0.5392903089523315,1.000882625579834,4.98652468650107e-07,0.6159926652908325,0.9183914661407471,-0.02712075412273407,0.6517432928085327,0.7813647985458374,-0.033293865621089935,0.5903098583221436,0.698347270488739,-0.03937871754169464,0.5212619304656982,0.6976360082626343,-0.0462905652821064,0.6216309666633606,0.6145378947257996,-0.0037279275711625814,0.6217281222343445,0.47246044874191284,-0.02446318231523037,0.6173970699310303,0.3849719762802124,-0.04555374011397362,0.6124317049980164,0.31107422709465027,-0.06240847334265709,0.5657699704170227,0.6028230786323547,-0.013415021821856499,0.5668341517448425,0.4427182078361511,-0.031815752387046814,0.5671116709709167,0.33180028200149536,-0.05477607995271683,0.5678143501281738,0.23826569318771362,-0.07188357412815094,0.5174179673194885,0.623561441898346,-0.02894163317978382,0.5121704339981079,0.46870267391204834,-0.049803901463747025,0.5136522650718689,0.3656654357910156,-0.07334070652723312,0.5145895481109619,0.2763059735298157,-0.0896373763680458,0.470914363861084,0.6715208292007446,-0.04796585068106651,0.46929389238357544,0.552750289440155,-0.06718587875366211,0.4704321026802063,0.4735460579395294,-0.0779983326792717,0.4710926413536072,0.4003799855709076,-0.08622051775455475
B,0.5182011723518372,0.9367609024047852,4.751525466417661e-07,0.5953121185302734,0.8581011295318604,-0.028535129502415657,0.6278142333030701,0.7176733613014221,-0.032817721366882324,0.5705519914627075,0.6331511735916138,-0.03673960268497467,0.5015053153038025,0.6252952814102173,-0.040902335196733475,0.5978173017501831,0.5569628477096558,0.0022518292535096407,0.5950149893760681,0.4269307255744934,-0.015747567638754845,0.5892183184623718,0.344982773065567,-0.03637520596385002,0.5824953317642212,0.272720068693161,-0.05390559509396553,0.5441631078720093,0.5454246997833252,-0.005502015817910433,0.5429497957229614,0.4016892910003662,-0.022130385041236877,0.5432693958282471,0.3004186153411865,-0.0454382561147213,0.5434199571609497,0.2136690616607666,-0.06351365894079208,0.4967672824859619,0.565875232219696,-0.019783180207014084,0.4923025071620941,0.42594078183174133,-0.04035592079162598,0.49383458495140076,0.33069881796836853,-0.06486362218856812,0.49366143345832825,0.24769029021263123,-0.08200590312480927,0.4512600600719452,0.6102556586265564,-0.037770964205265045,0.4497380554676056,0.49850302934646606,-0.05800321325659752,0.45164284110069275,0.42435163259506226,-0.07119777798652649,0.4536948800086975,0.35513773560523987,-0.0813530832529068
B,0.510898768901825,0.8893194198608398,5.477002673615061e-07,0.5862668752670288,0.8081468939781189,-0.02994995377957821,0.6173460483551025,0.6697748303413391,-0.03516461327672005,0.5575670599937439,0.5875011086463928,-0.039347488433122635,0.4868730306625366,0.5825583934783936,-0.0432630255818367,0.5897209048271179,0.5088338851928711,0.002809784607961774,0.586615800857544,0.3813285231590271,-0.012813338078558445,0.5794425010681152,0.30178382992744446,-0.032233044505119324,0.5706988573074341,0.23088887333869934,-0.04898691177368164,0.5352221131324768,0.49776288866996765,-0.0030017271637916565,0.5343647599220276,0.3561754822731018,-0.01607711985707283,0.5356440544128418,0.25813713669776917,-0.03666512668132782,0.5360241532325745,0.17502465844154358,-0.052986811846494675,0.4865516126155853,0.51862633228302,-0.015300638042390347,0.4825800061225891,0.37976309657096863,-0.03179255872964859,0.48524340987205505,0.2877599000930786,-0.052707068622112274,0.48604655265808105,0.20838889479637146,-0.06767626106739044,0.44039297103881836,0.5625641345977783,-0.03158356249332428,0.4400583803653717,0.45313429832458496,-0.047299984842538834,0.44402164220809937,0.3821899890899658,-0.05676224082708359,0.4477306008338928,0.31752118468284607,-0.06433247029781342
B,0.5062640905380249,0.894370973110199,4.7268594016713905e-07,0.5829607248306274,0.8120922446250916,-0.029423264786601067,0.614171028137207,0.6728007793426514,-0.03463868051767349,0.5563750863075256,0.5875251293182373,-0.03900987282395363,0.4862012267112732,0.5798764228820801,-0.04359586909413338,0.5887527465820312,0.5165958404541016,-0.00014405796537175775,0.5855799913406372,0.38733989000320435,-0.018078794702887535,0.5781880021095276,0.30624452233314514,-0.038499124348163605,0.5701829195022583,0.23516881465911865,-0.0554964654147625,0.5341984629631042,0.5051701664924622,-0.006575827952474356,0.5331021547317505,0.3624168038368225,-0.02215665578842163,0.5328336358070374,0.26172199845314026,-0.0440542958676815,0.5325807929039001,0.17569896578788757,-0.06086491048336029,0.48585277795791626,0.5262598395347595,-0.01930631883442402,0.48146897554397583,0.3866040110588074,-0.03811286389827728,0.48273128271102905,0.2919454276561737,-0.06072498857975006,0.4822157025337219,0.20990487933158875,-0.07644768804311752,0.43990465998649597,0.5716503262519836,-0.03582227975130081,0.43888676166534424,0.4614885449409485,-0.05364031344652176,0.4408165216445923,0.3878006339073181,-0.06472727656364441,0.44236230850219727,0.3205326199531555,-0.07317481189966202
B,0.5073655843734741,0.8943215608596802,5.169844712327176e-07,0.5845865607261658,0.8152466416358948,-0.030498869717121124,0.6145192384719849,0.6729965209960938,-0.035189174115657806,0.5568957328796387,0.5870330929756165,-0.038413166999816895,0.48744291067123413,0.5844562649726868,-0.04131753370165825,0.5877269506454468,0.5157968401908875,-0.000648562447167933,0.587338924407959,0.38628458976745605,-0.016866760328412056,0.5814724564552307,0.30546993017196655,-0.03566936030983925,0.5742978453636169,0.23544758558273315,-0.05152185261249542,0.5342953205108643,0.502379834651947,-0.005815895274281502,0.5334458351135254,0.3557112514972687,-0.019661491736769676,0.5339241027832031,0.2541949152946472,-0.03926979750394821,0.5343873500823975,0.17013871669769287,-0.0540904738008976,0.4870380759239197,0.5228729844093323,-0.017260795459151268,0.48178184032440186,0.37899988889694214,-0.03453335165977478,0.48212918639183044,0.2834509015083313,-0.05592453107237816,0.4809913635253906,0.2030927538871765,-0.070675328373909,0.4430626630783081,0.5688390135765076,-0.03255710005760193,0.442543089389801,0.4590092599391937,-0.04854406416416168,0.4440605640411377,0.38604164123535156,-0.05835839360952377,0.4448421001434326,0.32054275274276733,-0.06594716012477875
B,0.5046494007110596,0.896255612373352,5.028139185014879e-07,0.5833194851875305,0.817243754863739,-0.030804041773080826,0.6149784326553345,0.6758233308792114,-0.03472600132226944,0.5595270395278931,0.5898211002349854,-0.037646178156137466,0.4903276860713959,0.5855017900466919,-0.04060793295502663,0.5866219997406006,0.5184372067451477,0.0015147896483540535,0.5830920934677124,0.3885005712509155,-0.014957347884774208,0.5763022303581238,0.3070163428783417,-0.03489181399345398,0.5682461857795715,0.23521184921264648,-0.0515727624297142,0.5337420701980591,0.5094963908195496,-0.003734946483746171,0.5316075682640076,0.36461225152015686,-0.017668673768639565,0.5309243202209473,0.2615336775779724,-0.03930630162358284,0.5294585824012756,0.1746620535850525,-0.05621568113565445,0.4865729808807373,0.5317875742912292,-0.01561831682920456,0.48157206177711487,0.39165300130844116,-0.032983746379613876,0.4810466170310974,0.295623779296875,-0.05614705756306648,0.4778497517108917,0.2144925594329834,-0.07237903028726578,0.4421510100364685,0.5766737461090088,-0.0315256267786026,0.4419189393520355,0.4650595784187317,-0.04778329282999039,0.4429277181625366,0.3908155560493469,-0.05887999013066292,0.4422875642776489,0.3234204947948456,-0.06776125729084015
B,0.5068800449371338,0.8981435298919678,5.059935119788861e-07,0.585267186164856,0.818777859210968,-0.03219003230333328,0.6170307397842407,0.6764546632766724,-0.037013616412878036,0.559465229511261,0.5898184180259705,-0.040564700961112976,0.48896241188049316,0.5847914218902588,-0.04408816248178482,0.5899900794029236,0.5178938508033752,0.00023351081472355872,0.5866684317588806,0.38616126775741577,-0.017024710774421692,0.5800398588180542,0.302603542804718,-0.037554800510406494,0.5728105902671814,0.22955843806266785,-0.054808225482702255,0.5357743501663208,0.5070837140083313,-0.004971155896782875,0.5337687730789185,0.3606465458869934,-0.01998903788626194,0.5333255529403687,0.2566261887550354,-0.042382143437862396,0.5329653024673462,0.16946297883987427,-0.05976782366633415,0.4875216484069824,0.5283091068267822,-0.016952279955148697,0.4834080934524536,0.3848429322242737,-0.03558192774653435,0.4842924475669861,0.2870391607284546,-0.059767257422208786,0.4828970432281494,0.20457962155342102,-0.07666948437690735,0.44218504428863525,0.5730504393577576,-0.03303384780883789,0.4424712359905243,0.4598236382007599,-0.050627026706933975,0.4438941478729248,0.3848167061805725,-0.06266694515943527,0.4440164864063263,0.3169636130332947,-0.07216919958591461
B,0.5080457925796509,0.9027305841445923,5.219693548497162e-07,0.5896661281585693,0.8266205787658691,-0.03241490572690964,0.6210872530937195,0.6820889711380005,-0.03577534854412079,0.5620054602622986,0.5943578481674194,-0.0378749705851078,0.489740788936615,0.5889495015144348,-0.040327344089746475,0.5938560366630554,0.5185500383377075,0.002644650638103485,0.5888447165489197,0.387935996055603,-0.01302461139857769,0.5824744701385498,0.3051675260066986,-0.03351883590221405,0.5748205780982971,0.23278191685676575,-0.0513421893119812,0.5389053225517273,0.5089640021324158,-0.002874024212360382,0.5363901853561401,0.36324530839920044,-0.017239313572645187,0.5367552042007446,0.25895923376083374,-0.0416240319609642,0.5361953377723694,0.17154335975646973,-0.06102055683732033,0.48940420150756836,0.5311485528945923,-0.015477078966796398,0.4841458201408386,0.38947737216949463,-0.03500279039144516,0.4856235980987549,0.2922208905220032,-0.06313461810350418,0.48454853892326355,0.20958685874938965,-0.08310065418481827,0.44252973794937134,0.5751555562019348,-0.03203786909580231,0.44295433163642883,0.460639089345932,-0.0511736199259758,0.44596198201179504,0.3866201639175415,-0.06620632112026215,0.4486776888370514,0.31794852018356323,-0.07849215716123581
B,0.507693350315094,0.911226212978363,5.075002604826295e-07,0.5891046524047852,0.8339930176734924,-0.032449714839458466,0.6222392320632935,0.6861612200737,-0.03525209799408913,0.5629687905311584,0.596057116985321,-0.03667355328798294,0.4906025826931,0.5917375683784485,-0.038208723068237305,0.5930759906768799,0.5240363478660583,0.0030456555541604757,0.5883014798164368,0.39204147458076477,-0.012662295252084732,0.581403911113739,0.30862918496131897,-0.0328904390335083,0.5732016563415527,0.23574766516685486,-0.05017973855137825,0.5382139086723328,0.513870120048523,-0.00185955164488405,0.5357389450073242,0.36742591857910156,-0.015394823625683784,0.5357468128204346,0.26279449462890625,-0.03831448033452034,0.535161554813385,0.17467832565307617,-0.0564020574092865,0.48923972249031067,0.5356891751289368,-0.013827617280185223,0.4840294420719147,0.3933354914188385,-0.03179939463734627,0.484752893447876,0.29644179344177246,-0.05756387114524841,0.48284804821014404,0.21439716219902039,-0.07579569518566132,0.44300878047943115,0.5802704095840454,-0.029954658821225166,0.44350945949554443,0.4658718407154083,-0.04727768152952194,0.44621163606643677,0.3913126587867737,-0.060396477580070496,0.44792717695236206,0.3225407898426056,-0.07109732925891876
B,0.5034535527229309,0.9113836288452148,4.954063115292229e-07,0.5841480493545532,0.8326249122619629,-0.030776401981711388,0.617645263671875,0.6846046447753906,-0.034424200654029846,0.5601814985275269,0.5934228897094727,-0.037048593163490295,0.48908454179763794,0.5909116864204407,-0.039751939475536346,0.5894636511802673,0.5206934213638306,0.0011915885843336582,0.584289014339447,0.38694876432418823,-0.015218683518469334,0.5773099660873413,0.3024365305900574,-0.03493613749742508,0.5700464248657227,0.2285972237586975,-0.051755473017692566,0.5344640016555786,0.5106765627861023,-0.004724359605461359,0.5312400460243225,0.3640170693397522,-0.019030390307307243,0.5302915573120117,0.2595553696155548,-0.040535371750593185,0.5292056202888489,0.17144227027893066,-0.05722535029053688,0.485186368227005,0.5334251523017883,-0.01724032498896122,0.4802525043487549,0.3892856240272522,-0.03524380549788475,0.4801982045173645,0.2920635938644409,-0.05843959376215935,0.4776417016983032,0.2088087499141693,-0.07468679547309875,0.4382377564907074,0.5802790522575378,-0.03378778696060181,0.43919363617897034,0.4659181833267212,-0.051124751567840576,0.4413478970527649,0.39037102460861206,-0.06262221187353134,0.44204211235046387,0.321146160364151,-0.07164470851421356
B,0.5011087656021118,0.9036241769790649,5.689106501449714e-07,0.5825405716896057,0.8225090503692627,-0.034323036670684814,0.6127350926399231,0.6793107390403748,-0.03767436370253563,0.55082106590271,0.5918654799461365,-0.03953083977103233,0.47695496678352356,0.588623046875,-0.0410892590880394,0.5866032242774963,0.5209713578224182,0.007513199467211962,0.5827058553695679,0.38899296522140503,-0.005858881399035454,0.5760683417320251,0.3060382306575775,-0.02632555179297924,0.5678955316543579,0.2322203516960144,-0.044181328266859055,0.5310077667236328,0.5113350749015808,0.0036166522186249495,0.5291860103607178,0.3638581335544586,-0.007226894143968821,0.5291478633880615,0.25892508029937744,-0.03134008124470711,0.5278117656707764,0.17084252834320068,-0.051145393401384354,0.48081186413764954,0.531290590763092,-0.007925248704850674,0.4766766428947449,0.3901325464248657,-0.023436861112713814,0.4786948263645172,0.2931709587574005,-0.05132994055747986,0.4772695004940033,0.21173307299613953,-0.07165193557739258,0.4341985583305359,0.5718293190002441,-0.023974960669875145,0.4362261891365051,0.45607230067253113,-0.03826840966939926,0.4392598867416382,0.3813139796257019,-0.05170576646924019,0.4411434233188629,0.31319886445999146,-0.06359710544347763
B,0.4996325969696045,0.9240233302116394,4.854177859670017e-07,0.5800102949142456,0.8465862274169922,-0.031395427882671356,0.6153045296669006,0.6952024102210999,-0.034373342990875244,0.5562000274658203,0.6021763682365417,-0.03618697449564934,0.483696848154068,0.5954487323760986,-0.03781967610120773,0.5882213115692139,0.5276275277137756,0.0037310717161744833,0.5850769877433777,0.392727792263031,-0.012075399048626423,0.577606737613678,0.307800829410553,-0.03170405328273773,0.5690903067588806,0.23406514525413513,-0.04838768020272255,0.5316894054412842,0.5157836675643921,-0.0016245793085545301,0.5304408669471741,0.3665401339530945,-0.014913259074091911,0.5300602912902832,0.2615780532360077,-0.036006662994623184,0.5292059183120728,0.17265921831130981,-0.05236687883734703,0.48165029287338257,0.5371482968330383,-0.013834431767463684,0.47860774397850037,0.39096009731292725,-0.03093007206916809,0.4797813892364502,0.2947550415992737,-0.05322684720158577,0.47802913188934326,0.21256515383720398,-0.06880394369363785,0.4343566298484802,0.5831907391548157,-0.03024197742342949,0.43581604957580566,0.46857792139053345,-0.04650547727942467,0.43900179862976074,0.39366859197616577,-0.056929998099803925,0.440837562084198,0.3248513638973236,-0.06515113264322281
B,0.5014925003051758,0.919452965259552,4.96512996051024e-07,0.58042973279953,0.841314435005188,-0.03268640860915184,0.6145655512809753,0.6925390958786011,-0.037344105541706085,0.5519130825996399,0.6011501550674438,-0.04068051651120186,0.4782552123069763,0.5995751619338989,-0.04408974200487137,0.5877796411514282,0.5253899097442627,-0.00010868022945942357,0.5831905007362366,0.39077943563461304,-0.017096078023314476,0.5759524703025818,0.3046056628227234,-0.0377473384141922,0.5682383179664612,0.23005682229995728,-0.05545273795723915,0.5302459001541138,0.5136917233467102,-0.005813196767121553,0.5278026461601257,0.3645240366458893,-0.0204035472124815,0.5270673036575317,0.2590627372264862,-0.042769577354192734,0.5264161229133606,0.1699976921081543,-0.06039629504084587,0.47968339920043945,0.5355494618415833,-0.01827387511730194,0.47525349259376526,0.38977569341659546,-0.036247964948415756,0.47695010900497437,0.2921803295612335,-0.0598246268928051,0.47610586881637573,0.2096010148525238,-0.07666190713644028,0.43186700344085693,0.5827303528785706,-0.035024795681238174,0.43265092372894287,0.46556204557418823,-0.052037131041288376,0.43576717376708984,0.3885160982608795,-0.063450388610363,0.4379025995731354,0.31807610392570496,-0.07276442646980286
B,0.4985010027885437,0.9161820411682129,5.217253828959656e-07,0.5796840786933899,0.8369801640510559,-0.03228630870580673,0.6126381754875183,0.6877062916755676,-0.03580455854535103,0.5548223257064819,0.5928242206573486,-0.038126952946186066,0.48097044229507446,0.5939005613327026,-0.04033554345369339,0.5866752862930298,0.5205798745155334,0.004148532636463642,0.5828027725219727,0.3872714042663574,-0.011347162537276745,0.5760146975517273,0.30281686782836914,-0.03197479620575905,0.5683786869049072,0.22986051440238953,-0.049700215458869934,0.5295447707176208,0.5092096328735352,-0.0015106892678886652,0.527553379535675,0.3607308268547058,-0.014850481413304806,0.5275742411613464,0.2547036409378052,-0.03730940818786621,0.5272240042686462,0.16636666655540466,-0.05507093295454979,0.47818243503570557,0.5314658880233765,-0.014301540330052376,0.4735587537288666,0.3868190050125122,-0.03168746456503868,0.47602835297584534,0.2888777256011963,-0.05656135454773903,0.47618624567985535,0.20661014318466187,-0.07433567196130753,0.42981746792793274,0.5772609710693359,-0.031410787254571915,0.4309961795806885,0.46072810888290405,-0.04794745147228241,0.4341486394405365,0.3843410015106201,-0.06005021557211876,0.43739232420921326,0.3148825764656067,-0.07010696083307266
B,0.4978596270084381,0.9060636758804321,5.551881940846215e-07,0.5771234035491943,0.8252076506614685,-0.03253889083862305,0.6085845232009888,0.6795231103897095,-0.0364486500620842,0.5474637150764465,0.5910800695419312,-0.03915013000369072,0.47353577613830566,0.5884740352630615,-0.04153027385473251,0.5841989517211914,0.5142542719841003,0.005891377106308937,0.5791614055633545,0.38223206996917725,-0.008649795316159725,0.5719666481018066,0.29964786767959595,-0.028679894283413887,0.5636601448059082,0.2266690731048584,-0.045941367745399475,0.5284854173660278,0.504105269908905,0.0009892265079542994,0.5257167220115662,0.3565193712711334,-0.011213845573365688,0.5255875587463379,0.25170084834098816,-0.033489890396595,0.5247247219085693,0.16402721405029297,-0.05120887607336044,0.47823941707611084,0.5258488655090332,-0.01114712841808796,0.47238045930862427,0.38322436809539795,-0.02714032679796219,0.4726237952709198,0.2872944176197052,-0.051269419491291046,0.4706423878669739,0.20595982670783997,-0.06855539232492447,0.4304632544517517,0.5702412128448486,-0.027675172314047813,0.4305008053779602,0.45527318120002747,-0.04237135872244835,0.433117151260376,0.38106968998908997,-0.053436294198036194,0.435779869556427,0.31251516938209534,-0.06282103806734085
B,0.49750322103500366,0.9027587175369263,5.91997434185032e-07,0.5792372822761536,0.8246920108795166,-0.03540525957942009,0.6108936071395874,0.6782662868499756,-0.04017181321978569,0.5489229559898376,0.5893170833587646,-0.04328572750091553,0.4736894369125366,0.5897260904312134,-0.0459192655980587,0.585925817489624,0.5110215544700623,0.0049970499239861965,0.5812857151031494,0.3791574239730835,-0.009179158136248589,0.5742822289466858,0.29775291681289673,-0.029654068872332573,0.5654932260513306,0.22642096877098083,-0.04746030271053314,0.5281777381896973,0.5022445321083069,0.00038057059282436967,0.525137722492218,0.35368984937667847,-0.011619099415838718,0.5258976221084595,0.24912476539611816,-0.03495069220662117,0.5251278877258301,0.16338831186294556,-0.053716301918029785,0.47648704051971436,0.525294303894043,-0.01203223131597042,0.4703994691371918,0.38239261507987976,-0.02919936366379261,0.4729566276073456,0.28527578711509705,-0.056372977793216705,0.47269588708877563,0.20383214950561523,-0.07577719539403915,0.42831486463546753,0.5691496133804321,-0.02906678430736065,0.4296727180480957,0.4523719847202301,-0.0451543927192688,0.4329843819141388,0.37746554613113403,-0.058528296649456024,0.4361449182033539,0.30846115946769714,-0.06998097896575928
B,0.4939400553703308,0.9109987020492554,4.985677151125856e-07,0.5763526558876038,0.8337469100952148,-0.03315970301628113,0.6098387241363525,0.6834280490875244,-0.03693321347236633,0.5502398014068604,0.5870177745819092,-0.03945627436041832,0.4763485789299011,0.5884574055671692,-0.04208827391266823,0.5846253037452698,0.5178059339523315,0.0028040683828294277,0.5807082653045654,0.3841573894023895,-0.0128262834623456,0.5738174915313721,0.29921168088912964,-0.03371288627386093,0.5662399530410767,0.22611206769943237,-0.05195993557572365,0.5270199179649353,0.5067300200462341,-0.0026255049742758274,0.5248911380767822,0.3584546446800232,-0.016578231006860733,0.5246745944023132,0.2523896396160126,-0.04024941846728325,0.5238987803459167,0.1633199155330658,-0.05913938581943512,0.4759654700756073,0.5285897850990295,-0.01514238677918911,0.47158145904541016,0.38370752334594727,-0.03332946449518204,0.47386634349823,0.28464773297309875,-0.05987507849931717,0.47291481494903564,0.20218122005462646,-0.07901088148355484,0.42766156792640686,0.5740575790405273,-0.03196370229125023,0.428824782371521,0.4569946527481079,-0.049375489354133606,0.43153080344200134,0.37964320182800293,-0.06294851750135422,0.4334561824798584,0.309894323348999,-0.07435470074415207
B,0.4965185523033142,0.9025614261627197,5.686461008735932e-07,0.5784100890159607,0.8214601278305054,-0.03365769609808922,0.6086714267730713,0.6731599569320679,-0.03730972111225128,0.5475139021873474,0.5835234522819519,-0.0393403135240078,0.47253167629241943,0.5850646495819092,-0.0409049428999424,0.584592878818512,0.5079139471054077,0.006646823603659868,0.5804234743118286,0.3772434592247009,-0.006516279187053442,0.5733452439308167,0.2960759699344635,-0.026198694482445717,0.5648789405822754,0.2247660756111145,-0.04352337867021561,0.52747642993927,0.4982989430427551,0.0023304482456296682,0.5247767567634583,0.35111531615257263,-0.008619246073067188,0.5255885720252991,0.24730134010314941,-0.030747754499316216,0.5254626870155334,0.16110315918922424,-0.048482660204172134,0.47607535123825073,0.52157062292099,-0.009464096277952194,0.47006821632385254,0.3795197606086731,-0.025256311520934105,0.4730384349822998,0.2829040288925171,-0.05108673498034477,0.4734646677970886,0.20102721452713013,-0.06966018676757812,0.4279021918773651,0.5671836733818054,-0.025690829381346703,0.4284355044364929,0.4533819556236267,-0.04049235209822655,0.43128490447998047,0.3795950710773468,-0.05275443196296692,0.43407756090164185,0.31112831830978394,-0.06329423934221268
B,0.4946857988834381,0.902042031288147,5.129969053996319e-07,0.5753147602081299,0.8275183439254761,-0.034214865416288376,0.61133873462677,0.6801930069923401,-0.03833014890551567,0.5529966354370117,0.5864446759223938,-0.04075760766863823,0.4796527028083801,0.58864825963974,-0.042863305658102036,0.5829548835754395,0.5134205222129822,0.0024393850471824408,0.5792935490608215,0.37944677472114563,-0.01229835208505392,0.5721757411956787,0.29438164830207825,-0.03216477483510971,0.5643665194511414,0.22005662322044373,-0.04946066066622734,0.5263646245002747,0.5018467903137207,-0.0012383183930069208,0.5246800780296326,0.3547680377960205,-0.0132948849350214,0.5240957736968994,0.2512165606021881,-0.03468054533004761,0.5228618383407593,0.16389670968055725,-0.051826730370521545,0.4762594699859619,0.5221614837646484,-0.0119031285867095,0.47289106249809265,0.37944257259368896,-0.02709735371172428,0.47494977712631226,0.2830179035663605,-0.04995518922805786,0.47346678376197815,0.20178985595703125,-0.06661783903837204,0.42880702018737793,0.565510094165802,-0.02720581367611885,0.4304391145706177,0.4506222605705261,-0.041292641311883926,0.43379825353622437,0.3759782314300537,-0.05166483670473099,0.4359586238861084,0.3081762194633484,-0.06060094013810158
B,0.49379923939704895,0.8973276615142822,5.7451177326584e-07,0.5767726898193359,0.8146662712097168,-0.03192006051540375,0.6099857687950134,0.666660726070404,-0.03471360728144646,0.5504513382911682,0.5749652981758118,-0.036289967596530914,0.47563475370407104,0.5810668468475342,-0.037345945835113525,0.5815902352333069,0.5037646293640137,0.00933550763875246,0.5794804096221924,0.3732907772064209,-0.003001460572704673,0.5727282762527466,0.29078778624534607,-0.021898794919252396,0.5646742582321167,0.21754184365272522,-0.03897213563323021,0.5252524614334106,0.4922361671924591,0.004794746171683073,0.5243781805038452,0.346179723739624,-0.005458247382193804,0.5252313613891602,0.24412277340888977,-0.026351813226938248,0.5250636339187622,0.15908417105674744,-0.04330719634890556,0.4750095307826996,0.5136137008666992,-0.0069202338345348835,0.47087153792381287,0.37322506308555603,-0.02130892127752304,0.47423940896987915,0.27800413966178894,-0.04429974779486656,0.4749528467655182,0.19824758172035217,-0.06108151748776436,0.4275013208389282,0.5584364533424377,-0.023151500150561333,0.4288675785064697,0.44474491477012634,-0.03626400977373123,0.4329833984375,0.37092268466949463,-0.04631674289703369,0.4368104636669159,0.30401113629341125,-0.055252425372600555
B,0.4976262152194977,0.8960204124450684,5.154327595846553e-07,0.578328013420105,0.8156405687332153,-0.030277730897068977,0.6122694611549377,0.6686283349990845,-0.0333508625626564,0.5561129450798035,0.5769981145858765,-0.035549089312553406,0.4837522804737091,0.5817701816558838,-0.03763192892074585,0.5829351544380188,0.5046715140342712,0.004431679379194975,0.5802425146102905,0.37180134654045105,-0.009719101712107658,0.5740219354629517,0.2876543700695038,-0.0288616381585598,0.5671638250350952,0.2135975956916809,-0.04553322121500969,0.5272476077079773,0.4941122233867645,-0.0008189258514903486,0.5257796049118042,0.3488197326660156,-0.011960312724113464,0.5253451466560364,0.2456727921962738,-0.03182673081755638,0.5237836241722107,0.15786883234977722,-0.0477503165602684,0.47804710268974304,0.5162366628646851,-0.012577907182276249,0.47372061014175415,0.37471261620521545,-0.026684271171689034,0.47426506876945496,0.2802751958370209,-0.047279711812734604,0.4712366461753845,0.20012739300727844,-0.062136705964803696,0.4315333962440491,0.5628731846809387,-0.028672808781266212,0.4317413866519928,0.449749618768692,-0.04153398051857948,0.4340183734893799,0.3751198947429657,-0.050054881721735,0.4346967041492462,0.3081457316875458,-0.0573301687836647
B,0.4914489984512329,0.9032174348831177,4.629213208318106e-07,0.5699533224105835,0.8263530731201172,-0.030295472592115402,0.6052520275115967,0.6797268390655518,-0.034844957292079926,0.5496509075164795,0.5865501165390015,-0.038390807807445526,0.47813910245895386,0.581517219543457,-0.0421401746571064,0.5771047472953796,0.5171605348587036,-0.0029741141479462385,0.5723326802253723,0.38104408979415894,-0.020941203460097313,0.5651351809501648,0.2941826581954956,-0.04115138202905655,0.5574086904525757,0.2191600799560547,-0.05779765173792839,0.5213251709938049,0.5054237246513367,-0.00911248940974474,0.5193737745285034,0.3562306761741638,-0.02401529811322689,0.5185940861701965,0.2496166229248047,-0.044481173157691956,0.5169239044189453,0.15955236554145813,-0.06010378524661064,0.472297728061676,0.5261337757110596,-0.021377351135015488,0.46841806173324585,0.379883736371994,-0.038549862802028656,0.46881991624832153,0.2816552221775055,-0.05912160128355026,0.46580031514167786,0.19817429780960083,-0.07340001314878464,0.42520806193351746,0.5716028809547424,-0.03771940991282463,0.42536282539367676,0.4549199342727661,-0.05347838252782822,0.42823007702827454,0.37838995456695557,-0.0626119077205658,0.42936599254608154,0.30988144874572754,-0.06965799629688263
B,0.498241662979126,0.9122191071510315,4.92893491355062e-07,0.5780763626098633,0.8333354592323303,-0.03050302527844906,0.6132043600082397,0.68438321352005,-0.03407610207796097,0.5571385025978088,0.5907894372940063,-0.0365295372903347,0.48531824350357056,0.5918344855308533,-0.03871489688754082,0.5846266150474548,0.5215052962303162,0.0013714468805119395,0.5812726020812988,0.3854370713233948,-0.014482592232525349,0.5740162134170532,0.2999003827571869,-0.03378521278500557,0.5660921335220337,0.22691240906715393,-0.049757957458496094,0.5274474620819092,0.5089115500450134,-0.003931443206965923,0.525596022605896,0.35793831944465637,-0.01638340950012207,0.5248870849609375,0.2527390122413635,-0.03564518690109253,0.5238944292068481,0.1654767394065857,-0.050204839557409286,0.47677403688430786,0.5291004776954651,-0.015650732442736626,0.4714276194572449,0.38290485739707947,-0.030459407716989517,0.4727356731891632,0.28576135635375977,-0.050632376223802567,0.4711919128894806,0.20448628067970276,-0.0646834447979927,0.42851558327674866,0.574499785900116,-0.03164054825901985,0.4282968044281006,0.45933252573013306,-0.04462099075317383,0.42952755093574524,0.3841545581817627,-0.05245649069547653,0.42934587597846985,0.3177374303340912,-0.05879337340593338
B,0.49837803840637207,0.912846565246582,5.098859219287988e-07,0.5824562311172485,0.8342046141624451,-0.03158134967088699,0.6168660521507263,0.6858174800872803,-0.033253736793994904,0.5594426989555359,0.5921240448951721,-0.033798251301050186,0.4864022135734558,0.5903118252754211,-0.03404705598950386,0.5889735221862793,0.5221269130706787,0.009445974603295326,0.5859158039093018,0.3868173360824585,-0.0037841172888875008,0.5786659121513367,0.30230528116226196,-0.023404816165566444,0.57021164894104,0.22951999306678772,-0.040431320667266846,0.5310950875282288,0.5103636980056763,0.004912951961159706,0.5291371941566467,0.36056873202323914,-0.00620415760204196,0.5290782451629639,0.25491005182266235,-0.02896168641746044,0.5286906957626343,0.16671669483184814,-0.047211162745952606,0.4792039394378662,0.5303553938865662,-0.006852256134152412,0.47425875067710876,0.3864482045173645,-0.022332092747092247,0.47719883918762207,0.28866103291511536,-0.048273470252752304,0.4774365723133087,0.20690029859542847,-0.06705822050571442,0.4303281009197235,0.572701632976532,-0.022873640060424805,0.43103525042533875,0.45734959840774536,-0.03771958127617836,0.4328838586807251,0.38218846917152405,-0.050094492733478546,0.43451619148254395,0.31358903646469116,-0.060634832829236984
B,0.49609169363975525,0.9080766439437866,5.781466256848944e-07,0.5788587927818298,0.8261888027191162,-0.028302766382694244,0.6140900254249573,0.6775873303413391,-0.030415531247854233,0.5586006045341492,0.5855914354324341,-0.032562997192144394,0.48370444774627686,0.5894641876220703,-0.03495467081665993,0.5812316536903381,0.509551465511322,0.010459219105541706,0.578077495098114,0.37763750553131104,-0.0034917511511594057,0.5716168284416199,0.29521048069000244,-0.02369094453752041,0.5632429122924805,0.22210979461669922,-0.04161456227302551,0.524370551109314,0.5009142160415649,0.0019509720150381327,0.5235384702682495,0.35407283902168274,-0.010319598019123077,0.5253612995147705,0.24830198287963867,-0.03380894288420677,0.5249494910240173,0.16036352515220642,-0.05277566984295845,0.4732770323753357,0.5254436731338501,-0.013608315959572792,0.4695323705673218,0.3819701075553894,-0.03111458756029606,0.4722946882247925,0.28385940194129944,-0.057578373700380325,0.47189462184906006,0.2006436288356781,-0.0766877755522728,0.42501121759414673,0.572691798210144,-0.0331200435757637,0.4255775511264801,0.4566221833229065,-0.05008424073457718,0.4307963252067566,0.38116544485092163,-0.06298612058162689,0.4361518323421478,0.31183937191963196,-0.07395851612091064
B,0.49509844183921814,0.9054194688796997,5.583029860645183e-07,0.5797523856163025,0.824311375617981,-0.03182218596339226,0.6140900254249573,0.6799545884132385,-0.034995149821043015,0.5561978220939636,0.5890262126922607,-0.037512168288230896,0.4821214973926544,0.5856987833976746,-0.04033355042338371,0.5837534070014954,0.5203742980957031,0.007381747476756573,0.5794757008552551,0.38621455430984497,-0.00818984117358923,0.5726937651634216,0.3015629053115845,-0.02965589240193367,0.5644270777702332,0.22752073407173157,-0.048290833830833435,0.5266562104225159,0.5107934474945068,0.0008703252533450723,0.524806797504425,0.36117130517959595,-0.013389283791184425,0.5259348154067993,0.25563478469848633,-0.039344511926174164,0.5257999897003174,0.16771429777145386,-0.06002252176403999,0.47511160373687744,0.5319598913192749,-0.012969015166163445,0.471179336309433,0.3868829011917114,-0.03238258883357048,0.47346362471580505,0.2878458797931671,-0.062151093035936356,0.4729907214641571,0.20406633615493774,-0.0834469199180603,0.42710453271865845,0.5746293067932129,-0.030833303928375244,0.4282943904399872,0.45884376764297485,-0.04941786453127861,0.4319807291030884,0.3839696943759918,-0.06496306508779526,0.43543168902397156,0.31510576605796814,-0.07795596867799759
B,0.4990501403808594,0.909687876701355,5.88365708154015e-07,0.5858054757118225,0.8260656595230103,-0.03135227411985397,0.6195379495620728,0.6795955300331116,-0.034045469015836716,0.5614762306213379,0.5892342925071716,-0.036314405500888824,0.48737484216690063,0.5908019542694092,-0.03895066678524017,0.5858230590820312,0.5189558267593384,0.008085988461971283,0.5827507376670837,0.3837384879589081,-0.006984950974583626,0.5771369338035583,0.2976680397987366,-0.028471557423472404,0.5696985125541687,0.22145593166351318,-0.04732933267951012,0.5291241407394409,0.5102535486221313,0.0012394137447699904,0.5286368131637573,0.360404908657074,-0.012311081402003765,0.5302249193191528,0.252457857131958,-0.038368623703718185,0.5304437279701233,0.16249093413352966,-0.05957639962434769,0.4776768684387207,0.5324797034263611,-0.012948593124747276,0.47491124272346497,0.387351930141449,-0.031568534672260284,0.47820407152175903,0.2865659296512604,-0.06187988817691803,0.47854986786842346,0.20272144675254822,-0.08391117304563522,0.4300869107246399,0.5754333734512329,-0.031216705217957497,0.4323459565639496,0.4577999711036682,-0.04897412285208702,0.43674010038375854,0.3812914192676544,-0.06463998556137085,0.4407704770565033,0.3119584023952484,-0.07813752442598343
B,0.4959813952445984,0.9061306715011597,5.580456559073355e-07,0.5830425024032593,0.8226708173751831,-0.03286869823932648,0.6181733012199402,0.6775528788566589,-0.03533531725406647,0.5610442161560059,0.5855203866958618,-0.03689064830541611,0.4872060716152191,0.5858669281005859,-0.038495052605867386,0.5858664512634277,0.5180261135101318,0.009168182499706745,0.5814735293388367,0.38309240341186523,-0.004330322612076998,0.5752912163734436,0.2970995008945465,-0.02483299933373928,0.5684731602668762,0.22121480107307434,-0.043064963072538376,0.5286365151405334,0.5086893439292908,0.004351960029453039,0.5265606641769409,0.35991454124450684,-0.007608145009726286,0.5268784761428833,0.25317955017089844,-0.03241319954395294,0.5263486504554749,0.1632441282272339,-0.05270293727517128,0.4775373935699463,0.5299191474914551,-0.007890434935688972,0.47359323501586914,0.38595446944236755,-0.024710580706596375,0.4757411479949951,0.2869599759578705,-0.053245119750499725,0.47482913732528687,0.2044747769832611,-0.07398763298988342,0.42968273162841797,0.5726950764656067,-0.02446204610168934,0.4306565523147583,0.456188440322876,-0.04053677245974541,0.4336702525615692,0.3807225227355957,-0.05491325259208679,0.43596452474594116,0.3129918873310089,-0.06726035475730896
B,0.49621960520744324,0.9040917158126831,5.480613936015288e-07,0.5803512334823608,0.8252182006835938,-0.03364783897995949,0.6161465644836426,0.6778433918952942,-0.036804474890232086,0.5583900809288025,0.5850111246109009,-0.03844631463289261,0.48417654633522034,0.5842623710632324,-0.0398922935128212,0.5854560136795044,0.5135200023651123,0.005370370578020811,0.5807435512542725,0.3783566951751709,-0.008955121040344238,0.5738017559051514,0.292810320854187,-0.02884509414434433,0.5664818286895752,0.21812066435813904,-0.0460779033601284,0.5282244682312012,0.5031177401542664,0.0016168884467333555,0.5256386995315552,0.3548361659049988,-0.010549336671829224,0.5252962112426758,0.2487947940826416,-0.03311891108751297,0.5244922041893005,0.1601942777633667,-0.05103530362248421,0.47742313146591187,0.5242691040039062,-0.009306548163294792,0.4726705551147461,0.38066014647483826,-0.025372907519340515,0.47389161586761475,0.282922625541687,-0.05037480965256691,0.47229862213134766,0.20085769891738892,-0.06827428191900253,0.42969340085983276,0.5683576464653015,-0.024670565500855446,0.43070220947265625,0.45388686656951904,-0.03958526626229286,0.4336908757686615,0.3799469470977783,-0.05129838362336159,0.43583017587661743,0.31263303756713867,-0.06112697347998619
B,0.4999859035015106,0.9052203893661499,5.831849421156221e-07,0.5837637186050415,0.8225366473197937,-0.0307096466422081,0.6176692247390747,0.6757498979568481,-0.03254099190235138,0.5615195631980896,0.583541750907898,-0.033559080213308334,0.48750361800193787,0.5897964239120483,-0.03432347625494003,0.5864631533622742,0.5133810043334961,0.009712851606309414,0.5837866067886353,0.3792215883731842,-0.002773427404463291,0.5776968002319336,0.2940295338630676,-0.021921880543231964,0.5703970193862915,0.21867510676383972,-0.03892480581998825,0.5300823450088501,0.5035184621810913,0.004495736677199602,0.5287734866142273,0.35612285137176514,-0.005920051131397486,0.5298063158988953,0.25024083256721497,-0.027422361075878143,0.5295045971870422,0.1620730459690094,-0.044891662895679474,0.4792620539665222,0.5251224637031555,-0.007814116775989532,0.47404852509498596,0.3830772638320923,-0.022465908899903297,0.4761083424091339,0.28553780913352966,-0.0462474599480629,0.47496625781059265,0.20479711890220642,-0.06335253268480301,0.4312365651130676,0.5683920979499817,-0.02448027953505516,0.4316236972808838,0.4513813853263855,-0.0379614531993866,0.4349966049194336,0.37585049867630005,-0.04842149838805199,0.4380539059638977,0.30824917554855347,-0.05749987065792084
B,0.49788516759872437,0.9050533771514893,5.58140186512901e-07,0.5826559662818909,0.8222464323043823,-0.030196059495210648,0.6173202395439148,0.6713587045669556,-0.031250230967998505,0.5611574649810791,0.5767753720283508,-0.03159128874540329,0.48727595806121826,0.5830973386764526,-0.03177037090063095,0.5836325287818909,0.509194552898407,0.010094490833580494,0.5815925002098083,0.37467432022094727,-0.0023786574602127075,0.5764168500900269,0.2898871898651123,-0.021157175302505493,0.5702919363975525,0.21556904911994934,-0.037831880152225494,0.5279696583747864,0.4996582865715027,0.0048166424967348576,0.527266800403595,0.35175591707229614,-0.005450998432934284,0.5283128619194031,0.24538370966911316,-0.026394659653306007,0.5280298590660095,0.15658530592918396,-0.04336147382855415,0.47848621010780334,0.5220801830291748,-0.007528429850935936,0.47379443049430847,0.3787287175655365,-0.021986862644553185,0.47528210282325745,0.28073596954345703,-0.04519149661064148,0.47348752617836,0.19961604475975037,-0.06190303713083267,0.4314613938331604,0.5674343109130859,-0.024213362485170364,0.43172600865364075,0.45084768533706665,-0.03752803057432175,0.4346168041229248,0.37471991777420044,-0.04782174900174141,0.4365262985229492,0.3065492808818817,-0.056784264743328094
B,0.4993762671947479,0.9069246053695679,5.537245897357934e-07,0.5881680846214294,0.8291850090026855,-0.029639462009072304,0.6236463785171509,0.6845935583114624,-0.03204670920968056,0.5699935555458069,0.593604326248169,-0.03446642681956291,0.4973837435245514,0.5920433402061462,-0.03800281882286072,0.589139461517334,0.5224413871765137,0.005031406879425049,0.5869224071502686,0.3880142569541931,-0.011993088759481907,0.582179069519043,0.3022197186946869,-0.03417525812983513,0.5756652355194092,0.22723206877708435,-0.05344485118985176,0.5320747494697571,0.5124921202659607,-0.003701290115714073,0.5331070423126221,0.36022359132766724,-0.020196933299303055,0.5363638997077942,0.25167664885520935,-0.047795619815588,0.537996232509613,0.15957778692245483,-0.06989099085330963,0.480084627866745,0.5337316393852234,-0.019440604373812675,0.4781671166419983,0.3851800858974457,-0.04156399890780449,0.4812392592430115,0.2835089862346649,-0.07393521815538406,0.4813249409198761,0.19779080152511597,-0.097075454890728,0.43219128251075745,0.5766412615776062,-0.03878752514719963,0.4350777864456177,0.4558749794960022,-0.05990030989050865,0.4399911165237427,0.3785788118839264,-0.07758992165327072,0.4447422921657562,0.30734625458717346,-0.09248210489749908
B,0.5040764808654785,0.9036359786987305,5.329000600795553e-07,0.591075599193573,0.8259852528572083,-0.029838314279913902,0.6293025612831116,0.6793489456176758,-0.03156755492091179,0.5752210021018982,0.5842557549476624,-0.03286735713481903,0.5023053288459778,0.580054521560669,-0.034450165927410126,0.5942811965942383,0.5176503658294678,0.007862021215260029,0.5924730896949768,0.38122108578681946,-0.007695239502936602,0.5872877836227417,0.2941600978374481,-0.028365926817059517,0.5814356803894043,0.21832138299942017,-0.04616624861955643,0.5376659631729126,0.5052863359451294,0.0012290127342566848,0.5389869213104248,0.3534797430038452,-0.013095255941152573,0.5417463779449463,0.2455027997493744,-0.03740851581096649,0.5437874794006348,0.1544998288154602,-0.0564008504152298,0.48676803708076477,0.5247802138328552,-0.012372701428830624,0.4839803874492645,0.37669193744659424,-0.03125383332371712,0.4873102903366089,0.2769196033477783,-0.05831655114889145,0.4878941774368286,0.1930432915687561,-0.07740020006895065,0.4394679069519043,0.5672304034233093,-0.02988824062049389,0.44168803095817566,0.4493475556373596,-0.047409653663635254,0.44545266032218933,0.3732849359512329,-0.060702838003635406,0.44883614778518677,0.3033721446990967,-0.07169598340988159
B,0.5068323016166687,0.9049662351608276,5.52193341718521e-07,0.5940901637077332,0.8217732310295105,-0.026719558984041214,0.6301242113113403,0.6779107451438904,-0.027896717190742493,0.5764104127883911,0.5873196125030518,-0.02989632450044155,0.5041261911392212,0.5806716680526733,-0.03279024735093117,0.5929422378540039,0.5160960555076599,0.01184302568435669,0.5907337069511414,0.37996065616607666,-0.004336811136454344,0.5879969596862793,0.2939254641532898,-0.026035163551568985,0.584274411201477,0.21844813227653503,-0.044782135635614395,0.5375837087631226,0.5063467025756836,0.0024065778125077486,0.5383896231651306,0.3540130853652954,-0.01302130427211523,0.5419579148292542,0.2456805408000946,-0.04002821445465088,0.544603168964386,0.15414604544639587,-0.061621710658073425,0.4874586760997772,0.5271134376525879,-0.014091462828218937,0.4850403368473053,0.3811463415622711,-0.03476695716381073,0.4879978597164154,0.2809309661388397,-0.064888596534729,0.4882446229457855,0.19735607504844666,-0.08625772595405579,0.4402852952480316,0.5704590082168579,-0.03417966142296791,0.44312018156051636,0.4511263370513916,-0.05366431176662445,0.44702497124671936,0.3740130066871643,-0.06939518451690674,0.45021384954452515,0.3038545250892639,-0.08250344544649124
B,0.5106770992279053,0.9278981685638428,5.5076480975913e-07,0.599436342716217,0.8427482843399048,-0.028591036796569824,0.6366874575614929,0.6921887397766113,-0.02954583242535591,0.5802378058433533,0.5975247025489807,-0.030739692971110344,0.504102885723114,0.5958994030952454,-0.032346319407224655,0.5995325446128845,0.5292317867279053,0.012210987508296967,0.5979562997817993,0.3898698687553406,-0.0027679912745952606,0.5939950942993164,0.30196845531463623,-0.023684432730078697,0.5895683765411377,0.2251168191432953,-0.042137209326028824,0.5423048138618469,0.5176554322242737,0.003981289453804493,0.5427578687667847,0.3624180555343628,-0.010231790132820606,0.5450921654701233,0.2528039515018463,-0.03601663187146187,0.5471118092536926,0.16087156534194946,-0.05669540539383888,0.49092039465904236,0.5382329225540161,-0.011462705209851265,0.48764118552207947,0.38919150829315186,-0.03055379167199135,0.49209651350975037,0.28611090779304504,-0.059334494173526764,0.49414920806884766,0.20029935240745544,-0.08003627508878708,0.44246798753738403,0.5817844867706299,-0.030834458768367767,0.44354671239852905,0.4593240022659302,-0.04901896044611931,0.44735947251319885,0.37960517406463623,-0.06357468664646149,0.45117953419685364,0.3074260652065277,-0.07589918375015259
B,0.5290808081626892,0.9399035573005676,6.594619321731443e-07,0.6123843193054199,0.85930335521698,-0.035140447318553925,0.6506597995758057,0.7064279317855835,-0.04221034049987793,0.5897704362869263,0.6105273365974426,-0.04694468528032303,0.5122032165527344,0.6045032739639282,-0.05162749066948891,0.6138124465942383,0.5340549945831299,-0.009066713973879814,0.6178983449935913,0.38724324107170105,-0.029689881950616837,0.6153882741928101,0.29446232318878174,-0.051438089460134506,0.609683632850647,0.21529969573020935,-0.06848882883787155,0.5532721281051636,0.5171443223953247,-0.01420358195900917,0.5582184195518494,0.35162386298179626,-0.03012518584728241,0.5631172060966492,0.23894751071929932,-0.05164637044072151,0.5662530064582825,0.14646995067596436,-0.06752413511276245,0.4988619089126587,0.5360620021820068,-0.025670284405350685,0.4966146647930145,0.3784780204296112,-0.04330505430698395,0.5019145011901855,0.2734489440917969,-0.0655946135520935,0.5044976472854614,0.186201274394989,-0.08102444559335709,0.44595322012901306,0.5825126767158508,-0.041487403213977814,0.44643524289131165,0.45902562141418457,-0.05695519596338272,0.4517452120780945,0.37835729122161865,-0.06550233066082001,0.456601083278656,0.30764344334602356,-0.07210731506347656
B,0.5261690616607666,0.947386622428894,5.892852072975074e-07,0.6122822165489197,0.8594139814376831,-0.035053908824920654,0.6531782150268555,0.7090729475021362,-0.04112021252512932,0.5904128551483154,0.6134989261627197,-0.045504529029130936,0.5147995352745056,0.6044335961341858,-0.0493689589202404,0.6164678335189819,0.5371364951133728,-0.0003213710442651063,0.6203182935714722,0.38882070779800415,-0.019654715433716774,0.617565393447876,0.29655641317367554,-0.04143994674086571,0.6122411489486694,0.2170252501964569,-0.05861850827932358,0.5553841590881348,0.5210356116294861,-0.00475597009062767,0.5595818161964417,0.35593006014823914,-0.020294809713959694,0.562337338924408,0.24348986148834229,-0.04251986742019653,0.5637631416320801,0.14988070726394653,-0.059055034071207047,0.5015392899513245,0.5385169982910156,-0.016319746151566505,0.49876177310943604,0.3837020695209503,-0.03344845771789551,0.5032959580421448,0.279796838760376,-0.05598226934671402,0.5048279762268066,0.19294419884681702,-0.07158026844263077,0.44907063245773315,0.5824687480926514,-0.03252251818776131,0.44926270842552185,0.45911163091659546,-0.04724462702870369,0.45160597562789917,0.37735098600387573,-0.05642154440283775,0.45303940773010254,0.3044717609882355,-0.0635480284690857
B,0.5249770283699036,0.9507061243057251,6.050126444279158e-07,0.6129233837127686,0.8601008653640747,-0.034550558775663376,0.655755341053009,0.7084561586380005,-0.03995094075798988,0.593792736530304,0.6108828783035278,-0.04380668327212334,0.5158783793449402,0.6031522750854492,-0.04717027768492699,0.6158276796340942,0.5373274087905884,0.002417081268504262,0.6179598569869995,0.3875281810760498,-0.01601586863398552,0.614687979221344,0.29443851113319397,-0.03735232725739479,0.6104652881622314,0.21473222970962524,-0.05435546487569809,0.5552681088447571,0.5200613737106323,-0.0022346130572259426,0.5575742721557617,0.3546009957790375,-0.01691596768796444,0.560040295124054,0.2412603497505188,-0.03905285522341728,0.5628443956375122,0.14750850200653076,-0.05561606213450432,0.5011096000671387,0.5360292196273804,-0.014085167087614536,0.49762269854545593,0.37802308797836304,-0.030800586566329002,0.5028406381607056,0.2733815908432007,-0.05314614251255989,0.5064721703529358,0.18591448664665222,-0.06858506053686142,0.44809967279434204,0.5791740417480469,-0.030562210828065872,0.4482693374156952,0.45390188694000244,-0.04506450146436691,0.4515203535556793,0.3727216124534607,-0.05368547514081001,0.45435070991516113,0.3005550503730774,-0.06039627641439438
B,0.5316526293754578,0.956253170967102,7.342746357608121e-07,0.6205428242683411,0.8762518167495728,-0.04211156815290451,0.6658851504325867,0.7150523066520691,-0.050802286714315414,0.5986181497573853,0.6124159693717957,-0.0561201311647892,0.513032853603363,0.6032754778862,-0.06093278154730797,0.6286618709564209,0.5284737944602966,-0.010643498040735722,0.6301119327545166,0.3714640140533447,-0.03303439915180206,0.6245325207710266,0.27014872431755066,-0.05683400481939316,0.6158453822135925,0.18419283628463745,-0.0752612054347992,0.5637735724449158,0.5112252831459045,-0.013387861661612988,0.5701646208763123,0.3359941840171814,-0.030378732830286026,0.5748695135116577,0.21568405628204346,-0.053404174745082855,0.5779287815093994,0.11908766627311707,-0.07030433416366577,0.5061347484588623,0.5305932760238647,-0.0234968438744545,0.5062883496284485,0.36577510833740234,-0.04200843349099159,0.5119433403015137,0.25543028116226196,-0.06428896635770798,0.5149183869361877,0.16603809595108032,-0.07939895242452621,0.4496694505214691,0.5775529742240906,-0.038864437490701675,0.4535219669342041,0.44637638330459595,-0.05486337095499039,0.4595623016357422,0.36144039034843445,-0.06284482032060623,0.46472930908203125,0.2870868146419525,-0.06869108229875565
B,0.5293493866920471,0.9608147144317627,6.044225528967218e-07,0.6204970479011536,0.8775198459625244,-0.036644574254751205,0.669267475605011,0.71827632188797,-0.04241868481040001,0.6068436503410339,0.613722562789917,-0.04631950706243515,0.5249562859535217,0.6025874614715576,-0.04994373396039009,0.6293590068817139,0.522678792476654,-0.0004630117036867887,0.6289399862289429,0.3666023910045624,-0.019759267568588257,0.6234920024871826,0.2687924802303314,-0.04215732961893082,0.6170669198036194,0.18491095304489136,-0.06044653430581093,0.5640422105789185,0.5055225491523743,-0.005522018298506737,0.5653817057609558,0.33359935879707336,-0.020888419821858406,0.5680400133132935,0.21637287735939026,-0.0438445545732975,0.5710558891296387,0.11984899640083313,-0.06116789951920509,0.5065388679504395,0.524908721446991,-0.01791195571422577,0.5040708780288696,0.3596445918083191,-0.03611581400036812,0.5102584362030029,0.25145092606544495,-0.058604758232831955,0.5147263407707214,0.1609843373298645,-0.07422971725463867,0.45156925916671753,0.5736208558082581,-0.03515462204813957,0.4524494409561157,0.44300520420074463,-0.05196087434887886,0.4569087624549866,0.35937708616256714,-0.06094004213809967,0.46122053265571594,0.2837817668914795,-0.06766898930072784
B,0.5325681567192078,0.9643513560295105,7.777993005220196e-07,0.6245841979980469,0.8793412446975708,-0.045361243188381195,0.6710825562477112,0.7157213091850281,-0.05594531074166298,0.601729154586792,0.6069305539131165,-0.06323894113302231,0.5138177871704102,0.5963685512542725,-0.07032390683889389,0.6348968744277954,0.5110005140304565,-0.010748660191893578,0.6358177661895752,0.3482236862182617,-0.034911010414361954,0.6314924955368042,0.24360722303390503,-0.061441294848918915,0.6246806979179382,0.15370872616767883,-0.08252709358930588,0.5671402215957642,0.49515968561172485,-0.01460813358426094,0.5712583065032959,0.3136582374572754,-0.03446284309029579,0.575339674949646,0.18683531880378723,-0.062177639454603195,0.5782524943351746,0.08327871561050415,-0.08278613537549973,0.507129430770874,0.5177000164985657,-0.026433801278471947,0.5074692964553833,0.3467753827571869,-0.04939265176653862,0.5143246650695801,0.23009106516838074,-0.07701248675584793,0.5187039375305176,0.13320651650428772,-0.09572425484657288,0.4486010670661926,0.5690869092941284,-0.043700650334358215,0.4510674476623535,0.4322887659072876,-0.06479375064373016,0.4570719003677368,0.3433241844177246,-0.0768517404794693,0.46262243390083313,0.26341360807418823,-0.0855678990483284
B,0.5424603819847107,0.9835978746414185,7.207380008367181e-07,0.6378450393676758,0.8960334062576294,-0.038509171456098557,0.685978889465332,0.7301024198532104,-0.04497082531452179,0.6154599785804749,0.6209219694137573,-0.049753814935684204,0.52862548828125,0.6208541989326477,-0.054990384727716446,0.6396700143814087,0.5252107381820679,-0.005047481972724199,0.6449933052062988,0.35914427042007446,-0.02694999799132347,0.6427459120750427,0.2532060742378235,-0.05156681314110756,0.6373831033706665,0.1628020703792572,-0.07141665369272232,0.5715374946594238,0.5076320171356201,-0.011698923073709011,0.5791829228401184,0.3188360631465912,-0.029492350295186043,0.5848333835601807,0.18737417459487915,-0.05525793880224228,0.5878826379776001,0.07929486036300659,-0.07440852373838425,0.5120468735694885,0.5293930172920227,-0.025620652362704277,0.5094937086105347,0.35165178775787354,-0.046576127409935,0.5140568017959595,0.23258736729621887,-0.07246185839176178,0.5147276520729065,0.1340911090373993,-0.08996453881263733,0.45356494188308716,0.582551896572113,-0.04447312653064728,0.45575499534606934,0.4407392144203186,-0.0628746971487999,0.46065717935562134,0.3497985005378723,-0.07270985096693039,0.4642493724822998,0.2692350745201111,-0.08009323477745056
B,0.5419433116912842,0.9737672805786133,7.521570637436525e-07,0.6380252838134766,0.8843328952789307,-0.039101872593164444,0.6900286674499512,0.7175966501235962,-0.0448480024933815,0.6205660104751587,0.609708845615387,-0.049178726971149445,0.5331314206123352,0.6061723828315735,-0.05383867770433426,0.6409721374511719,0.504593014717102,0.003803418716415763,0.6416316628456116,0.34110337495803833,-0.016038712114095688,0.639450192451477,0.23768988251686096,-0.04089565947651863,0.6363635659217834,0.14826655387878418,-0.0614565871655941,0.5734035968780518,0.4915529489517212,-0.002948477864265442,0.5774485468864441,0.3063330352306366,-0.0195010919123888,0.583429753780365,0.176897794008255,-0.04711870104074478,0.5891613960266113,0.06974095106124878,-0.06841892749071121,0.5135263204574585,0.5157917737960815,-0.017912473529577255,0.5123811364173889,0.33975929021835327,-0.039067208766937256,0.5195936560630798,0.2209964096546173,-0.06740233302116394,0.5248902440071106,0.1224723756313324,-0.0870005190372467,0.4554082155227661,0.569517970085144,-0.03797047957777977,0.45629775524139404,0.4273786246776581,-0.05716874450445175,0.4624290466308594,0.33634889125823975,-0.06888874620199203,0.46823275089263916,0.25372371077537537,-0.07814515382051468
B,0.5343541502952576,0.9724501967430115,7.295626005543454e-07,0.6296389102935791,0.8830875158309937,-0.04062698781490326,0.6806361079216003,0.7168922424316406,-0.04845283925533295,0.6122971773147583,0.605704128742218,-0.0542343407869339,0.5270734429359436,0.5981001853942871,-0.060259927064180374,0.6338960528373718,0.5061192512512207,-0.0038985053543001413,0.6355751752853394,0.3408288359642029,-0.02613447606563568,0.6322675347328186,0.23539134860038757,-0.051201123744249344,0.628303050994873,0.1453048586845398,-0.07146964967250824,0.5659321546554565,0.4909983277320862,-0.009749744087457657,0.5704240798950195,0.3022867441177368,-0.028095979243516922,0.5760667324066162,0.17175135016441345,-0.05423653498291969,0.5818651914596558,0.06523895263671875,-0.07380612194538116,0.5066236257553101,0.5146313905715942,-0.02334711328148842,0.5044323205947876,0.33481365442276,-0.04512627422809601,0.5094881057739258,0.2153913676738739,-0.07120323181152344,0.5132325887680054,0.11715048551559448,-0.08897636830806732,0.4496067464351654,0.5694819092750549,-0.04208916425704956,0.4499698877334595,0.42875128984451294,-0.0620620921254158,0.4541495144367218,0.3371095657348633,-0.07309024780988693,0.45771995186805725,0.25513216853141785,-0.0812051072716713
B,0.5226466059684753,0.9741666316986084,7.024072488093225e-07,0.6208188533782959,0.8895089626312256,-0.04103729873895645,0.6700864434242249,0.7183154225349426,-0.0465916246175766,0.6071421504020691,0.604660153388977,-0.050611212849617004,0.5209581851959229,0.6006691455841064,-0.05514371395111084,0.6203572750091553,0.5069896578788757,0.0008733479189686477,0.6198825836181641,0.3420620560646057,-0.018783075734972954,0.6153356432914734,0.23697680234909058,-0.044036030769348145,0.6097670793533325,0.1458437144756317,-0.06547430902719498,0.5544447302818298,0.4955950975418091,-0.005135973449796438,0.556649923324585,0.3099144995212555,-0.021495863795280457,0.5600724816322327,0.17902201414108276,-0.05032268166542053,0.5627938508987427,0.06913375854492188,-0.07333240658044815,0.49631717801094055,0.5215964317321777,-0.019305292516946793,0.49341461062431335,0.3446480631828308,-0.0404069721698761,0.4968605935573578,0.22459739446640015,-0.07102491706609726,0.49749839305877686,0.12708553671836853,-0.0928891971707344,0.4406943619251251,0.577300488948822,-0.038762450218200684,0.44221943616867065,0.4343608617782593,-0.058146461844444275,0.44665154814720154,0.3411076068878174,-0.07222616672515869,0.44940420985221863,0.25839701294898987,-0.08406054228544235
B,0.5159332156181335,0.9690982103347778,7.67922017530509e-07,0.615203320980072,0.8832379579544067,-0.04480558633804321,0.6640987992286682,0.713768482208252,-0.05037185922265053,0.601597249507904,0.5999150276184082,-0.05392467975616455,0.5134267210960388,0.5900534391403198,-0.05735358968377113,0.6158456802368164,0.5047451853752136,0.004619837738573551,0.6148043870925903,0.33609119057655334,-0.013299106620252132,0.6114872097969055,0.22972846031188965,-0.038832057267427444,0.6064068078994751,0.136371910572052,-0.06069307401776314,0.5494363903999329,0.4930000305175781,0.0005811435985378921,0.5516135096549988,0.3060370087623596,-0.013807308860123158,0.5557137727737427,0.17379239201545715,-0.043783992528915405,0.5584263801574707,0.06347334384918213,-0.06822460144758224,0.4903106093406677,0.5163031816482544,-0.012541376054286957,0.48865461349487305,0.3402740955352783,-0.032362960278987885,0.4938247799873352,0.22031208872795105,-0.06480435281991959,0.49539104104042053,0.12276220321655273,-0.08822622150182724,0.434546560049057,0.566062331199646,-0.03155896067619324,0.43622153997421265,0.42266255617141724,-0.05004596337676048,0.4403625428676605,0.3307890295982361,-0.06515175104141235,0.4427911341190338,0.2494983971118927,-0.0781254842877388
B,0.512729823589325,0.9690104722976685,7.689108088015928e-07,0.6117565035820007,0.8825097680091858,-0.048111528158187866,0.6624922752380371,0.7111424207687378,-0.05522342398762703,0.5990821719169617,0.5951777696609497,-0.059552475810050964,0.5102370381355286,0.5870818495750427,-0.06321246922016144,0.6139293909072876,0.5031538009643555,0.002061803825199604,0.6134911775588989,0.33478498458862305,-0.015850085765123367,0.6089471578598022,0.22877418994903564,-0.04113832488656044,0.603257417678833,0.13584750890731812,-0.0627642422914505,0.5474697947502136,0.4911683201789856,-0.00025673676282167435,0.5498340129852295,0.30374714732170105,-0.014058826491236687,0.5527920722961426,0.1729429066181183,-0.04300136864185333,0.5548409819602966,0.06363725662231445,-0.06655173748731613,0.48865458369255066,0.5142526030540466,-0.011840160004794598,0.4871702194213867,0.33733341097831726,-0.03018340840935707,0.4925912916660309,0.21642985939979553,-0.06114824116230011,0.49458399415016174,0.11849874258041382,-0.08375629037618637,0.43298864364624023,0.5635300874710083,-0.029771745204925537,0.4349004328250885,0.4200424551963806,-0.04625938832759857,0.43879377841949463,0.3272148370742798,-0.05999339744448662,0.4411330223083496,0.2454155683517456,-0.07211288064718246
B,0.5163478255271912,0.9738125801086426,6.718062763866328e-07,0.6142459511756897,0.8866551518440247,-0.044077809900045395,0.6647995114326477,0.7126192450523376,-0.05133823677897453,0.6008768081665039,0.5946111679077148,-0.056196652352809906,0.5129024982452393,0.5912830233573914,-0.06066800653934479,0.6165341734886169,0.5005524158477783,-0.002198335248976946,0.616648256778717,0.32974672317504883,-0.02240673080086708,0.6118723154067993,0.22314471006393433,-0.047021523118019104,0.6059634685516357,0.1301763653755188,-0.06752657145261765,0.5501109957695007,0.48750078678131104,-0.005986764095723629,0.5520052313804626,0.3007925748825073,-0.02189353108406067,0.5533977150917053,0.16984963417053223,-0.047544363886117935,0.5538442730903625,0.05950435996055603,-0.06747501343488693,0.49192407727241516,0.5120149254798889,-0.01820116490125656,0.4896458387374878,0.3327672481536865,-0.03745713457465172,0.4932418763637543,0.21092116832733154,-0.0634259358048439,0.49278387427330017,0.1097363829612732,-0.08163652569055557,0.43579787015914917,0.5654979348182678,-0.036288872361183167,0.43789154291152954,0.4199061989784241,-0.054022498428821564,0.44110944867134094,0.32451897859573364,-0.06511777639389038,0.44172313809394836,0.23949676752090454,-0.07390975207090378
B,0.513073742389679,0.9764308929443359,7.343135735027317e-07,0.6141324043273926,0.8897249102592468,-0.04036829620599747,0.6637064218521118,0.7176700830459595,-0.04618412256240845,0.6001086235046387,0.6025784015655518,-0.05080925300717354,0.5129809379577637,0.5974636673927307,-0.05623669549822807,0.6126807928085327,0.5014277696609497,0.0004300675354897976,0.6123383045196533,0.33261746168136597,-0.020753245800733566,0.6089041233062744,0.22398501634597778,-0.04711440950632095,0.603595495223999,0.13010573387145996,-0.0693679079413414,0.5458006262779236,0.49034616351127625,-0.00721002696081996,0.5481505990028381,0.30159109830856323,-0.02547585219144821,0.5518316030502319,0.16811421513557434,-0.055868905037641525,0.5541288256645203,0.05744296312332153,-0.07974208146333694,0.4865337610244751,0.5169983506202698,-0.022983843460679054,0.4846019446849823,0.3359154462814331,-0.0463864728808403,0.4895121455192566,0.21217459440231323,-0.07855039089918137,0.49118074774742126,0.11121538281440735,-0.10122762620449066,0.4295005798339844,0.5736482739448547,-0.04391453415155411,0.43153542280197144,0.42874589562416077,-0.06638593226671219,0.4368284344673157,0.3336896300315857,-0.08204106241464615,0.44036194682121277,0.24938172101974487,-0.09453637152910233
B,0.5116584897041321,0.9754570126533508,7.129255550353264e-07,0.6101367473602295,0.8898488283157349,-0.04428169131278992,0.6615903377532959,0.7163517475128174,-0.051044538617134094,0.598936915397644,0.599723219871521,-0.05549109727144241,0.5111499428749084,0.5919924378395081,-0.059874486178159714,0.6106157898902893,0.5011419057846069,-0.0007470761775039136,0.6093473434448242,0.3329029679298401,-0.020663030445575714,0.604496955871582,0.2270190417766571,-0.04589878022670746,0.5990192294120789,0.1352209746837616,-0.06716379523277283,0.5445189476013184,0.4898138642311096,-0.004644322209060192,0.5456963777542114,0.3032705783843994,-0.020671553909778595,0.5485807657241821,0.17321619391441345,-0.04874427989125252,0.5514748692512512,0.06511098146438599,-0.07095971703529358,0.48657330870628357,0.5157899260520935,-0.017035242170095444,0.4838675558567047,0.33759772777557373,-0.03726574406027794,0.48748210072517395,0.2168305516242981,-0.06655533611774445,0.48828116059303284,0.11833593249320984,-0.0874934270977974,0.43109118938446045,0.5711551904678345,-0.03514690324664116,0.43181365728378296,0.4283902645111084,-0.05409419164061546,0.4346471428871155,0.33539238572120667,-0.06760154664516449,0.43542027473449707,0.25304555892944336,-0.07860220968723297
B,0.5120612978935242,0.976041316986084,7.263195129780797e-07,0.6120896935462952,0.887987494468689,-0.042618539184331894,0.6631853580474854,0.7195287346839905,-0.05007220804691315,0.6011701226234436,0.605343222618103,-0.05590258538722992,0.5137103199958801,0.5951623916625977,-0.06200415641069412,0.6127912998199463,0.5051401257514954,-0.0009875106625258923,0.6132360696792603,0.3375478982925415,-0.022810837253928185,0.6098405718803406,0.2316156029701233,-0.049179594963788986,0.6051697731018066,0.13962143659591675,-0.07094339281320572,0.5469231605529785,0.49385446310043335,-0.006955558899790049,0.5505535006523132,0.305377334356308,-0.025262951850891113,0.5555998086929321,0.1744822859764099,-0.05457841604948044,0.5597468018531799,0.06528812646865845,-0.0773000717163086,0.4885658323764801,0.519752562046051,-0.021362492814660072,0.48697593808174133,0.3400278091430664,-0.04404297471046448,0.4913938641548157,0.2178584337234497,-0.0743553638458252,0.4929201602935791,0.1174527108669281,-0.09542418271303177,0.432241290807724,0.5748781561851501,-0.041211556643247604,0.4342794120311737,0.4298185110092163,-0.06191148981451988,0.4386475086212158,0.33535975217819214,-0.07585015147924423,0.440999835729599,0.25135329365730286,-0.08686128258705139
B,0.5084631443023682,0.9745657444000244,7.567308557554497e-07,0.6091074347496033,0.888066291809082,-0.04440437629818916,0.6653324365615845,0.7170040011405945,-0.05096222087740898,0.6052608489990234,0.5977602601051331,-0.055071406066417694,0.5166231393814087,0.5904446840286255,-0.05858408659696579,0.6148162484169006,0.5035753846168518,0.0025725418236106634,0.6170910596847534,0.3371317684650421,-0.016447482630610466,0.6143096089363098,0.232004314661026,-0.04110460728406906,0.6114715337753296,0.14141830801963806,-0.06181476265192032,0.549286961555481,0.48901522159576416,-0.0007980008376762271,0.5550530552864075,0.30234819650650024,-0.015769338235259056,0.5617187023162842,0.17305004596710205,-0.04230237379670143,0.5679011344909668,0.0668344497680664,-0.06312406808137894,0.49113985896110535,0.5124892592430115,-0.012960202060639858,0.49083659052848816,0.335981160402298,-0.03203699365258217,0.4969082474708557,0.21684497594833374,-0.059360187500715256,0.5001251101493835,0.11993813514709473,-0.07875043898820877,0.43490689992904663,0.5652358531951904,-0.03104362264275551,0.43787479400634766,0.42406630516052246,-0.04820703715085983,0.44262951612472534,0.3318842053413391,-0.06005911901593208,0.4453057050704956,0.25006240606307983,-0.0698692798614502
B,0.4960009455680847,0.9693491458892822,7.12923281298572e-07,0.5941917896270752,0.8817800283432007,-0.041577812284231186,0.6477414965629578,0.7095229625701904,-0.04674537107348442,0.5883362293243408,0.5918146967887878,-0.05019748955965042,0.5010948181152344,0.5839930772781372,-0.05283515900373459,0.6003811359405518,0.5001360177993774,0.006222562398761511,0.6038023233413696,0.3354475200176239,-0.011915265582501888,0.6018999218940735,0.2312537431716919,-0.0358237624168396,0.5988880395889282,0.1405034363269806,-0.05618888884782791,0.5367906093597412,0.4853341579437256,0.0018422325374558568,0.5422995686531067,0.3057127594947815,-0.012366149574518204,0.5473616719245911,0.17862388491630554,-0.03765491396188736,0.550418496131897,0.07319885492324829,-0.05767436325550079,0.480437308549881,0.5088266730308533,-0.011316049844026566,0.4814377427101135,0.3363983631134033,-0.02968946285545826,0.4881627857685089,0.21973863244056702,-0.05542119964957237,0.4903905987739563,0.12295335531234741,-0.07376587390899658,0.4253236651420593,0.560609757900238,-0.03029521368443966,0.4281989336013794,0.4233778715133667,-0.047724004834890366,0.43355414271354675,0.3321800231933594,-0.059405673295259476,0.4364072382450104,0.2506750226020813,-0.06886003166437149
B,0.5002511739730835,0.9717046022415161,7.387735649899696e-07,0.5964488387107849,0.8822596073150635,-0.043815355747938156,0.650651752948761,0.7125927805900574,-0.05052166432142258,0.5888695120811462,0.5973650217056274,-0.05519041791558266,0.5011081695556641,0.5881895422935486,-0.05895739421248436,0.6027893424034119,0.5002345442771912,0.0045811510644853115,0.6049002408981323,0.3317374289035797,-0.014739342965185642,0.6025472283363342,0.2259129285812378,-0.03952249884605408,0.5989960432052612,0.13402673602104187,-0.05993987247347832,0.5380151271820068,0.4880421459674835,0.0011148876510560513,0.5429668426513672,0.3048035204410553,-0.013995825313031673,0.5470073819160461,0.17603078484535217,-0.040564943104982376,0.5494596362113953,0.0694887638092041,-0.06118515878915787,0.4809759855270386,0.511786937713623,-0.01128969807177782,0.4821551442146301,0.33727478981018066,-0.02986796386539936,0.48865050077438354,0.2185627818107605,-0.05624197795987129,0.4908231794834137,0.12076860666275024,-0.07466139644384384,0.42586779594421387,0.5629271268844604,-0.02970956824719906,0.42999976873397827,0.42159128189086914,-0.046322401612997055,0.4349667727947235,0.32912999391555786,-0.057272590696811676,0.4370191693305969,0.24729859828948975,-0.06597894430160522
B,0.4996248781681061,0.9687488079071045,7.780149076097587e-07,0.5992348194122314,0.8848105669021606,-0.04397684335708618,0.6539402008056641,0.7142454385757446,-0.05104409158229828,0.5949817299842834,0.5945523381233215,-0.05601818859577179,0.506367564201355,0.5808968544006348,-0.06039278581738472,0.6052003502845764,0.49919915199279785,0.0028585148975253105,0.6080411076545715,0.33569979667663574,-0.016896292567253113,0.6054940819740295,0.23043754696846008,-0.042482249438762665,0.6015307903289795,0.13878536224365234,-0.06429027765989304,0.5396068096160889,0.48509058356285095,-0.0020957551896572113,0.5455288887023926,0.3034007251262665,-0.01844659261405468,0.5527184009552002,0.17526975274085999,-0.04644203931093216,0.5576903223991394,0.07023745775222778,-0.0685592070221901,0.48117515444755554,0.5091647505760193,-0.01598367653787136,0.4824184477329254,0.33658385276794434,-0.03739422187209129,0.49085888266563416,0.2191302478313446,-0.06600753962993622,0.49570155143737793,0.12201270461082458,-0.08633901923894882,0.42391079664230347,0.5608211755752563,-0.03573516383767128,0.42774683237075806,0.4228869676589966,-0.056553326547145844,0.43548694252967834,0.33155182003974915,-0.07062937319278717,0.4421740770339966,0.24962091445922852,-0.08179217576980591
B,0.4980427622795105,0.9631779193878174,7.44396402296843e-07,0.5984485745429993,0.8797837495803833,-0.04097924381494522,0.6523964405059814,0.7079032063484192,-0.04560593515634537,0.5959519743919373,0.5889897346496582,-0.04869092255830765,0.5094537138938904,0.5805384516716003,-0.051165301352739334,0.6034960746765137,0.49357104301452637,0.007745501585304737,0.6068066358566284,0.33136820793151855,-0.010046175681054592,0.6049523949623108,0.22765424847602844,-0.0345088429749012,0.6020347476005554,0.13759812712669373,-0.055630069226026535,0.5392519235610962,0.4796004891395569,0.0024962457828223705,0.5441616773605347,0.298471063375473,-0.011697061359882355,0.551741361618042,0.1726416051387787,-0.03800230845808983,0.5577438473701477,0.07030504941940308,-0.059049591422080994,0.48162955045700073,0.5040327310562134,-0.011623682454228401,0.48225167393684387,0.3318617343902588,-0.030785758048295975,0.49027466773986816,0.2137346863746643,-0.05845057964324951,0.49470943212509155,0.11688995361328125,-0.0784350335597992,0.425843209028244,0.5559813976287842,-0.03148021921515465,0.42930495738983154,0.4183084964752197,-0.05032290145754814,0.4349316358566284,0.32634735107421875,-0.06378503888845444,0.43896690011024475,0.24371984601020813,-0.07485542446374893
B,0.4972850978374481,0.9720625877380371,6.766817364223243e-07,0.5973711609840393,0.8863248825073242,-0.042484309524297714,0.6530805826187134,0.7125015258789062,-0.04692835733294487,0.5958970785140991,0.5920077562332153,-0.04932539165019989,0.508448600769043,0.5848057270050049,-0.050951965153217316,0.602514922618866,0.5063216090202332,0.007081224583089352,0.6052477955818176,0.342976450920105,-0.009770967997610569,0.601890504360199,0.23937243223190308,-0.032911770045757294,0.5981732606887817,0.14939752221107483,-0.05274887755513191,0.5391311645507812,0.49301135540008545,0.003956935368478298,0.5433286428451538,0.3132496774196625,-0.00929251778870821,0.5484166741371155,0.18594396114349365,-0.034087665379047394,0.552287220954895,0.07946878671646118,-0.053830694407224655,0.4831449091434479,0.5163511037826538,-0.008086804300546646,0.48252448439598083,0.34421348571777344,-0.02597547508776188,0.4887828826904297,0.22678503394126892,-0.051947202533483505,0.4905999004840851,0.13010576367378235,-0.07039783895015717,0.42852747440338135,0.5667769908905029,-0.026007480919361115,0.4316471219062805,0.4277510344982147,-0.04276034235954285,0.43542391061782837,0.3357498347759247,-0.05451483651995659,0.43638208508491516,0.25346389412879944,-0.06419766694307327
B,0.5005046725273132,0.9663713574409485,7.151437557695317e-07,0.5980710387229919,0.8825501799583435,-0.03965044021606445,0.6527023315429688,0.7143503427505493,-0.043759025633335114,0.5966015458106995,0.5955137610435486,-0.04644588753581047,0.5103994011878967,0.5864412784576416,-0.04835859686136246,0.6044159531593323,0.5033447742462158,0.01039618719369173,0.6085284948348999,0.34454333782196045,-0.005628757178783417,0.6071096658706665,0.24322617053985596,-0.028819821774959564,0.6048537492752075,0.1545475423336029,-0.04897644370794296,0.541125476360321,0.4893586039543152,0.005540190264582634,0.5472877621650696,0.3133262097835541,-0.006807721685618162,0.5546883344650269,0.18952596187591553,-0.03155571594834328,0.5603199005126953,0.08673131465911865,-0.051707010716199875,0.4844292104244232,0.5124388337135315,-0.00810944102704525,0.48610469698905945,0.3451268672943115,-0.02542216330766678,0.49496230483055115,0.2316931188106537,-0.05097973346710205,0.4994712471961975,0.13766074180603027,-0.06958925724029541,0.4285190999507904,0.561966598033905,-0.027446839958429337,0.4324977993965149,0.4265863299369812,-0.04420250281691551,0.4391443729400635,0.3371652364730835,-0.05575891211628914,0.44389355182647705,0.25659430027008057,-0.06550996750593185
B,0.4986993670463562,0.9698752164840698,6.52612698104349e-07,0.5969759225845337,0.8861353397369385,-0.04134641960263252,0.6547643542289734,0.7170805335044861,-0.04706386476755142,0.5991652011871338,0.5987153053283691,-0.05084240436553955,0.5136442184448242,0.5831782817840576,-0.053926412016153336,0.6062718033790588,0.5077451467514038,0.002562764100730419,0.6090793013572693,0.34361034631729126,-0.01645897887647152,0.6067655682563782,0.24049848318099976,-0.03993445634841919,0.6036604046821594,0.15125548839569092,-0.0593331977725029,0.5427623987197876,0.4932950735092163,-0.0011919125681743026,0.5484304428100586,0.3147478401660919,-0.015915270894765854,0.5539388060569763,0.18996042013168335,-0.0399775505065918,0.5580087900161743,0.08597847819328308,-0.058692462742328644,0.48686301708221436,0.5157420039176941,-0.013368859887123108,0.48792460560798645,0.34503066539764404,-0.03184887394309044,0.49459806084632874,0.23078981041908264,-0.05533498898148537,0.49722766876220703,0.1358497142791748,-0.0716426819562912,0.4319976568222046,0.5659686326980591,-0.031236493960022926,0.43622568249702454,0.4275240898132324,-0.04837030544877052,0.4412139058113098,0.337410032749176,-0.05830235779285431,0.442951500415802,0.2574026882648468,-0.06593509018421173
B,0.49599453806877136,0.9577982425689697,7.312830234695866e-07,0.5959991216659546,0.8762986660003662,-0.043359991163015366,0.6521827578544617,0.70517498254776,-0.047988396137952805,0.5965580940246582,0.5829248428344727,-0.05041138455271721,0.5091718435287476,0.5728760361671448,-0.05154978111386299,0.6034790873527527,0.4918534755706787,0.00872276071459055,0.6082887053489685,0.33155694603919983,-0.006847363896667957,0.6067579984664917,0.22943329811096191,-0.029995357617735863,0.6037675142288208,0.13960370421409607,-0.0502370148897171,0.5397241711616516,0.4775858223438263,0.005977889522910118,0.546470582485199,0.30161231756210327,-0.005480331834405661,0.5540115833282471,0.17739662528038025,-0.0295642651617527,0.5589574575424194,0.07424989342689514,-0.049295809119939804,0.48324114084243774,0.5005553364753723,-0.005951886065304279,0.4852638840675354,0.3336026668548584,-0.02225220389664173,0.49398136138916016,0.21978721022605896,-0.04736823961138725,0.497420072555542,0.12592440843582153,-0.0657055601477623,0.42823541164398193,0.5496351718902588,-0.02407650090754032,0.4324108064174652,0.4153056740760803,-0.03978687897324562,0.4384137690067291,0.3256358206272125,-0.051238514482975006,0.4417666792869568,0.24544477462768555,-0.060987960547208786
B,0.49394500255584717,0.9633772373199463,6.977565476518066e-07,0.5942423343658447,0.8791555166244507,-0.04086717963218689,0.6497584581375122,0.7034637928009033,-0.04423130676150322,0.5931276082992554,0.5817144513130188,-0.045886099338531494,0.5050984621047974,0.5748811364173889,-0.04642120748758316,0.59953773021698,0.49454426765441895,0.010290086269378662,0.6036682724952698,0.33299851417541504,-0.0051938192918896675,0.6025497317314148,0.23106056451797485,-0.027707727625966072,0.6005973219871521,0.14206352829933167,-0.04722752422094345,0.5363361835479736,0.4808059334754944,0.006712703965604305,0.5421780943870544,0.30457890033721924,-0.004535585641860962,0.5492197871208191,0.18051278591156006,-0.027742229402065277,0.5539906024932861,0.07694229483604431,-0.04656186327338219,0.4803304672241211,0.504467248916626,-0.005823624320328236,0.48165518045425415,0.3362889885902405,-0.021516844630241394,0.49047377705574036,0.2220323085784912,-0.04541821777820587,0.4940704107284546,0.12726053595542908,-0.06273681670427322,0.42534101009368896,0.5548527836799622,-0.024361627176404,0.42897748947143555,0.41818153858184814,-0.03916357085108757,0.4351220726966858,0.32715433835983276,-0.04953373596072197,0.4383087456226349,0.2456221580505371,-0.058401305228471756
B,0.4901531934738159,0.9606387615203857,6.641272420893074e-07,0.5902894735336304,0.8763898611068726,-0.03961515054106712,0.6458083391189575,0.7031531929969788,-0.04267163947224617,0.5913295745849609,0.5803940296173096,-0.044284604489803314,0.5048837661743164,0.5731052160263062,-0.044975653290748596,0.5952892899513245,0.4964454174041748,0.011476981453597546,0.5984113812446594,0.3368470072746277,-0.003953822888433933,0.5964514017105103,0.23522302508354187,-0.02647445537149906,0.5938863158226013,0.14644554257392883,-0.046106357127428055,0.532762348651886,0.4822750985622406,0.007096416316926479,0.5380785465240479,0.3064921200275421,-0.004879883490502834,0.544429361820221,0.18200966715812683,-0.028584424406290054,0.5486658215522766,0.07751482725143433,-0.04773877188563347,0.47719863057136536,0.5046659708023071,-0.006161525845527649,0.4777526557445526,0.33710262179374695,-0.023006116971373558,0.4861604571342468,0.2223990559577942,-0.04766114801168442,0.4896990954875946,0.127290278673172,-0.06546114385128021,0.42223748564720154,0.5532647967338562,-0.02519281767308712,0.42509451508522034,0.4172578454017639,-0.041180938482284546,0.431183397769928,0.3265877366065979,-0.05226114019751549,0.4351584017276764,0.24500221014022827,-0.061656780540943146
B,0.16654029488563538,0.49655085802078247,8.953729775385e-07,0.2497982531785965,0.6162527203559875,-0.05512750521302223,0.38144704699516296,0.675061821937561,-0.06861375272274017,0.473264217376709,0.5735130310058594,-0.0771123543381691,0.4775004982948303,0.4516626298427582,-0.08333302289247513,0.5287308096885681,0.6255934238433838,-0.008786113001406193,0.6596746444702148,0.6344997882843018,-0.030323557555675507,0.7373390793800354,0.6302437782287598,-0.05622006952762604,0.8046507835388184,0.6212919354438782,-0.07672321051359177,0.5428464412689209,0.5325336456298828,-0.00790779571980238,0.6929071545600891,0.5435745716094971,-0.022612418979406357,0.7881925106048584,0.5482881665229797,-0.045839596539735794,0.8654496073722839,0.550119936466217,-0.06337304413318634,0.5254150629043579,0.4501646161079407,-0.01676640287041664,0.6644418239593506,0.4527135193347931,-0.03385690599679947,0.753322958946228,0.46328407526016235,-0.05688856914639473,0.825775682926178,0.46892011165618896,-0.07295888662338257,0.48362845182418823,0.36471161246299744,-0.032721057534217834,0.5936542749404907,0.3704332709312439,-0.04701128602027893,0.6645230054855347,0.3797439634799957,-0.054165247827768326,0.7267588376998901,0.3861313760280609,-0.059990424662828445
B,0.19360044598579407,0.46582531929016113,1.4897548226144863e-06,0.27285510301589966,0.6044071316719055,-0.10224060714244843,0.4002160131931305,0.6487014889717102,-0.13203999400138855,0.4844939410686493,0.546044111251831,-0.15065740048885345,0.489195853471756,0.4107974171638489,-0.16544422507286072,0.5515621304512024,0.5989407300949097,-0.017821185290813446,0.6883417963981628,0.5976733565330505,-0.02772541157901287,0.774163007736206,0.5853408575057983,-0.048931755125522614,0.8400243520736694,0.5636410713195801,-0.06659135967493057,0.5500010848045349,0.4956704378128052,0.002297439379617572,0.7072616815567017,0.5036798119544983,0.006602013483643532,0.8102312088012695,0.5048853754997253,-0.01316277775913477,0.8918718099594116,0.49980834126472473,-0.031197059899568558,0.5313057899475098,0.4065393805503845,0.0050811064429581165,0.6713470220565796,0.40612006187438965,-9.711879101814702e-05,0.7649352550506592,0.41612911224365234,-0.03257675841450691,0.8397208452224731,0.4160836338996887,-0.05783875659108162,0.5035899877548218,0.321519672870636,-0.005259152967482805,0.6145299673080444,0.3300550878047943,-0.01260341890156269,0.6880999207496643,0.33931154012680054,-0.030102992430329323,0.7512014508247375,0.34375596046447754,-0.04754466563463211
B,0.22050371766090393,0.47281497716903687,1.5107966646610294e-06,0.29776376485824585,0.6129570603370667,-0.1088092178106308,0.41971492767333984,0.6533814072608948,-0.14013752341270447,0.49742791056632996,0.5489369034767151,-0.15855054557323456,0.5050415992736816,0.41433265805244446,-0.1724102646112442,0.5664044618606567,0.6084087491035461,-0.02536231465637684,0.6996622681617737,0.6048691868782043,-0.03785290941596031,0.7857521772384644,0.5916933417320251,-0.05939666926860809,0.8523085117340088,0.5705492496490479,-0.07676287740468979,0.5643865466117859,0.5079864263534546,-0.0037631371524184942,0.721617579460144,0.5150517225265503,-0.0008917415398173034,0.8234850168228149,0.5164135098457336,-0.019584670662879944,0.9039639234542847,0.51197749376297,-0.03668474778532982,0.5477073788642883,0.41909873485565186,-0.0008021093672141433,0.6872932314872742,0.4203484356403351,-0.010388819500803947,0.7783417701721191,0.431363970041275,-0.04555736109614372,0.8526510000228882,0.4326026439666748,-0.07174798101186752,0.5234139561653137,0.33323368430137634,-0.01146036759018898,0.6326348781585693,0.3413711190223694,-0.02214820310473442,0.7035918235778809,0.3534908890724182,-0.042411766946315765,0.7645847797393799,0.35794514417648315,-0.06189281493425369
B,0.2125667929649353,0.4680667519569397,1.637159812162281e-06,0.2902953028678894,0.6051499247550964,-0.1168564185500145,0.40952983498573303,0.6449640989303589,-0.15454211831092834,0.4881298243999481,0.5484663248062134,-0.17883381247520447,0.49663352966308594,0.4152047336101532,-0.19880162179470062,0.5576292276382446,0.6030558943748474,-0.029650766402482986,0.6902006268501282,0.6005768775939941,-0.04163685441017151,0.7766088247299194,0.5885132551193237,-0.06358114629983902,0.8429325819015503,0.5667776465415955,-0.08121595531702042,0.5561621189117432,0.5022814869880676,-0.0037255799397826195,0.7114327549934387,0.5103192925453186,0.0007889491389505565,0.8132699728012085,0.5119978785514832,-0.017152108252048492,0.8941324949264526,0.5093744397163391,-0.03361502289772034,0.5399848818778992,0.41331571340560913,0.0031833257526159286,0.6782310009002686,0.41575729846954346,-0.0016342137241736054,0.7695754766464233,0.4253300428390503,-0.03264991194009781,0.8432459831237793,0.4272405505180359,-0.056691717356443405,0.5163989067077637,0.3280593752861023,-0.004793232772499323,0.6246191263198853,0.3379322588443756,-0.010606558062136173,0.6964446306228638,0.3482655882835388,-0.027490733191370964,0.7571331858634949,0.35301893949508667,-0.044813454151153564
B,0.20970916748046875,0.4673478603363037,1.337992671324173e-06,0.2890983819961548,0.5983791351318359,-0.09298574924468994,0.41516780853271484,0.6439152956008911,-0.116997130215168,0.5002946853637695,0.5440458059310913,-0.13064004480838776,0.5052927136421204,0.4123889207839966,-0.1400993913412094,0.558617889881134,0.5952495336532593,-0.012118285521864891,0.6914456486701965,0.5905373096466064,-0.02065138891339302,0.7753853797912598,0.5771238803863525,-0.040880344808101654,0.8425031304359436,0.557701051235199,-0.05850807949900627,0.5588008165359497,0.4940531849861145,0.005166254937648773,0.7122780084609985,0.49648597836494446,0.009755050763487816,0.8112117052078247,0.4963861405849457,-0.009631001390516758,0.8915663361549377,0.49169185757637024,-0.027942439541220665,0.5414078235626221,0.40771085023880005,0.006317909341305494,0.677926778793335,0.40324917435646057,0.0014120773412287235,0.7680971026420593,0.41298913955688477,-0.030331507325172424,0.840816855430603,0.41319170594215393,-0.055508993566036224,0.5151790380477905,0.32565945386886597,-0.004704863298684359,0.6235514283180237,0.3284204304218292,-0.011248876340687275,0.6939800381660461,0.3351079225540161,-0.027847422286868095,0.7545739412307739,0.3375246524810791,-0.04485578089952469
B,0.21396997570991516,0.47321954369544983,1.4558644352291594e-06,0.29398995637893677,0.6034847497940063,-0.10029979050159454,0.4178105890750885,0.6448899507522583,-0.13017638027668,0.5018646121025085,0.5490190982818604,-0.14955246448516846,0.5102609395980835,0.4155472218990326,-0.16542093455791473,0.5593163967132568,0.599077582359314,-0.015204803086817265,0.692237138748169,0.5956599116325378,-0.024902528151869774,0.7769976258277893,0.5833665132522583,-0.046410106122493744,0.8424026966094971,0.5630440711975098,-0.06461934000253677,0.5577667355537415,0.4994916021823883,0.0049262517131865025,0.7117587327957153,0.504788875579834,0.00845316331833601,0.8120293021202087,0.5057362914085388,-0.012229951098561287,0.8923302292823792,0.5016056895256042,-0.031179144978523254,0.5404946208000183,0.41350433230400085,0.008065451867878437,0.6778430938720703,0.41216692328453064,0.003099476220086217,0.7692941427230835,0.4206894040107727,-0.02952742762863636,0.8418205976486206,0.4194643497467041,-0.055348917841911316,0.5157878398895264,0.3306676149368286,-0.001716932631097734,0.6241313815116882,0.33716943860054016,-0.008382437750697136,0.6957950592041016,0.3437570333480835,-0.026086268946528435,0.7566139101982117,0.345819890499115,-0.044100627303123474
B,0.21752989292144775,0.4748336374759674,1.3796073972116574e-06,0.2962404191493988,0.6110072135925293,-0.09455472975969315,0.4219170808792114,0.653240442276001,-0.11787062138319016,0.5048816800117493,0.5533511638641357,-0.13054171204566956,0.513156533241272,0.42372265458106995,-0.13914428651332855,0.5618121027946472,0.6003056764602661,-0.012949241325259209,0.6931111812591553,0.5957131385803223,-0.02185513824224472,0.776673436164856,0.5842759609222412,-0.04183543846011162,0.843712329864502,0.5668504238128662,-0.05896465852856636,0.5603761672973633,0.5015154480934143,0.004323921632021666,0.7136604189872742,0.5058806538581848,0.008936692960560322,0.8142567873001099,0.5075331926345825,-0.009658685885369778,0.8942381739616394,0.5041734576225281,-0.02716752327978611,0.5423440337181091,0.415964275598526,0.004762711003422737,0.6793182492256165,0.41417741775512695,-0.0024538554716855288,0.7694557905197144,0.42343175411224365,-0.03547472506761551,0.8426351547241211,0.42376959323883057,-0.06073962152004242,0.5166916847229004,0.33343154191970825,-0.007035194430500269,0.624962568283081,0.3385468125343323,-0.016700023785233498,0.6948714256286621,0.34771060943603516,-0.03541232645511627,0.7553583383560181,0.35146424174308777,-0.05355716496706009
B,0.2077021300792694,0.48185163736343384,1.4129675491858507e-06,0.2863960266113281,0.6181895732879639,-0.09383922815322876,0.4099794626235962,0.6611599326133728,-0.12030758708715439,0.49295467138290405,0.5602887868881226,-0.13712504506111145,0.503728449344635,0.4288858473300934,-0.1501682698726654,0.5539948344230652,0.6031365990638733,-0.013872803188860416,0.6874121427536011,0.6003403663635254,-0.024125799536705017,0.7720468044281006,0.58952796459198,-0.044694993644952774,0.838771641254425,0.5714321136474609,-0.06199244409799576,0.5520961880683899,0.5044862031936646,0.0018699910724535584,0.7066253423690796,0.5094331502914429,0.005236513447016478,0.8073222041130066,0.5106644630432129,-0.013724029995501041,0.8873963356018066,0.5064066648483276,-0.03132617101073265,0.5346350073814392,0.419979453086853,0.0009056045673787594,0.672484815120697,0.4188220500946045,-0.006397601682692766,0.7634982466697693,0.428631067276001,-0.038235142827034,0.8361485004425049,0.42855796217918396,-0.06291399896144867,0.5093261003494263,0.33844074606895447,-0.012357382103800774,0.6177364587783813,0.3456405997276306,-0.022268567234277725,0.6885296106338501,0.35449594259262085,-0.04048027843236923,0.7491181492805481,0.35769590735435486,-0.05819495767354965
B,0.19081541895866394,0.4758405387401581,1.2924939483127673e-06,0.2705960273742676,0.6109357476234436,-0.08401407301425934,0.39562928676605225,0.6500667333602905,-0.10265355557203293,0.47632479667663574,0.5459831357002258,-0.11254960298538208,0.48101550340652466,0.41770052909851074,-0.11905665695667267,0.5359262824058533,0.5920249223709106,-0.004080299753695726,0.6669912338256836,0.5872811675071716,-0.011848384514451027,0.749376654624939,0.5762344598770142,-0.0319291315972805,0.8160996437072754,0.5590919852256775,-0.049706004559993744,0.5343742966651917,0.4951587915420532,0.008540812879800797,0.6859785914421082,0.4975114166736603,0.011955811642110348,0.7851296663284302,0.4985450506210327,-0.009415565058588982,0.8631924390792847,0.4944252669811249,-0.02909517101943493,0.5156415700912476,0.41144779324531555,0.0054852161556482315,0.6528418064117432,0.4076731204986572,-0.0028801739681512117,0.7439764738082886,0.41686856746673584,-0.037990912795066833,0.816478431224823,0.41730061173439026,-0.06471768021583557,0.48776811361312866,0.3311399519443512,-0.008488901890814304,0.5967667102813721,0.3352838158607483,-0.019382290542125702,0.6681868433952332,0.3426174223423004,-0.039140861481428146,0.7295637130737305,0.34486401081085205,-0.05791482701897621
B,0.19719135761260986,0.45928049087524414,1.1592450164243928e-06,0.27147534489631653,0.5877770781517029,-0.0773836150765419,0.39668387174606323,0.6333038210868835,-0.09679525345563889,0.48063498735427856,0.5322483777999878,-0.10819854587316513,0.48462530970573425,0.4070334732532501,-0.1171722263097763,0.5416358113288879,0.5779318809509277,-0.01495386939495802,0.6739977598190308,0.5754483342170715,-0.03160790726542473,0.7543078660964966,0.5647547841072083,-0.05855724960565567,0.8235896229743958,0.5482617616653442,-0.08213843405246735,0.5439428687095642,0.48259100317955017,-0.007117483764886856,0.6937032341957092,0.48873671889305115,-0.016673052683472633,0.7918118834495544,0.4906539022922516,-0.048561498522758484,0.8713470697402954,0.48765572905540466,-0.07643737643957138,0.5256273150444031,0.398003488779068,-0.012363969348371029,0.6635252237319946,0.39812153577804565,-0.028976235538721085,0.7545076608657837,0.40891551971435547,-0.06955883651971817,0.8264119625091553,0.41401851177215576,-0.10087834298610687,0.4936184585094452,0.31692931056022644,-0.02709435671567917,0.6025792956352234,0.32192209362983704,-0.043239232152700424,0.6736650466918945,0.33061981201171875,-0.06519187241792679,0.7351964712142944,0.3368315100669861,-0.08606334030628204
B,0.20781376957893372,0.4700089693069458,1.3054935834588832e-06,0.28379911184310913,0.6027567386627197,-0.08509931713342667,0.4109078645706177,0.6433060169219971,-0.10469658672809601,0.49599727988243103,0.5454545617103577,-0.1151156947016716,0.5023325085639954,0.4179943799972534,-0.12212488800287247,0.5501864552497864,0.587820291519165,-0.007685029413551092,0.6808565855026245,0.587230920791626,-0.01570608839392662,0.762888491153717,0.5790452361106873,-0.035397544503211975,0.8289579153060913,0.5640734434127808,-0.053115252405405045,0.5497376918792725,0.4914078414440155,0.006030155345797539,0.7006230354309082,0.4975318908691406,0.008149951696395874,0.7980572581291199,0.5009381175041199,-0.013412673026323318,0.8762620091438293,0.49863332509994507,-0.033096056431531906,0.5314798355102539,0.40856829285621643,0.004502682946622372,0.6673678755760193,0.4078744053840637,-0.004594843368977308,0.7563740015029907,0.41960611939430237,-0.039565905928611755,0.8278194665908813,0.4216853976249695,-0.06625115126371384,0.5045886039733887,0.3287320137023926,-0.007863056845963001,0.6123002767562866,0.3341677784919739,-0.019556041806936264,0.6823644042015076,0.3417972922325134,-0.03971853852272034,0.7435771226882935,0.3448670506477356,-0.05873830243945122
B,0.20360314846038818,0.47124627232551575,1.2559479500851012e-06,0.28085267543792725,0.6035414934158325,-0.08464165031909943,0.40789341926574707,0.6475734114646912,-0.10371964424848557,0.49380797147750854,0.5459335446357727,-0.11337205767631531,0.49695050716400146,0.4175415635108948,-0.11946433037519455,0.5458686351776123,0.5902630686759949,-0.008822649717330933,0.6767445802688599,0.5897526144981384,-0.018668891862034798,0.7580595016479492,0.5807309746742249,-0.04027703404426575,0.8256596922874451,0.5650145411491394,-0.05942732095718384,0.5476930737495422,0.4938904941082001,0.005479329731315374,0.6969799995422363,0.5005011558532715,0.005413898732513189,0.7943934202194214,0.5031216740608215,-0.018143558874726295,0.8731930255889893,0.49969741702079773,-0.03934592381119728,0.5303705930709839,0.41129812598228455,0.004996798932552338,0.6639190912246704,0.40914034843444824,-0.0040719229727983475,0.7530897855758667,0.42020779848098755,-0.03860611096024513,0.8247904777526855,0.422318696975708,-0.06517861783504486,0.5031030774116516,0.3306478261947632,-0.0062701222486793995,0.6102492213249207,0.33443066477775574,-0.016514983028173447,0.680359959602356,0.3413224220275879,-0.035026051104068756,0.7412750124931335,0.3439469635486603,-0.052919600158929825
B,0.2055448591709137,0.48085999488830566,1.3888273997508804e-06,0.2902030944824219,0.614891767501831,-0.08516784757375717,0.4129629135131836,0.6552042961120605,-0.10848947614431381,0.4939788281917572,0.5512900352478027,-0.12404557317495346,0.49885043501853943,0.42122402787208557,-0.13621224462985992,0.5519164204597473,0.6010830402374268,-0.0010181773686781526,0.6792524456977844,0.6001704335212708,-0.010046452283859253,0.7614061832427979,0.5914587378501892,-0.030595431104302406,0.826078474521637,0.5750423669815063,-0.04869278147816658,0.5500263571739197,0.5016384720802307,0.009112571366131306,0.7014563679695129,0.509336531162262,0.010758720338344574,0.7982915043830872,0.5122518539428711,-0.010165687650442123,0.8761753439903259,0.5090780258178711,-0.02891657128930092,0.5304369926452637,0.41752681136131287,0.0027398366946727037,0.6663113832473755,0.41843780875205994,-0.008450598455965519,0.7564627528190613,0.4292069673538208,-0.04293365776538849,0.8302708864212036,0.4296528995037079,-0.06875418871641159,0.5023277997970581,0.33693280816078186,-0.014942738227546215,0.6105579137802124,0.34450969099998474,-0.027634194120764732,0.6814587712287903,0.3531566262245178,-0.047007765620946884,0.7432161569595337,0.35509514808654785,-0.06552840769290924
B,0.19097012281417847,0.4882456362247467,1.3371218301472254e-06,0.2696276307106018,0.6228559017181396,-0.08509985357522964,0.39487987756729126,0.6666113138198853,-0.10798539221286774,0.47988173365592957,0.5648638606071472,-0.12247167527675629,0.48302048444747925,0.4372212588787079,-0.13386449217796326,0.5375616550445557,0.6056162714958191,-0.011334715411067009,0.6704976558685303,0.60495924949646,-0.02173932082951069,0.7542295455932617,0.5961907505989075,-0.04210684448480606,0.8218340873718262,0.5796691179275513,-0.05979621410369873,0.5374411940574646,0.5076478123664856,0.0007404790376313031,0.6918652653694153,0.5153770446777344,0.0012877194676548243,0.7918128967285156,0.5175241827964783,-0.019293062388896942,0.8717637062072754,0.5126209259033203,-0.037779323756694794,0.5187838077545166,0.4234827160835266,-0.0022641688119620085,0.6578197479248047,0.4237469732761383,-0.011611728928983212,0.7495135068893433,0.43312305212020874,-0.044040750712156296,0.8216166496276855,0.43255019187927246,-0.06876924633979797,0.4908384084701538,0.34121134877204895,-0.01626403070986271,0.6008167862892151,0.34657400846481323,-0.027905412018299103,0.6729757785797119,0.353412389755249,-0.04627256095409393,0.7351998090744019,0.35580146312713623,-0.06361366808414459
B,0.19252216815948486,0.4872426688671112,1.2228631476318697e-06,0.2704765200614929,0.6154993772506714,-0.07956132292747498,0.3978595435619354,0.6592773795127869,-0.09943345189094543,0.4853128492832184,0.5577980875968933,-0.11102369427680969,0.489417165517807,0.43139997124671936,-0.11955773830413818,0.5409035682678223,0.6004140377044678,-0.011815059930086136,0.6732182502746582,0.5982929468154907,-0.025775978341698647,0.7549854516983032,0.5885460376739502,-0.04950811341404915,0.8230571746826172,0.5721787214279175,-0.07008444517850876,0.5425474643707275,0.5028934478759766,-0.0015994105488061905,0.693751335144043,0.5075227618217468,-0.007684293668717146,0.7924885749816895,0.5092623829841614,-0.0334649458527565,0.8713704347610474,0.5050359964370728,-0.055666595697402954,0.5230355858802795,0.41929394006729126,-0.005207452457398176,0.6602922081947327,0.4167839288711548,-0.019792120903730392,0.7512915730476379,0.42647069692611694,-0.05532454699277878,0.8231724500656128,0.42892926931381226,-0.08193647116422653,0.49251049757003784,0.3381885290145874,-0.018754711374640465,0.6018317937850952,0.3409229815006256,-0.034548431634902954,0.6729931831359863,0.34716033935546875,-0.054565101861953735,0.7354442477226257,0.35199859738349915,-0.07266240566968918
B,0.18904289603233337,0.507575511932373,1.3020803635299671e-06,0.2693388760089874,0.6421573758125305,-0.07655517011880875,0.3956623375415802,0.6877447366714478,-0.09574723988771439,0.4830908179283142,0.5894275307655334,-0.10861383378505707,0.48337027430534363,0.46102774143218994,-0.11857852339744568,0.5377138257026672,0.623221755027771,0.0012381271226331592,0.6697555780410767,0.6232306957244873,-0.0066750142723321915,0.752873420715332,0.6144605875015259,-0.026348570361733437,0.8194255232810974,0.5975369811058044,-0.043845921754837036,0.5380992889404297,0.5257195234298706,0.00942855142056942,0.6915073990821838,0.5348201990127563,0.011912699788808823,0.7916582822799683,0.5372285842895508,-0.007957834750413895,0.8709557056427002,0.5320214629173279,-0.026040393859148026,0.519481897354126,0.44266200065612793,0.002883322536945343,0.6586698293685913,0.4425799250602722,-0.004157285671681166,0.7513623237609863,0.451930969953537,-0.035016171634197235,0.8230881690979004,0.45087820291519165,-0.059126146137714386,0.4907167851924896,0.3617737591266632,-0.014219006523489952,0.5994322299957275,0.3670145869255066,-0.023624593392014503,0.6716721057891846,0.37275028228759766,-0.04018227010965347,0.7330378293991089,0.37521421909332275,-0.05652468279004097
C,0.31853723526000977,0.7626011967658997,7.454201522705262e-07,0.4806618094444275,0.724583625793457,0.056075919419527054,0.5868328213691711,0.6538662910461426,0.08732457458972931,0.6599443554878235,0.5951758027076721,0.09151199460029602,0.6932458877563477,0.49655845761299133,0.09499874711036682,0.527308464050293,0.39080166816711426,0.19400081038475037,0.5986469984054565,0.29437172412872314,0.2104123830795288,0.6640619039535522,0.270824134349823,0.19205403327941895,0.7114099860191345,0.2704011797904968,0.17802441120147705,0.5007753968238831,0.3499487638473511,0.1431598663330078,0.5872460603713989,0.23202510178089142,0.15828964114189148,0.6599873900413513,0.21058566868305206,0.12987776100635529,0.7153743505477905,0.23194481432437897,0.11021587252616882,0.4676022231578827,0.31338030099868774,0.08257569372653961,0.5604990124702454,0.19568106532096863,0.09804348647594452,0.6369777321815491,0.1717519760131836,0.08670805394649506,0.6958467960357666,0.18094542622566223,0.07657040655612946,0.4317514896392822,0.3002955913543701,0.01995771750807762,0.5115538835525513,0.1863877773284912,0.03364119306206703,0.5848391652107239,0.14158311486244202,0.03994813188910484,0.6540051102638245,0.13114309310913086,0.043083347380161285
C,0.15009209513664246,0.820117175579071,4.4366765905579086e-07,0.28859907388687134,0.803812563419342,0.015576308593153954,0.40279069542884827,0.7601485252380371,0.016244925558567047,0.4814317226409912,0.7281600832939148,-0.0005935863009653986,0.527870774269104,0.6488683223724365,-0.01582554541528225,0.39890044927597046,0.4775410592556,0.09415946155786514,0.4885595142841339,0.37356823682785034,0.07065895199775696,0.5473600029945374,0.40229031443595886,0.03399929776787758,0.5761417746543884,0.4560478925704956,0.012544399127364159,0.3693702220916748,0.4495793282985687,0.05864451080560684,0.48108747601509094,0.32763126492500305,0.028032921254634857,0.5463696718215942,0.3763183355331421,-0.01538472343236208,0.5700176954269409,0.458850622177124,-0.038021232932806015,0.3328093886375427,0.42859360575675964,0.014764648862183094,0.4503907561302185,0.3104555606842041,-0.010012379847466946,0.5234034657478333,0.3517729341983795,-0.03441007062792778,0.5579265356063843,0.424666166305542,-0.044450271874666214,0.29192185401916504,0.42874446511268616,-0.03132997080683708,0.39718663692474365,0.3423832654953003,-0.04661444202065468,0.4722743332386017,0.33856236934661865,-0.05307098105549812,0.5247138738632202,0.3663467466831207,-0.053824104368686676
C,0.16258998215198517,0.8378202319145203,3.345026016177144e-07,0.3032831847667694,0.818325936794281,0.02321634255349636,0.4148986339569092,0.7776792049407959,0.02775949239730835,0.49220818281173706,0.7447879314422607,0.013975024223327637,0.537906289100647,0.667121410369873,0.0024759455118328333,0.4084380865097046,0.5002683401107788,0.10057170689105988,0.5006540417671204,0.3930675983428955,0.0780775174498558,0.5597712993621826,0.4286853075027466,0.0422561839222908,0.588069498538971,0.4879308342933655,0.02147720940411091,0.38180476427078247,0.4700685143470764,0.06313220411539078,0.4956183433532715,0.3387170135974884,0.03731375187635422,0.5626654028892517,0.3902806043624878,-0.0015204456867650151,0.586179256439209,0.47311854362487793,-0.02243264578282833,0.3475135266780853,0.4470113515853882,0.017606161534786224,0.46564361453056335,0.324255108833313,-0.004234663676470518,0.5391424894332886,0.37134385108947754,-0.024769185110926628,0.5713097453117371,0.4484202265739441,-0.03297277167439461,0.3092958927154541,0.443359375,-0.02957998402416706,0.41062697768211365,0.35918867588043213,-0.04392235353589058,0.48091650009155273,0.3655506372451782,-0.04813747853040695,0.5264239311218262,0.40076106786727905,-0.04726078733801842
C,0.16555815935134888,0.840303897857666,3.959038394896197e-07,0.3009834587574005,0.82433021068573,0.006353714969009161,0.4154967665672302,0.7811129093170166,0.002344123087823391,0.4947533905506134,0.7447662353515625,-0.016070092096924782,0.5371549129486084,0.6619238257408142,-0.03168952465057373,0.4126777946949005,0.495236337184906,0.07026860117912292,0.5022683143615723,0.3754798173904419,0.03854526951909065,0.5611432790756226,0.40951183438301086,3.4762655559461564e-05,0.5894395112991333,0.47298121452331543,-0.020853297784924507,0.382080614566803,0.4695056080818176,0.04056912288069725,0.4921397268772125,0.3367933928966522,0.006523344200104475,0.5572296380996704,0.3872367739677429,-0.033296138048172,0.5817742347717285,0.46933627128601074,-0.0535161979496479,0.34487488865852356,0.452454149723053,0.0023086518049240112,0.457663357257843,0.3259645700454712,-0.025687942281365395,0.5305464267730713,0.3668878972530365,-0.04811396822333336,0.5658090114593506,0.44158896803855896,-0.056346215307712555,0.30347490310668945,0.45421677827835083,-0.038661062717437744,0.40136754512786865,0.3658164143562317,-0.05785829946398735,0.4749642610549927,0.36284908652305603,-0.06590781360864639,0.5263272523880005,0.39352715015411377,-0.06694327294826508
C,0.15849702060222626,0.8276999592781067,3.771778835925943e-07,0.29652637243270874,0.8118574619293213,0.01137258019298315,0.41118061542510986,0.7685431241989136,0.008199814707040787,0.49122723937034607,0.7353658676147461,-0.010971199721097946,0.5350126624107361,0.6554374098777771,-0.02753250114619732,0.40837037563323975,0.4823225438594818,0.07874143868684769,0.501775324344635,0.36340391635894775,0.04778304323554039,0.5603007078170776,0.4038870334625244,0.007967738434672356,0.5845979452133179,0.4729393720626831,-0.013857001438736916,0.37772929668426514,0.45688751339912415,0.04588695243000984,0.490848571062088,0.3271460235118866,0.01059822365641594,0.5562602281570435,0.3871089816093445,-0.0325140543282032,0.5756998658180237,0.4784387946128845,-0.05437212809920311,0.3404959440231323,0.44044575095176697,0.004836555570363998,0.45733642578125,0.3170836567878723,-0.02273336425423622,0.5303502082824707,0.36623841524124146,-0.04561639949679375,0.561616837978363,0.44717925786972046,-0.05402139946818352,0.29932132363319397,0.44522005319595337,-0.03857497125864029,0.4007999002933502,0.35968607664108276,-0.05594993010163307,0.47391003370285034,0.3599339723587036,-0.06253547966480255,0.5215192437171936,0.3923413157463074,-0.06274127215147018
C,0.15036948025226593,0.8200274705886841,4.0423648783871613e-07,0.2882246673107147,0.802788257598877,0.011908863671123981,0.4042645990848541,0.7585871815681458,0.010264909826219082,0.48447278141975403,0.7244300842285156,-0.008189496584236622,0.5312015414237976,0.643218994140625,-0.024366434663534164,0.39983686804771423,0.4693421423435211,0.09006280452013016,0.4912016987800598,0.35299691557884216,0.0622735358774662,0.5490164756774902,0.38924676179885864,0.022937946021556854,0.5728479623794556,0.45435330271720886,0.0010697687976062298,0.3713521957397461,0.44373422861099243,0.05680937319993973,0.4851893484592438,0.31843602657318115,0.02417227067053318,0.5477244853973389,0.37395697832107544,-0.02069064788520336,0.565183162689209,0.461725652217865,-0.04406760632991791,0.3358185291290283,0.4225200414657593,0.014839699491858482,0.4528120160102844,0.30148550868034363,-0.009491386823356152,0.5225002765655518,0.35015785694122314,-0.032988984137773514,0.5507670044898987,0.4307493567466736,-0.042253147810697556,0.2940220832824707,0.42071035504341125,-0.02991032786667347,0.39435553550720215,0.32990923523902893,-0.04458799585700035,0.46919557452201843,0.3288307785987854,-0.051160093396902084,0.5197933912277222,0.36131551861763,-0.05172571912407875
C,0.15367655456066132,0.8208268880844116,3.580722136575787e-07,0.2926727533340454,0.8026180267333984,0.01546437293291092,0.4086661636829376,0.7562373280525208,0.016043569892644882,0.4860714077949524,0.7224577069282532,-0.0004222344432491809,0.5466254949569702,0.656500518321991,-0.014842254109680653,0.40342944860458374,0.47515612840652466,0.09144517034292221,0.49519452452659607,0.3691125214099884,0.06690878421068192,0.5535547733306885,0.40393808484077454,0.030471498146653175,0.5790209174156189,0.4648609161376953,0.009812998585402966,0.3743116557598114,0.4461696743965149,0.057230930775403976,0.488608181476593,0.3249862790107727,0.026529774069786072,0.5517215132713318,0.3826812505722046,-0.01564825512468815,0.5692818760871887,0.4718262851238251,-0.03713284432888031,0.33904996514320374,0.4242948591709137,0.014829481020569801,0.45697635412216187,0.30357757210731506,-0.010800820775330067,0.5274134874343872,0.35516151785850525,-0.03412964567542076,0.5556952357292175,0.43798574805259705,-0.04276498407125473,0.298818975687027,0.4218386709690094,-0.029548507183790207,0.40083178877830505,0.33137598633766174,-0.04623667523264885,0.4754374921321869,0.33585891127586365,-0.05272338166832924,0.524317741394043,0.37359604239463806,-0.05271366983652115
C,0.15581725537776947,0.8281943202018738,4.06146938303209e-07,0.2946568727493286,0.8084560036659241,0.018162595108151436,0.4117334485054016,0.7592378854751587,0.021110737696290016,0.4923937916755676,0.7269352078437805,0.007118092384189367,0.5565085411071777,0.6679031848907471,-0.004534305538982153,0.40139421820640564,0.4793833792209625,0.093910813331604,0.4928784966468811,0.3700801134109497,0.0718698650598526,0.5535825490951538,0.3975170850753784,0.037176843732595444,0.5834648013114929,0.4533538222312927,0.01713387295603752,0.37151628732681274,0.45227354764938354,0.05886773020029068,0.4828648865222931,0.3256809115409851,0.03100508451461792,0.5501921772956848,0.37476736307144165,-0.009768541902303696,0.5749253630638123,0.45877015590667725,-0.03125843405723572,0.3356080651283264,0.4332784414291382,0.015883084386587143,0.4523974359035492,0.31249716877937317,-0.00743424566462636,0.5255832672119141,0.3560370206832886,-0.03003684990108013,0.5603340268135071,0.4312484860420227,-0.03924516215920448,0.2965889275074005,0.4342905879020691,-0.028863204643130302,0.398934543132782,0.34925442934036255,-0.042861826717853546,0.47102877497673035,0.3450669050216675,-0.04816196858882904,0.5205342769622803,0.37089622020721436,-0.04824863001704216
C,0.15408632159233093,0.8253059387207031,3.746837649032386e-07,0.2962661385536194,0.8063859939575195,0.018812332302331924,0.4131830334663391,0.7603259086608887,0.02143927477300167,0.49348023533821106,0.7284537553787231,0.0066667585633695126,0.5598912239074707,0.6715356707572937,-0.006153658498078585,0.4036816358566284,0.48118963837623596,0.09335094690322876,0.49265170097351074,0.3709023892879486,0.06923218071460724,0.5528876781463623,0.3997376561164856,0.03334476053714752,0.5831753015518188,0.4588291049003601,0.012612988241016865,0.3749203681945801,0.4517645835876465,0.05709437280893326,0.486139178276062,0.32107385993003845,0.026288755238056183,0.5526919364929199,0.37203508615493774,-0.01591932214796543,0.574958324432373,0.4611349105834961,-0.03787950426340103,0.3394882380962372,0.4306080937385559,0.01281029637902975,0.45547908544540405,0.3018602132797241,-0.013956192880868912,0.5286262631416321,0.3473450541496277,-0.0390525758266449,0.5614126920700073,0.4287329614162445,-0.04928122088313103,0.30046015977859497,0.42953193187713623,-0.03302336111664772,0.40221160650253296,0.3410753011703491,-0.051518913358449936,0.47701510787010193,0.33987218141555786,-0.060293350368738174,0.5281912088394165,0.372311532497406,-0.062241632491350174
C,0.1526639759540558,0.8305846452713013,3.06983366726854e-07,0.2964158058166504,0.8090234994888306,0.027140671387314796,0.41327232122421265,0.7612441778182983,0.03280984237790108,0.4939630329608917,0.7323988676071167,0.01919780857861042,0.562657356262207,0.6822870969772339,0.007073684129863977,0.402567595243454,0.4856263995170593,0.10268806666135788,0.49626338481903076,0.3761569857597351,0.08087389171123505,0.5561842918395996,0.41020917892456055,0.04588260501623154,0.5845662951469421,0.47197675704956055,0.026001662015914917,0.37443169951438904,0.45908093452453613,0.0626790001988411,0.48974722623825073,0.3346130847930908,0.034483347088098526,0.5556780099868774,0.3893894553184509,-0.00679631857201457,0.5764898061752319,0.47826260328292847,-0.02795475535094738,0.3401065170764923,0.4396930932998657,0.01523684523999691,0.4609239101409912,0.32053983211517334,-0.007443995214998722,0.5334643721580505,0.36945444345474243,-0.02932816557586193,0.5656377673149109,0.4492092728614807,-0.03752424940466881,0.30302396416664124,0.43961647152900696,-0.033329080790281296,0.40694552659988403,0.3517405390739441,-0.04633316025137901,0.4807949662208557,0.3492874503135681,-0.05061953514814377,0.5304781198501587,0.377465158700943,-0.049600183963775635
C,0.16094857454299927,0.8325917720794678,3.8105054045445286e-07,0.2985759973526001,0.8150383830070496,0.012186434119939804,0.41762638092041016,0.767382025718689,0.011201124638319016,0.49955829977989197,0.7363263368606567,-0.005237899255007505,0.5688484907150269,0.6892933249473572,-0.019528938457369804,0.40990903973579407,0.4916536509990692,0.07631602138280869,0.4996849596500397,0.37498098611831665,0.047820352017879486,0.5606325268745422,0.40638336539268494,0.011401969008147717,0.5927450656890869,0.46741923689842224,-0.00920479279011488,0.3797258138656616,0.46321097016334534,0.04328560084104538,0.4893609881401062,0.32949960231781006,0.009729105979204178,0.5568504929542542,0.38127702474594116,-0.03039420023560524,0.5837458372116089,0.4667547941207886,-0.05079609900712967,0.34213918447494507,0.4443618357181549,0.002390672219917178,0.4562325179576874,0.3150986135005951,-0.027256617322564125,0.5301203727722168,0.361038476228714,-0.04945287108421326,0.567324161529541,0.44054102897644043,-0.057059984654188156,0.2994401454925537,0.4446261525154114,-0.040430549532175064,0.39774444699287415,0.35494720935821533,-0.06093817576766014,0.4724671244621277,0.3514733910560608,-0.06820804625749588,0.5255063772201538,0.38127875328063965,-0.068455271422863
C,0.16468161344528198,0.8371456265449524,4.315492958539835e-07,0.3043696880340576,0.8190542459487915,0.01638503558933735,0.42056435346603394,0.7750351428985596,0.018207497894763947,0.5017270445823669,0.7440212965011597,0.003685125382617116,0.5693520903587341,0.6866285800933838,-0.008850152604281902,0.4159194231033325,0.5020843744277954,0.08897829800844193,0.5034182667732239,0.39672914147377014,0.06442362815141678,0.5644600987434387,0.421852707862854,0.02864185906946659,0.5981035232543945,0.47380301356315613,0.007685946766287088,0.38762331008911133,0.4701339900493622,0.05439658463001251,0.49642837047576904,0.3328864574432373,0.02428302727639675,0.5663008689880371,0.3769509792327881,-0.016143498942255974,0.5927718281745911,0.46020790934562683,-0.037346236407756805,0.3501579165458679,0.44739577174186707,0.011782471090555191,0.4641098380088806,0.31651636958122253,-0.01612047106027603,0.539728581905365,0.3591623902320862,-0.040566425770521164,0.5740270614624023,0.43705612421035767,-0.0501350462436676,0.30823609232902527,0.4440811574459076,-0.03226741403341293,0.4079003632068634,0.3557138442993164,-0.05232992395758629,0.4807504117488861,0.3575768768787384,-0.06050247326493263,0.5288030505180359,0.39224714040756226,-0.0616229884326458
C,0.1595882773399353,0.8350702524185181,4.176762899987807e-07,0.2993627190589905,0.8181657791137695,0.013066014274954796,0.4167235791683197,0.7769597768783569,0.01330688875168562,0.4989224970340729,0.7457956075668335,-0.0021783425472676754,0.5665461421012878,0.686206579208374,-0.015357480384409428,0.41395530104637146,0.5014101266860962,0.08527661114931107,0.5060575008392334,0.3918168544769287,0.05828220397233963,0.5665512084960938,0.4205760061740875,0.020925642922520638,0.5968272686004639,0.47625213861465454,-0.00048086210153996944,0.3851966857910156,0.4705110490322113,0.052347246557474136,0.4983459711074829,0.3365800082683563,0.020128868520259857,0.5649552345275879,0.38320040702819824,-0.022351643070578575,0.5871286988258362,0.4660532474517822,-0.04466869682073593,0.3480331003665924,0.44777798652648926,0.011127473786473274,0.464287132024765,0.31930723786354065,-0.017230898141860962,0.5369304418563843,0.3605191707611084,-0.04282570630311966,0.5694043636322021,0.4353640675544739,-0.05319343879818916,0.30603930354118347,0.44434094429016113,-0.03187528997659683,0.40794461965560913,0.35907578468322754,-0.05169257894158363,0.4821418821811676,0.3572857081890106,-0.06112243980169296,0.5327813029289246,0.38720065355300903,-0.0633544847369194
C,0.16491040587425232,0.8363677263259888,4.503961292812164e-07,0.30327245593070984,0.8157404661178589,0.009514077566564083,0.4190140664577484,0.7762789130210876,0.006659303791821003,0.5000577569007874,0.7456638216972351,-0.011744160205125809,0.5576289296150208,0.6730941534042358,-0.02774108573794365,0.41400620341300964,0.494035929441452,0.08192228525876999,0.5068183541297913,0.38597095012664795,0.05190962925553322,0.5686577558517456,0.41598114371299744,0.012301712296903133,0.6002400517463684,0.473023921251297,-0.009751718491315842,0.385466068983078,0.46497488021850586,0.04983467981219292,0.49772706627845764,0.33405888080596924,0.015975672751665115,0.5654321908950806,0.3812556862831116,-0.027059752494096756,0.5899059772491455,0.46441754698753357,-0.04940985143184662,0.34913170337677,0.4438782334327698,0.008899069391191006,0.4638802409172058,0.3146074414253235,-0.019620811566710472,0.5377916097640991,0.3540974259376526,-0.04486587643623352,0.5724169015884399,0.42978882789611816,-0.05470408871769905,0.3080337643623352,0.44227135181427,-0.03445154055953026,0.4087548553943634,0.3517145812511444,-0.054016903042793274,0.4850228428840637,0.3474966883659363,-0.0632183849811554,0.5382790565490723,0.37815314531326294,-0.06496176868677139
C,0.16392619907855988,0.8360626697540283,3.9629003367736004e-07,0.30660080909729004,0.8142334222793579,0.019840558990836143,0.4204202890396118,0.7733762264251709,0.02086271159350872,0.49973833560943604,0.7448649406433105,0.003834483213722706,0.5595706105232239,0.6765449047088623,-0.011640297248959541,0.4161664545536041,0.495109498500824,0.09425465017557144,0.5085662007331848,0.3887495994567871,0.06675965338945389,0.5691348314285278,0.4216722846031189,0.027213221415877342,0.5979659557342529,0.48244377970695496,0.004737383686006069,0.38771915435791016,0.46691662073135376,0.056312210857868195,0.4989742338657379,0.33753401041030884,0.02386591210961342,0.5662720799446106,0.38688886165618896,-0.021236779168248177,0.5883849859237671,0.4745482802391052,-0.04552349075675011,0.3508405089378357,0.4469030499458313,0.010135585442185402,0.465205579996109,0.3198085427284241,-0.016776371747255325,0.5384006500244141,0.3615860939025879,-0.04360663518309593,0.5709497928619385,0.44045281410217285,-0.05531604588031769,0.3094613254070282,0.4476875066757202,-0.03764887899160385,0.4086662828922272,0.3564643859863281,-0.056442152708768845,0.48384109139442444,0.3512948453426361,-0.06618430465459824,0.5356407165527344,0.38224101066589355,-0.06892304867506027
C,0.16951122879981995,0.8437845706939697,3.968117141539551e-07,0.3079603314399719,0.8272556662559509,0.013769031502306461,0.4259612262248993,0.7858964204788208,0.01426900178194046,0.5073455572128296,0.7561593055725098,-0.0009512402466498315,0.575427770614624,0.7049383521080017,-0.014311840757727623,0.4247148633003235,0.511259138584137,0.0804014652967453,0.5154217481613159,0.3964954614639282,0.053553495556116104,0.5758438110351562,0.4237700402736664,0.017614800482988358,0.6091353893280029,0.478664755821228,-0.0033841230906546116,0.3961240351200104,0.4802190959453583,0.04749010503292084,0.5052513480186462,0.3452962338924408,0.016614368185400963,0.5721108913421631,0.39017724990844727,-0.02258889377117157,0.5998387336730957,0.4692480266094208,-0.04357904568314552,0.3589518368244171,0.45801588892936707,0.006573176477104425,0.4711802303791046,0.32769495248794556,-0.021415511146187782,0.5444903373718262,0.3660169839859009,-0.0441727340221405,0.5818392634391785,0.4386323094367981,-0.05311722680926323,0.31617626547813416,0.45357924699783325,-0.03614387288689613,0.4138398766517639,0.3648453652858734,-0.05583040416240692,0.4862287938594818,0.364238440990448,-0.06322674453258514,0.5366233587265015,0.3965577483177185,-0.06410334259271622
C,0.16990569233894348,0.8479843735694885,3.989804611137515e-07,0.3082055449485779,0.8314855098724365,0.010758123360574245,0.4249230921268463,0.7891175150871277,0.009826588444411755,0.5067297220230103,0.7578755021095276,-0.006150410044938326,0.5739099979400635,0.7017377018928528,-0.019847258925437927,0.42498672008514404,0.5152783393859863,0.07744629681110382,0.5157881379127502,0.3998605012893677,0.04836082085967064,0.5764461755752563,0.42682957649230957,0.011210897006094456,0.6073437333106995,0.4834325313568115,-0.009688276797533035,0.396027535200119,0.4850911796092987,0.04561123996973038,0.5042757391929626,0.34858018159866333,0.013622605241835117,0.5712970495223999,0.39079049229621887,-0.026349233463406563,0.596413791179657,0.4697309136390686,-0.04758499190211296,0.35877305269241333,0.4637071490287781,0.005370328668504953,0.469808965921402,0.3334903120994568,-0.022745931521058083,0.5426121950149536,0.36834901571273804,-0.04612848907709122,0.5781010389328003,0.4393808841705322,-0.05553164705634117,0.31586140394210815,0.46086299419403076,-0.03701391816139221,0.4116359353065491,0.3731544613838196,-0.05704393610358238,0.4837436378002167,0.36453670263290405,-0.06575149297714233,0.5341467261314392,0.38934606313705444,-0.06761592626571655
C,0.16852569580078125,0.8445284962654114,3.9475585822401627e-07,0.30709242820739746,0.825893759727478,0.012548309750854969,0.42446014285087585,0.7841364145278931,0.011649711057543755,0.507136881351471,0.7544776201248169,-0.005173442419618368,0.5741457343101501,0.6974983215332031,-0.019999820739030838,0.423726886510849,0.5086451768875122,0.08032906800508499,0.5163907408714294,0.39411747455596924,0.049728747457265854,0.577197790145874,0.42504554986953735,0.010836626403033733,0.6066255569458008,0.4853515625,-0.010752390138804913,0.39422425627708435,0.47852230072021484,0.04723880812525749,0.5052909851074219,0.34552663564682007,0.013473284430801868,0.571181058883667,0.3921777307987213,-0.02870849333703518,0.593508780002594,0.47423142194747925,-0.05077504366636276,0.3569329082965851,0.45718643069267273,0.005771865136921406,0.46877869963645935,0.3276289403438568,-0.022760966792702675,0.5406128764152527,0.3657616674900055,-0.04692729562520981,0.5738598108291626,0.440067857503891,-0.05636357143521309,0.31388452649116516,0.45513689517974854,-0.03776185214519501,0.4101843535900116,0.3659524917602539,-0.0574980154633522,0.48431187868118286,0.35893714427948,-0.06639674305915833,0.5363596677780151,0.3865043520927429,-0.06818045675754547
C,0.1676729917526245,0.8439198732376099,3.519368476645468e-07,0.3062836527824402,0.8272373676300049,0.015328710898756981,0.4244139790534973,0.7832878828048706,0.015966810286045074,0.5060584545135498,0.7522889375686646,0.000283997505903244,0.574196457862854,0.7015112638473511,-0.013055017217993736,0.42001739144325256,0.49891406297683716,0.08387057483196259,0.5106703639030457,0.37661468982696533,0.055372584611177444,0.5724700689315796,0.41248878836631775,0.017444102093577385,0.6028643250465393,0.47985777258872986,-0.003479829290881753,0.3912639021873474,0.47202804684638977,0.050273068249225616,0.500331461429596,0.3382788300514221,0.0197311881929636,0.566818118095398,0.3896484971046448,-0.020842665806412697,0.5907649993896484,0.4751149117946625,-0.042526550590991974,0.35610267519950867,0.4529457688331604,0.008585120551288128,0.4691188931465149,0.3246214985847473,-0.016159342601895332,0.5415334701538086,0.3671293258666992,-0.037945084273815155,0.5747233033180237,0.44610074162483215,-0.046555373817682266,0.31545060873031616,0.4529726505279541,-0.03529991954565048,0.4132139980792999,0.36343395709991455,-0.051002562046051025,0.4869028925895691,0.3584354519844055,-0.05701033025979996,0.5367350578308105,0.38817209005355835,-0.057216376066207886
C,0.17721623182296753,0.8418608903884888,2.3934529735925025e-07,0.3151051998138428,0.8304247260093689,0.019727544859051704,0.42893916368484497,0.7866027355194092,0.02365114726126194,0.5108097791671753,0.7627018690109253,0.00955556146800518,0.5783077478408813,0.7133784890174866,-0.003800238948315382,0.430253803730011,0.5010050535202026,0.08856844156980515,0.5215948820114136,0.3863877058029175,0.06014132872223854,0.5775612592697144,0.4150046408176422,0.022557221353054047,0.6025569438934326,0.4715173840522766,0.0021727753337472677,0.40105271339416504,0.47187840938568115,0.052025485783815384,0.5077306032180786,0.33586883544921875,0.020361440256237984,0.5687631368637085,0.3832250237464905,-0.021745946258306503,0.5881627798080444,0.4616490602493286,-0.043624311685562134,0.3661500811576843,0.4527076184749603,0.007451386656612158,0.47444942593574524,0.3124675154685974,-0.021313132718205452,0.5436234474182129,0.3495308458805084,-0.046691108494997025,0.5726717114448547,0.42020562291145325,-0.05577081814408302,0.32777664065361023,0.45200079679489136,-0.03834579512476921,0.42640626430511475,0.33523643016815186,-0.05748111009597778,0.4989137649536133,0.33360031247138977,-0.06471685320138931,0.5433301329612732,0.37195688486099243,-0.06486312299966812
C,0.17300322651863098,0.8501436710357666,7.709184046689188e-08,0.3171199560165405,0.8390812873840332,0.030674217268824577,0.43527352809906006,0.7874603271484375,0.03996427729725838,0.5152584314346313,0.7629987001419067,0.029206421226263046,0.5828711986541748,0.7177867889404297,0.020074574276804924,0.4391936957836151,0.5049329400062561,0.09813395142555237,0.5404545068740845,0.3781818747520447,0.06692327558994293,0.5951099395751953,0.42294520139694214,0.02791227586567402,0.6074110269546509,0.49896082282066345,0.008627801202237606,0.40845638513565063,0.4793553948402405,0.05599824711680412,0.5177136063575745,0.3432329595088959,0.024995462968945503,0.5759470462799072,0.3986852169036865,-0.016412967815995216,0.5869694948196411,0.482224702835083,-0.037935689091682434,0.37150266766548157,0.4633052945137024,0.00583693478256464,0.48269182443618774,0.33067595958709717,-0.020016591995954514,0.5506908297538757,0.36924928426742554,-0.04286086931824684,0.5749225616455078,0.4400204122066498,-0.05122947320342064,0.33170416951179504,0.46647775173187256,-0.04515800252556801,0.4343084692955017,0.35956835746765137,-0.06298386305570602,0.5097126960754395,0.35298919677734375,-0.06976016610860825,0.5554025173187256,0.38243257999420166,-0.07010477036237717
C,0.17376813292503357,0.849036455154419,3.492571352126106e-07,0.3128533363342285,0.8362279534339905,0.02450745925307274,0.4280875027179718,0.7889366149902344,0.03142816573381424,0.5101538896560669,0.7628655433654785,0.019608182832598686,0.5751404762268066,0.7105341553688049,0.008978624828159809,0.42640742659568787,0.5105037093162537,0.100457563996315,0.5199046730995178,0.39917778968811035,0.0773615837097168,0.58183354139328,0.42095518112182617,0.042329806834459305,0.6102641820907593,0.4748084545135498,0.023118264973163605,0.3974343538284302,0.4821610450744629,0.0627124235033989,0.5059307217597961,0.35639679431915283,0.03764987364411354,0.5725780129432678,0.3977128267288208,-0.0005788663402199745,0.5963912010192871,0.4749535918235779,-0.0208747498691082,0.36359110474586487,0.46268367767333984,0.016720686107873917,0.4755364656448364,0.3346758782863617,-0.005612225271761417,0.5496879816055298,0.3684137761592865,-0.027273613959550858,0.5834351778030396,0.43858057260513306,-0.0355672761797905,0.32853633165359497,0.4616168737411499,-0.03071500174701214,0.4288358688354492,0.3603992760181427,-0.046990618109703064,0.5031509399414062,0.35762733221054077,-0.053229138255119324,0.551490068435669,0.3933134973049164,-0.05303613469004631
C,0.17672228813171387,0.844967782497406,3.3917564223884256e-07,0.31389111280441284,0.8338728547096252,0.02438402734696865,0.430945485830307,0.7906425595283508,0.02974272519350052,0.512190043926239,0.7647597789764404,0.01629086397588253,0.5809835195541382,0.7162659764289856,0.00424986332654953,0.4281472861766815,0.5047661662101746,0.10289351642131805,0.5244964361190796,0.39439523220062256,0.0823570266366005,0.5840165615081787,0.4239484965801239,0.048486318439245224,0.6086292266845703,0.48080605268478394,0.030044633895158768,0.3999938666820526,0.4769262671470642,0.06541866064071655,0.5145262479782104,0.35858190059661865,0.043292153626680374,0.5764912366867065,0.40662842988967896,0.0057153236120939255,0.5951696634292603,0.48304012417793274,-0.014312079176306725,0.3676989674568176,0.45763856172561646,0.019867107272148132,0.48711827397346497,0.33802059292793274,0.00044670907664112747,0.556849479675293,0.37719202041625977,-0.019297974184155464,0.5841995477676392,0.44657349586486816,-0.026487018913030624,0.3325430154800415,0.45637762546539307,-0.02713635563850403,0.4380839169025421,0.3576594591140747,-0.03894507512450218,0.5123490691184998,0.35774803161621094,-0.041560906916856766,0.5584200620651245,0.3928820490837097,-0.03920005261898041
C,0.17774127423763275,0.8451303839683533,3.6998866903559247e-07,0.31163784861564636,0.8351926207542419,0.02468242682516575,0.42809274792671204,0.7906442284584045,0.029830139130353928,0.5104475021362305,0.7637685537338257,0.016083849593997,0.5785267949104309,0.7104891538619995,0.0035186056047677994,0.4256899654865265,0.5067334175109863,0.1025831326842308,0.5198467969894409,0.3994373679161072,0.08393591642379761,0.580922544002533,0.4233798384666443,0.05163348466157913,0.6087673902511597,0.47541216015815735,0.03349291533231735,0.39861157536506653,0.4776439070701599,0.06497126072645187,0.5124648809432983,0.3591628074645996,0.04440535977482796,0.5754001140594482,0.4035145938396454,0.008358350954949856,0.5959244966506958,0.478278785943985,-0.011197381652891636,0.3671885132789612,0.45686599612236023,0.019476857036352158,0.48624441027641296,0.3353388011455536,0.001503683626651764,0.5580121278762817,0.3736156225204468,-0.017768941819667816,0.587205171585083,0.44335708022117615,-0.025523625314235687,0.3338721692562103,0.45421403646469116,-0.02750411443412304,0.43830791115760803,0.35402029752731323,-0.03960179537534714,0.5136414766311646,0.3583710193634033,-0.04291119426488876,0.5608819723129272,0.39946240186691284,-0.04135439917445183
C,0.1306370496749878,0.9004623889923096,5.174174333433257e-08,0.3032650351524353,0.8773328065872192,0.06718241423368454,0.4315693974494934,0.8085103034973145,0.08714425563812256,0.5214139819145203,0.7772958874702454,0.07540837675333023,0.5962632894515991,0.7259061336517334,0.06356953084468842,0.4269728362560272,0.49205687642097473,0.14717958867549896,0.5347544550895691,0.34146204590797424,0.12385497242212296,0.6030580997467041,0.3945992887020111,0.08517275005578995,0.6248496770858765,0.4802863895893097,0.06338737159967422,0.39117521047592163,0.46501287817955017,0.07891826331615448,0.5189725160598755,0.29450523853302,0.04906761646270752,0.6009261012077332,0.3666090965270996,0.003891752101480961,0.6119347810745239,0.4813907742500305,-0.018860405310988426,0.3494527041912079,0.4478740096092224,0.003688235068693757,0.4832112193107605,0.2826026380062103,-0.022427482530474663,0.5735342502593994,0.3523913621902466,-0.04549446329474449,0.5991740226745605,0.4581177830696106,-0.05336406081914902,0.3102518916130066,0.45708876848220825,-0.07005462795495987,0.43043848872184753,0.3447757959365845,-0.0932295098900795,0.5155829787254333,0.3703780770301819,-0.10075978934764862,0.558424174785614,0.43497973680496216,-0.09975504875183105
C,0.132919579744339,0.899346649646759,1.0434843034090591e-07,0.2996215522289276,0.8757919073104858,0.0524841770529747,0.43001946806907654,0.80687016248703,0.06650175899267197,0.5209625363349915,0.7742229104042053,0.05291133373975754,0.5934268236160278,0.721712589263916,0.04033542424440384,0.4202324151992798,0.485678106546402,0.12672315537929535,0.5302955508232117,0.3322695791721344,0.0999450534582138,0.5992633700370789,0.38862210512161255,0.060468889772892,0.6220806837081909,0.47583499550819397,0.03868155553936958,0.3853771686553955,0.4603894352912903,0.0678100660443306,0.5175269842147827,0.29370784759521484,0.035704296082258224,0.597235918045044,0.370908260345459,-0.008897598832845688,0.609397292137146,0.4846532642841339,-0.031295984983444214,0.34607306122779846,0.44574058055877686,0.0017683171899989247,0.4841611385345459,0.28468355536460876,-0.024181706830859184,0.572076141834259,0.35618501901626587,-0.046145517379045486,0.5978689193725586,0.46153727173805237,-0.05354016646742821,0.3087281882762909,0.45668917894363403,-0.06394840031862259,0.42857199907302856,0.34355098009109497,-0.08466151356697083,0.5150929689407349,0.36619123816490173,-0.09090494364500046,0.5606662631034851,0.4276350736618042,-0.08943895995616913
C,0.1321500539779663,0.8898870944976807,6.866818580419931e-08,0.30122050642967224,0.8688619136810303,0.05915813148021698,0.429299533367157,0.8030256628990173,0.07593951374292374,0.518160879611969,0.7733827233314514,0.06356707215309143,0.5899275541305542,0.7191177606582642,0.051795464009046555,0.4220972955226898,0.48286333680152893,0.137261763215065,0.5326412320137024,0.3360591530799866,0.11552475392818451,0.6005176305770874,0.3911820650100708,0.07852087169885635,0.6223335862159729,0.4756828248500824,0.058027420192956924,0.3871566355228424,0.4569316506385803,0.0759253054857254,0.5201081037521362,0.29403701424598694,0.047042544931173325,0.5983693599700928,0.3730926513671875,0.0026429835706949234,0.6090357899665833,0.487546443939209,-0.019536463543772697,0.3487313389778137,0.44131165742874146,0.008092145435512066,0.48883941769599915,0.28641533851623535,-0.014189839363098145,0.5754603147506714,0.3614524006843567,-0.03652867674827576,0.5995718836784363,0.46705350279808044,-0.044546134769916534,0.3140942454338074,0.4516669511795044,-0.058855462819337845,0.4359915554523468,0.3398961126804352,-0.07508767396211624,0.5211625099182129,0.3659690022468567,-0.07977719604969025,0.5648817420005798,0.4295729398727417,-0.07781435549259186
C,0.13109326362609863,0.880913496017456,7.667672008437876e-08,0.30135807394981384,0.8610203266143799,0.06203126162290573,0.4279131591320038,0.7978593707084656,0.080581896007061,0.5164794921875,0.7699437141418457,0.06927654892206192,0.5875215530395508,0.7183368802070618,0.05813978239893913,0.4230291545391083,0.4849165081977844,0.14346693456172943,0.5339114665985107,0.3408540189266205,0.12372338771820068,0.5997702479362488,0.39368367195129395,0.08720260113477707,0.6198561191558838,0.4760289192199707,0.0662410631775856,0.3886108696460724,0.45674413442611694,0.08033362030982971,0.522180438041687,0.29628029465675354,0.05190804600715637,0.5983779430389404,0.3728438913822174,0.006076944060623646,0.6069127917289734,0.4856196939945221,-0.017591997981071472,0.349255234003067,0.4379969835281372,0.010625834576785564,0.48921284079551697,0.2838535010814667,-0.012349315918982029,0.5737900733947754,0.35729724168777466,-0.03723360225558281,0.5967056155204773,0.4607955813407898,-0.04750993102788925,0.3124912977218628,0.44490790367126465,-0.05775986984372139,0.4341125786304474,0.338753342628479,-0.0757080540060997,0.5169520378112793,0.3651810884475708,-0.08272042870521545,0.5596730709075928,0.4262600243091583,-0.08297814428806305
C,0.12897753715515137,0.8812479972839355,4.8907665473052475e-08,0.3016815781593323,0.8607162237167358,0.0739574283361435,0.42677026987075806,0.7965657711029053,0.09881334751844406,0.5145364999771118,0.7684177160263062,0.09035023301839828,0.5828009247779846,0.7139153480529785,0.08160696923732758,0.41920989751815796,0.47718432545661926,0.16550889611244202,0.5290222764015198,0.3348715305328369,0.15159113705158234,0.5945457220077515,0.39027807116508484,0.11721840500831604,0.614253580570221,0.47399407625198364,0.09732645004987717,0.3845544457435608,0.4489833116531372,0.09612764418125153,0.5185381770133972,0.2950114607810974,0.072881318628788,0.5948994159698486,0.37216606736183167,0.028221601620316505,0.6024228930473328,0.4862184524536133,0.005585602484643459,0.3473505973815918,0.4312669038772583,0.02022540010511875,0.4879348874092102,0.28366515040397644,0.0017561604036018252,0.573352038860321,0.35907918214797974,-0.020665042102336884,0.5955488681793213,0.46346086263656616,-0.02902815118432045,0.31453731656074524,0.44120538234710693,-0.05406424403190613,0.43848463892936707,0.3332332968711853,-0.06847596913576126,0.5231854319572449,0.3615124225616455,-0.07301246374845505,0.5672734379768372,0.4260578751564026,-0.07119216024875641
C,0.13114872574806213,0.8803961277008057,3.225314770816112e-08,0.30825358629226685,0.861007571220398,0.08268088102340698,0.4317370355129242,0.7966960072517395,0.11136457324028015,0.5201916694641113,0.7681217193603516,0.10482029616832733,0.590173602104187,0.7132986783981323,0.09742126613855362,0.42371055483818054,0.4863814413547516,0.1734892874956131,0.5305017232894897,0.3426830768585205,0.16225825250148773,0.5967646241188049,0.39826828241348267,0.12987233698368073,0.618996798992157,0.4794023931026459,0.11055522412061691,0.3891473710536957,0.4570850729942322,0.09898689389228821,0.5172963738441467,0.2926536202430725,0.07787253707647324,0.5964901447296143,0.369251012802124,0.03545398637652397,0.6079093217849731,0.4824281930923462,0.01389526017010212,0.35097041726112366,0.4376700520515442,0.01827212981879711,0.4880181849002838,0.2833314538002014,-0.00011209837975911796,0.5764083862304688,0.3610074520111084,-0.0211123488843441,0.6013152599334717,0.46583792567253113,-0.028759034350514412,0.3180698752403259,0.44577065110206604,-0.06009044125676155,0.44415223598480225,0.33604466915130615,-0.07578041404485703,0.5282654762268066,0.3690328001976013,-0.07985875010490417,0.5697305202484131,0.43641701340675354,-0.07781235128641129
C,0.13115429878234863,0.8853598833084106,3.499794942740664e-08,0.30701738595962524,0.865359365940094,0.07408422976732254,0.43231201171875,0.8022096157073975,0.09675459563732147,0.5206863880157471,0.7723639011383057,0.08636850863695145,0.5909042358398438,0.7190200686454773,0.07573066651821136,0.4230423867702484,0.48357143998146057,0.15756334364414215,0.5327548384666443,0.3391316831111908,0.1397887021303177,0.5984734296798706,0.3976486921310425,0.10350480675697327,0.6178642511367798,0.4848243296146393,0.08235649764537811,0.38670262694358826,0.4555719494819641,0.08690944314002991,0.5197263956069946,0.2986275851726532,0.060790739953517914,0.5976676344871521,0.37732547521591187,0.016350015997886658,0.6068631410598755,0.49139517545700073,-0.0065719932317733765,0.3482760190963745,0.4393104910850525,0.009959825314581394,0.4880158007144928,0.28880926966667175,-0.01076776348054409,0.574891209602356,0.3645009398460388,-0.03220026567578316,0.5988192558288574,0.4683869779109955,-0.04043077677488327,0.3149484395980835,0.45185983180999756,-0.06528623402118683,0.43730899691581726,0.3442878723144531,-0.08195958286523819,0.5201793313026428,0.3741306662559509,-0.08627849817276001,0.5619872212409973,0.4393879771232605,-0.08446578681468964
C,0.1398690640926361,0.8837491273880005,1.1034085645178493e-07,0.3077338933944702,0.8641908168792725,0.061506032943725586,0.43321239948272705,0.800919771194458,0.08048281818628311,0.5208526849746704,0.7733399868011475,0.06985022872686386,0.5920916199684143,0.7210445404052734,0.059585023671388626,0.4266839623451233,0.4920461177825928,0.1463014930486679,0.5340991616249084,0.3505595922470093,0.12783187627792358,0.5993179678916931,0.40256157517433167,0.09138689935207367,0.619164764881134,0.4840012490749359,0.07061227411031723,0.39283522963523865,0.46369409561157227,0.08442988246679306,0.5215798616409302,0.3059796392917633,0.05756741017103195,0.5978229641914368,0.38089606165885925,0.011313097551465034,0.6070285439491272,0.49398931860923767,-0.012310303747653961,0.3546123206615448,0.44482195377349854,0.016057046130299568,0.49007177352905273,0.2915618121623993,-0.00473750801756978,0.5754193067550659,0.3617345094680786,-0.029199667274951935,0.5998069643974304,0.4634299874305725,-0.03904856741428375,0.3192843198776245,0.4516981244087219,-0.05110801011323929,0.4394644498825073,0.34706005454063416,-0.06661807000637054,0.5209033489227295,0.37169182300567627,-0.07207077741622925,0.562553346157074,0.431196928024292,-0.0709490031003952
C,0.09134654700756073,0.7736846804618835,4.144653473758808e-07,0.23181797564029694,0.7236676812171936,0.04825632646679878,0.31966859102249146,0.6750196218490601,0.06079338863492012,0.3828849196434021,0.6431548595428467,0.04938143491744995,0.42644983530044556,0.5866017937660217,0.03685208037495613,0.2743418216705322,0.43340158462524414,0.11851630359888077,0.34663939476013184,0.33099624514579773,0.10588876157999039,0.40675824880599976,0.33947375416755676,0.07846567779779434,0.44758176803588867,0.3683099150657654,0.05969325453042984,0.24339258670806885,0.4062452018260956,0.0684199184179306,0.3395300507545471,0.27733114361763,0.044235073029994965,0.4106718897819519,0.3050028681755066,0.0069128163158893585,0.44728684425354004,0.37004485726356506,-0.013486740179359913,0.20877906680107117,0.3909844756126404,0.012861127965152264,0.31269899010658264,0.2598560154438019,-0.01228688471019268,0.3948705792427063,0.29546862840652466,-0.03543553501367569,0.4412338137626648,0.36302152276039124,-0.0450209341943264,0.17798173427581787,0.4001322388648987,-0.04134581238031387,0.28029507398605347,0.3113819360733032,-0.06321503967046738,0.3544256389141083,0.32098978757858276,-0.07263695448637009,0.4062357246875763,0.3591504693031311,-0.07497956603765488
C,0.1002359390258789,0.7884889841079712,5.63533262720739e-07,0.2366124391555786,0.7382549047470093,0.044358666986227036,0.33223631978034973,0.6933659911155701,0.0506807342171669,0.4010910987854004,0.6591386795043945,0.03419775143265724,0.44125479459762573,0.5912424921989441,0.017189698293805122,0.2727949023246765,0.42943403124809265,0.11160599440336227,0.36066681146621704,0.33612558245658875,0.09864658117294312,0.4233759641647339,0.34730565547943115,0.06953694671392441,0.46320557594299316,0.3810940086841583,0.05029112845659256,0.2369706630706787,0.4005284905433655,0.06363119184970856,0.35234948992729187,0.2864859700202942,0.043060045689344406,0.4243101477622986,0.3137058913707733,0.0065293884836137295,0.4626055359840393,0.3790047764778137,-0.01426613051444292,0.20274841785430908,0.38581544160842896,0.010873144492506981,0.3272854685783386,0.2746518850326538,-0.006032357923686504,0.4092414677143097,0.3057359457015991,-0.025220949202775955,0.45555245876312256,0.36857175827026367,-0.034647900611162186,0.176885724067688,0.398700475692749,-0.0413547120988369,0.2941961884498596,0.32097023725509644,-0.054060742259025574,0.36951375007629395,0.3335424065589905,-0.05698060989379883,0.4206427037715912,0.3745306432247162,-0.05577452480792999
C,0.10347014665603638,0.7880291938781738,4.622402514087298e-07,0.2444690316915512,0.7377765774726868,0.05294475704431534,0.33746159076690674,0.6921690106391907,0.06458042562007904,0.40314793586730957,0.6609309315681458,0.05102870240807533,0.44431978464126587,0.5977371335029602,0.03617604076862335,0.29091137647628784,0.4385044574737549,0.12259196490049362,0.3737410306930542,0.33812326192855835,0.11143451929092407,0.43574243783950806,0.3513304889202118,0.08357536792755127,0.47621968388557434,0.38356882333755493,0.0642634853720665,0.2560810446739197,0.4093243479728699,0.06929340958595276,0.36446255445480347,0.29311272501945496,0.04820597916841507,0.43492481112480164,0.321900874376297,0.010722930543124676,0.4709317684173584,0.3859061002731323,-0.010493941605091095,0.22012871503829956,0.3931785225868225,0.01127596478909254,0.33538979291915894,0.27963292598724365,-0.007969917729496956,0.4162771701812744,0.3103567957878113,-0.028177261352539062,0.4633044898509979,0.36995744705200195,-0.03777676820755005,0.19042283296585083,0.403786838054657,-0.04557950049638748,0.300502747297287,0.3288504481315613,-0.061601005494594574,0.37432506680488586,0.33787959814071655,-0.0666343942284584,0.4269159734249115,0.37197571992874146,-0.06671889126300812
C,0.10979922115802765,0.7894773483276367,4.261146671069582e-07,0.24165397882461548,0.741836428642273,0.03193718194961548,0.33887720108032227,0.6942417621612549,0.03494154289364815,0.4061110317707062,0.6599994897842407,0.017613939940929413,0.44783371686935425,0.593971848487854,0.0006059287115931511,0.2989475131034851,0.4438210427761078,0.09487233310937881,0.3762716054916382,0.3421823978424072,0.0743444412946701,0.43594226241111755,0.35574519634246826,0.04248494282364845,0.4746883511543274,0.3922991454601288,0.02273833565413952,0.26611366868019104,0.4169504642486572,0.05315754562616348,0.3667592406272888,0.29530179500579834,0.024849411100149155,0.434584379196167,0.3280535042285919,-0.012404593639075756,0.46994778513908386,0.3943381905555725,-0.0320335291326046,0.22914987802505493,0.40084928274154663,0.005494565237313509,0.33826401829719543,0.2806328535079956,-0.020208219066262245,0.41660013794898987,0.31731656193733215,-0.0405324250459671,0.46154260635375977,0.38567042350769043,-0.048050738871097565,0.19386404752731323,0.40723294019699097,-0.04238039627671242,0.2997255027294159,0.3268507122993469,-0.0627388283610344,0.37505054473876953,0.33740919828414917,-0.06954345852136612,0.42852115631103516,0.37620988488197327,-0.06940042227506638
C,0.11422385275363922,0.7885532975196838,4.880297410636558e-07,0.24103929102420807,0.7461910247802734,0.023597629740834236,0.3390691876411438,0.6942319273948669,0.023605111986398697,0.40594205260276794,0.6604940891265869,0.006633345503360033,0.45076531171798706,0.5972965359687805,-0.009566337801516056,0.29217931628227234,0.4355827271938324,0.07571390271186829,0.37285977602005005,0.33465975522994995,0.054792873561382294,0.4356481432914734,0.35079705715179443,0.025311855599284172,0.47864270210266113,0.38524144887924194,0.006933319848030806,0.2573818862438202,0.41131603717803955,0.039364252239465714,0.36215537786483765,0.2931778132915497,0.010710549540817738,0.433382511138916,0.32915133237838745,-0.02318970113992691,0.472469687461853,0.3952544331550598,-0.04056356102228165,0.22186532616615295,0.40252697467803955,-0.0023056010250002146,0.33429276943206787,0.28194326162338257,-0.029056154191493988,0.41633304953575134,0.31587356328964233,-0.04779884219169617,0.4647409915924072,0.38081875443458557,-0.05389545485377312,0.19051232933998108,0.4184868037700653,-0.044362109154462814,0.2985991835594177,0.3329770565032959,-0.06607300043106079,0.37632837891578674,0.3399241864681244,-0.07243911921977997,0.4315924048423767,0.37767601013183594,-0.0715176984667778
C,0.12599284946918488,0.7904003858566284,5.184226665733149e-07,0.24734552204608917,0.7455641031265259,0.017363673076033592,0.343403697013855,0.697321891784668,0.012901633977890015,0.4091903865337372,0.6646451950073242,-0.008181355893611908,0.4503726363182068,0.5966477394104004,-0.028019526973366737,0.2985948920249939,0.4390493631362915,0.07083457708358765,0.37578681111335754,0.32988443970680237,0.045526597648859024,0.43816375732421875,0.34668970108032227,0.01315125823020935,0.4801391363143921,0.3870624303817749,-0.006498515140265226,0.26469916105270386,0.41615214943885803,0.03629816696047783,0.366051584482193,0.29644888639450073,0.003185365116223693,0.43732884526252747,0.3370548486709595,-0.03366248682141304,0.47618377208709717,0.40907013416290283,-0.0523763932287693,0.2279852330684662,0.40576285123825073,-0.0043318928219377995,0.3387998938560486,0.2856158912181854,-0.03497285395860672,0.4206586480140686,0.32530248165130615,-0.054817136377096176,0.46878522634506226,0.3959019184112549,-0.0608065091073513,0.19303636252880096,0.4179481267929077,-0.04592857509851456,0.29998186230659485,0.3362450897693634,-0.07007471472024918,0.37542104721069336,0.3470277488231659,-0.077317014336586,0.42733609676361084,0.3875562250614166,-0.07656828314065933
C,0.1260533630847931,0.8001576066017151,4.918567810818786e-07,0.2513481676578522,0.7579678297042847,0.018830060958862305,0.3476654589176178,0.707916259765625,0.018004583194851875,0.41440147161483765,0.6749277114868164,0.0006932362448424101,0.45926934480667114,0.6100653409957886,-0.015299493446946144,0.3113868236541748,0.4568469524383545,0.07922118902206421,0.38421645760536194,0.3528105616569519,0.057727064937353134,0.4441915452480316,0.3656069040298462,0.02615644410252571,0.4856557548046112,0.40448230504989624,0.0067400820553302765,0.28045836091041565,0.43610551953315735,0.04448530077934265,0.37190374732017517,0.30769550800323486,0.015472725965082645,0.44236862659454346,0.3353384733200073,-0.02160152979195118,0.4827682673931122,0.40251773595809937,-0.04081830754876137,0.24636217951774597,0.4259262979030609,0.0033501244615763426,0.3461628556251526,0.29567819833755493,-0.022749273106455803,0.42555949091911316,0.322192907333374,-0.04383417218923569,0.4741353392601013,0.3868974447250366,-0.05144849419593811,0.21476328372955322,0.43658655881881714,-0.038938961923122406,0.3100906312465668,0.34790706634521484,-0.05928170680999756,0.3834235370159149,0.34919285774230957,-0.06643202155828476,0.4363533854484558,0.38603127002716064,-0.06626913696527481
C,0.12414154410362244,0.7995513677597046,4.867364395977347e-07,0.24655336141586304,0.7594708204269409,0.011900999583303928,0.34431713819503784,0.7097811698913574,0.007445314433425665,0.4128795266151428,0.6762154698371887,-0.011616306379437447,0.4569387435913086,0.611859917640686,-0.029161283746361732,0.31020209193229675,0.4542296826839447,0.06610635668039322,0.38533860445022583,0.34623169898986816,0.04130525141954422,0.4445357024669647,0.3635886609554291,0.008389699272811413,0.48388540744781494,0.4065147638320923,-0.011543039232492447,0.2780130207538605,0.43407803773880005,0.034751445055007935,0.3722243309020996,0.30563730001449585,0.003918507136404514,0.441757470369339,0.33779147267341614,-0.03322311490774155,0.47990095615386963,0.40639474987983704,-0.05278538540005684,0.24265016615390778,0.42564845085144043,-0.0029389180708676577,0.3448920249938965,0.2992274761199951,-0.030137550085783005,0.4234001636505127,0.32900094985961914,-0.05113318935036659,0.4696916937828064,0.3950589895248413,-0.058905716985464096,0.2093932032585144,0.4377390742301941,-0.04222632944583893,0.30470237135887146,0.3504909574985504,-0.06347094476222992,0.37839755415916443,0.3522532880306244,-0.07100705057382584,0.43067342042922974,0.3893980383872986,-0.07111876457929611
C,0.1215410977602005,0.7986688613891602,4.826016493097995e-07,0.24462640285491943,0.7591701745986938,0.01535793300718069,0.3443826138973236,0.7077354192733765,0.01278477068990469,0.4123506546020508,0.6727422475814819,-0.0051046097651124,0.4559110999107361,0.6075494289398193,-0.02162322588264942,0.3077746331691742,0.4503042697906494,0.07039346545934677,0.3846283257007599,0.34756532311439514,0.047261979430913925,0.44368356466293335,0.3635976314544678,0.01560857705771923,0.48317110538482666,0.4043118953704834,-0.003608462167903781,0.2757135033607483,0.4283563494682312,0.03743559494614601,0.3729451596736908,0.30247408151626587,0.007879424840211868,0.44190430641174316,0.33346131443977356,-0.028220629319548607,0.48015105724334717,0.40150174498558044,-0.0468754805624485,0.2399107962846756,0.41876471042633057,-0.0016399977030232549,0.3447493612766266,0.29068201780319214,-0.028522873297333717,0.42369693517684937,0.32047614455223083,-0.049031294882297516,0.47110238671302795,0.3856896460056305,-0.056344546377658844,0.20564575493335724,0.43084847927093506,-0.04194290563464165,0.304627001285553,0.3419981002807617,-0.0638577789068222,0.380268931388855,0.3464798033237457,-0.07137226313352585,0.4347483217716217,0.38587358593940735,-0.0711737722158432
C,0.12067881226539612,0.7954333424568176,4.929371471007471e-07,0.2478368580341339,0.7518052458763123,0.02314004674553871,0.34446099400520325,0.7030613422393799,0.02253410965204239,0.41160058975219727,0.6706973910331726,0.004362514242529869,0.4566054344177246,0.6053832769393921,-0.01301317848265171,0.3098447322845459,0.4469493329524994,0.0788482129573822,0.3845091462135315,0.337648868560791,0.057761434465646744,0.44601887464523315,0.35317909717559814,0.02733803726732731,0.4888879060745239,0.3911731243133545,0.008155949413776398,0.2772558033466339,0.4245305061340332,0.0416732132434845,0.36980682611465454,0.2903180718421936,0.01307098288089037,0.4430080056190491,0.32262057065963745,-0.023456908762454987,0.48341280221939087,0.392993301153183,-0.04290122166275978,0.24034333229064941,0.41495800018310547,-0.0011024384293705225,0.3400907814502716,0.28156572580337524,-0.027670007199048996,0.4238516390323639,0.3165438771247864,-0.04869620501995087,0.473694384098053,0.38642364740371704,-0.05656197667121887,0.20723794400691986,0.4271189272403717,-0.04439790919423103,0.3057202398777008,0.3373051881790161,-0.06546881049871445,0.3814237713813782,0.3456583619117737,-0.07278957962989807,0.43455398082733154,0.3865562081336975,-0.07293178886175156
C,0.11808998882770538,0.8007593750953674,4.674469096244138e-07,0.24381382763385773,0.7565342783927917,0.021838782355189323,0.3426327705383301,0.7056017518043518,0.022013338282704353,0.4128955006599426,0.6699548363685608,0.005157093517482281,0.457064688205719,0.5995444059371948,-0.010502575896680355,0.3048478662967682,0.4534357786178589,0.08109572529792786,0.38136133551597595,0.3489574193954468,0.0619744136929512,0.440693199634552,0.3618866205215454,0.03246401622891426,0.4805369973182678,0.39580121636390686,0.013726434670388699,0.27359822392463684,0.4299813210964203,0.045151740312576294,0.3684884309768677,0.2970006465911865,0.01766560599207878,0.4386589527130127,0.3276059031486511,-0.018486063927412033,0.47577330470085144,0.39580851793289185,-0.037500981241464615,0.23822477459907532,0.4180983006954193,0.003483908949419856,0.34118688106536865,0.2845069468021393,-0.021647725254297256,0.4200516939163208,0.3170384168624878,-0.04177942872047424,0.465136855840683,0.38457024097442627,-0.04920995980501175,0.20612668991088867,0.4274437725543976,-0.03895990177989006,0.30514466762542725,0.3392183780670166,-0.05906239524483681,0.379581093788147,0.3429719805717468,-0.06633127480745316,0.4322599768638611,0.3790014982223511,-0.06651978939771652
C,0.11944741010665894,0.7944626808166504,4.807221216651669e-07,0.24901124835014343,0.7492424249649048,0.026150457561016083,0.34487155079841614,0.7002268433570862,0.028239130973815918,0.4128497242927551,0.6666498780250549,0.011819103732705116,0.45408064126968384,0.5973804593086243,-0.004071429837495089,0.3063211143016815,0.4493290185928345,0.08603349328041077,0.3832072913646698,0.3374728560447693,0.06611727923154831,0.44461679458618164,0.3519851267337799,0.03579043969511986,0.4853396713733673,0.3910662531852722,0.01673090271651745,0.2750990390777588,0.42727217078208923,0.04707770049571991,0.3693442940711975,0.28884124755859375,0.0186340119689703,0.442330002784729,0.3209611177444458,-0.019662421196699142,0.48017823696136475,0.39447498321533203,-0.04010087624192238,0.23889702558517456,0.41585826873779297,0.0023830560967326164,0.3406577408313751,0.2814699113368988,-0.02371571958065033,0.4227425158023834,0.31683987379074097,-0.046404872089624405,0.4688958525657654,0.3887723684310913,-0.05539145693182945,0.20621633529663086,0.4253055453300476,-0.04271101951599121,0.3052392303943634,0.3345130980014801,-0.06333325803279877,0.38013190031051636,0.3406521677970886,-0.07163456827402115,0.4315168857574463,0.3807660937309265,-0.07275010645389557
C,0.11236460506916046,0.8019257187843323,5.111219252285082e-07,0.24585875868797302,0.7512418627738953,0.03346344083547592,0.34365421533584595,0.7002383470535278,0.03533189743757248,0.4142833948135376,0.6679668426513672,0.016918640583753586,0.4562761187553406,0.5963343381881714,-0.0014442731626331806,0.2962436378002167,0.4466054439544678,0.09423822164535522,0.37877652049064636,0.34055083990097046,0.07770444452762604,0.4423309862613678,0.35675621032714844,0.0477338507771492,0.48150864243507385,0.3976072371006012,0.02837327867746353,0.2631109952926636,0.42439427971839905,0.050851840525865555,0.3674159049987793,0.2930404543876648,0.026719750836491585,0.44050586223602295,0.3267379403114319,-0.010165683925151825,0.47616419196128845,0.40061527490615845,-0.030560383573174477,0.2276044487953186,0.4135383367538452,0.0024209420662373304,0.3407498300075531,0.28481465578079224,-0.016561204567551613,0.4217463433742523,0.3192596435546875,-0.034910932183265686,0.46566540002822876,0.38782238960266113,-0.0433877557516098,0.19772189855575562,0.4273930490016937,-0.04629575461149216,0.3036648631095886,0.34258508682250977,-0.06075737252831459,0.37859445810317993,0.3488005995750427,-0.0644039660692215,0.42888420820236206,0.3860290050506592,-0.06345494091510773
C,0.11456643044948578,0.8033789396286011,4.885219482275716e-07,0.24760068953037262,0.7556564211845398,0.03386123105883598,0.342529833316803,0.7029436230659485,0.039193492382764816,0.4124886393547058,0.6686978340148926,0.02353658899664879,0.4555645287036896,0.6010094881057739,0.007528574205935001,0.30415230989456177,0.45524153113365173,0.10203038156032562,0.38390225172042847,0.3541877865791321,0.08724137395620346,0.44578906893730164,0.3666452169418335,0.057788774371147156,0.4873455762863159,0.39824217557907104,0.037734828889369965,0.27221593260765076,0.43150991201400757,0.058023013174533844,0.37190568447113037,0.3045593798160553,0.03186698630452156,0.44515788555145264,0.33495891094207764,-0.007934197783470154,0.48376479744911194,0.40329575538635254,-0.03002948686480522,0.23670694231987,0.41790157556533813,0.008313130587339401,0.34302234649658203,0.28961116075515747,-0.014695260673761368,0.4253598153591156,0.323610782623291,-0.03836031258106232,0.4723725914955139,0.3914914131164551,-0.04927123337984085,0.20586687326431274,0.4272250533103943,-0.04163561761379242,0.3075195252895355,0.3381339907646179,-0.06012983247637749,0.38352590799331665,0.34497982263565063,-0.06858082115650177,0.4371379613876343,0.38497206568717957,-0.07082225382328033
C,0.12462857365608215,0.7958725690841675,4.938243023389077e-07,0.25123268365859985,0.7518966794013977,0.022343898192048073,0.3465587794780731,0.7037091851234436,0.021115168929100037,0.4165487587451935,0.6701939702033997,0.0027732045855373144,0.45786619186401367,0.6013912558555603,-0.014704523608088493,0.30863526463508606,0.4558386504650116,0.07849680632352829,0.3856564164161682,0.3505729138851166,0.05820317193865776,0.44527024030685425,0.36410945653915405,0.02809823676943779,0.48325467109680176,0.40133488178253174,0.009438722394406796,0.2778705060482025,0.4340096116065979,0.042011212557554245,0.3729260265827179,0.29830867052078247,0.015005964785814285,0.4439636766910553,0.3264012038707733,-0.020802229642868042,0.4810810089111328,0.3935335576534271,-0.04008084163069725,0.24196787178516388,0.42240050435066223,-0.00015142762276809663,0.3427765667438507,0.28583261370658875,-0.024544164538383484,0.42387187480926514,0.31692785024642944,-0.045717835426330566,0.4698745012283325,0.38383549451828003,-0.05453226715326309,0.2095058411359787,0.43121516704559326,-0.04289525747299194,0.30576881766319275,0.3391995131969452,-0.06261426210403442,0.3803689479827881,0.3463987112045288,-0.07000348716974258,0.43146616220474243,0.3874741196632385,-0.07075671851634979
C,0.12140952050685883,0.8025160431861877,4.481270821088401e-07,0.2526485025882721,0.7551014423370361,0.028499996289610863,0.34849125146865845,0.7052567005157471,0.030850457027554512,0.41759708523750305,0.6702147722244263,0.014200032688677311,0.45903313159942627,0.6007262468338013,-0.001925361342728138,0.31119242310523987,0.4561215937137604,0.08817993849515915,0.3892270624637604,0.34881171584129333,0.06872614473104477,0.4482269287109375,0.3661165237426758,0.03808126226067543,0.4857413172721863,0.40640169382095337,0.01849902980029583,0.27833831310272217,0.4324956238269806,0.04744318500161171,0.3742111325263977,0.2971695363521576,0.02090092934668064,0.44508981704711914,0.3271886706352234,-0.015827680006623268,0.48193949460983276,0.3969579041004181,-0.03620362654328346,0.24160236120224,0.4204873740673065,0.0007910243584774435,0.34459176659584045,0.2885220944881439,-0.023344317451119423,0.4242394268512726,0.320167601108551,-0.04520227387547493,0.4699181318283081,0.3877496123313904,-0.055006641894578934,0.20932996273040771,0.4300788640975952,-0.046322666108608246,0.30789560079574585,0.3416725993156433,-0.06620140373706818,0.3814682364463806,0.34726566076278687,-0.07443401217460632,0.43306663632392883,0.38609224557876587,-0.07627926021814346
C,0.14472435414791107,0.7994745969772339,5.44594570328627e-07,0.2798091769218445,0.7742537260055542,0.0010278820991516113,0.40110182762145996,0.7184492945671082,-0.0061155869625508785,0.4814307987689972,0.6818302273750305,-0.025791307911276817,0.5370630621910095,0.6100015044212341,-0.043813556432724,0.3886914849281311,0.42753303050994873,0.04876069352030754,0.4809628129005432,0.29821914434432983,0.01107889786362648,0.5480460524559021,0.3248414993286133,-0.028131848201155663,0.5872925519943237,0.383919358253479,-0.04920531436800957,0.3513765335083008,0.3994410037994385,0.019923187792301178,0.4623722434043884,0.2484106719493866,-0.017784740775823593,0.5417845249176025,0.2841768264770508,-0.05528193339705467,0.5800564885139465,0.36218875646591187,-0.07392086833715439,0.30343902111053467,0.38741064071655273,-0.016882628202438354,0.42058226466178894,0.24700120091438293,-0.05170413479208946,0.5068982243537903,0.2814728617668152,-0.07035509496927261,0.554252564907074,0.35436999797821045,-0.07454224675893784,0.24643991887569427,0.4003002941608429,-0.056162185966968536,0.3430745303630829,0.29856348037719727,-0.08521363884210587,0.42619577050209045,0.29291412234306335,-0.09289397299289703,0.48623308539390564,0.3272528648376465,-0.0911276564002037
C,0.119823157787323,0.8233767747879028,4.4584771785594057e-07,0.2679315209388733,0.7902886271476746,0.014901464805006981,0.396294504404068,0.72307950258255,0.013877319172024727,0.4795544445514679,0.6824480891227722,-0.003636851441115141,0.5368223190307617,0.6089472770690918,-0.01930106058716774,0.38584378361701965,0.4063282608985901,0.07487187534570694,0.48042789101600647,0.27307772636413574,0.044481437653303146,0.549738883972168,0.3012162744998932,0.00694902753457427,0.5869460105895996,0.3651697337627411,-0.014457138255238533,0.34480229020118713,0.38166344165802,0.037633832544088364,0.460700124502182,0.2264077365398407,0.00437913928180933,0.5405025482177734,0.2694929242134094,-0.03584222123026848,0.5749746561050415,0.3573620021343231,-0.057024385780096054,0.29657453298568726,0.37167227268218994,-0.00727192685008049,0.41970396041870117,0.22296401858329773,-0.038601066917181015,0.5089389085769653,0.261078804731369,-0.060756564140319824,0.5548268556594849,0.3418278098106384,-0.06867344677448273,0.24417805671691895,0.38800275325775146,-0.05389263108372688,0.35368525981903076,0.2835475206375122,-0.08117198199033737,0.4365796744823456,0.2833854556083679,-0.08935566246509552,0.4916655421257019,0.32502657175064087,-0.08875282108783722
C,0.11553260684013367,0.8199107646942139,4.660847707782523e-07,0.25901710987091064,0.7882369756698608,0.004340604413300753,0.38702014088630676,0.7183222770690918,-0.002584294183179736,0.47185343503952026,0.6759025454521179,-0.022884013131260872,0.5247424840927124,0.6030158996582031,-0.040493711829185486,0.37603968381881714,0.40377092361450195,0.05105534568428993,0.47245436906814575,0.2631152272224426,0.011613779701292515,0.5420551896095276,0.30091583728790283,-0.02872772142291069,0.5764292478561401,0.37260448932647705,-0.05023486539721489,0.33455052971839905,0.3776048421859741,0.018740426748991013,0.4546763300895691,0.21548253297805786,-0.021299272775650024,0.5367945432662964,0.26315993070602417,-0.05911516025662422,0.569977879524231,0.3504294157028198,-0.07739440351724625,0.282029926776886,0.3681701421737671,-0.021608371287584305,0.4097374677658081,0.2170727252960205,-0.05901787802577019,0.5005214214324951,0.25762122869491577,-0.07742393016815186,0.5469944477081299,0.33218681812286377,-0.08134062588214874,0.22191379964351654,0.38624316453933716,-0.06416010111570358,0.3323676288127899,0.28094321489334106,-0.09579210728406906,0.41874635219573975,0.2760290503501892,-0.1037202775478363,0.47869399189949036,0.30554884672164917,-0.10199877619743347
C,0.10343965888023376,0.8199360370635986,4.4918493813383975e-07,0.2487516701221466,0.7833843231201172,0.016249019652605057,0.3763759434223175,0.7235875129699707,0.014971408993005753,0.4623282253742218,0.6826037168502808,-0.003859958378598094,0.5160388350486755,0.5988801717758179,-0.019745824858546257,0.3627792298793793,0.40636903047561646,0.08658567816019058,0.4576836824417114,0.2759130299091339,0.060802776366472244,0.5243369340896606,0.30044233798980713,0.025828121230006218,0.5596786737442017,0.35466915369033813,0.006036701612174511,0.32457002997398376,0.37822702527046204,0.04932170733809471,0.4415970742702484,0.22417402267456055,0.019725603982806206,0.5192703008651733,0.26770466566085815,-0.018297415226697922,0.5531275272369385,0.3503496050834656,-0.038107238709926605,0.2784743309020996,0.3610001504421234,0.0038105768617242575,0.40558528900146484,0.21079888939857483,-0.02514510229229927,0.49302563071250916,0.2535780966281891,-0.04628869891166687,0.5368536114692688,0.33218640089035034,-0.053547248244285583,0.2304362803697586,0.3668493628501892,-0.04344594106078148,0.35115349292755127,0.261088490486145,-0.06637167930603027,0.4378936290740967,0.26589062809944153,-0.07273689657449722,0.49559175968170166,0.3066534996032715,-0.0713808685541153
C,0.10849104821681976,0.8115918636322021,4.997104952053633e-07,0.2527005076408386,0.7773318290710449,0.01751994527876377,0.37543901801109314,0.7198893427848816,0.016510039567947388,0.4589633643627167,0.6822728514671326,-0.002588248811662197,0.5135439038276672,0.6012119054794312,-0.019743187353014946,0.3596167266368866,0.4064413011074066,0.08807305246591568,0.45640555024147034,0.2757773995399475,0.060919228941202164,0.5244097113609314,0.29863831400871277,0.024133313447237015,0.561897873878479,0.35256171226501465,0.003287198953330517,0.3220192790031433,0.37844738364219666,0.04963921383023262,0.44036635756492615,0.2235916554927826,0.01683078519999981,0.5197758078575134,0.26865488290786743,-0.024409564211964607,0.5539449453353882,0.3556250035762787,-0.04531394690275192,0.27602994441986084,0.36060190200805664,0.0031578338239341974,0.40333086252212524,0.20914319157600403,-0.026656150817871094,0.49233418703079224,0.2553403377532959,-0.04938504099845886,0.5364753007888794,0.33889657258987427,-0.056839801371097565,0.2273944616317749,0.36556941270828247,-0.04490387812256813,0.34367647767066956,0.2553039491176605,-0.06709107011556625,0.42865824699401855,0.26038992404937744,-0.07308059185743332,0.4838193953037262,0.30408453941345215,-0.07118383795022964
C,0.10926464200019836,0.8101425766944885,4.1346655166307755e-07,0.25681114196777344,0.7769235372543335,0.029323045164346695,0.37808969616889954,0.7207416892051697,0.035101283341646194,0.462181031703949,0.6808179020881653,0.019506728276610374,0.5173000693321228,0.5966862440109253,0.005519120953977108,0.35954636335372925,0.4196011424064636,0.11309371888637543,0.4553792476654053,0.30633682012557983,0.09417707473039627,0.5229390263557434,0.32778990268707275,0.06062418594956398,0.5605710744857788,0.37448567152023315,0.04078144580125809,0.3263525068759918,0.3883235454559326,0.06974712014198303,0.44534602761268616,0.2421957552433014,0.04422736167907715,0.5243491530418396,0.2840985059738159,0.004689003806561232,0.5595736503601074,0.36606013774871826,-0.01576506346464157,0.2860332131385803,0.3659780025482178,0.018310125917196274,0.41440096497535706,0.22105902433395386,-0.0055276090279221535,0.5034166574478149,0.26714009046554565,-0.02735101245343685,0.5476635694503784,0.3488008677959442,-0.035151466727256775,0.2452080398797989,0.3655824661254883,-0.034272994846105576,0.3647767901420593,0.25932466983795166,-0.05216911807656288,0.44929808378219604,0.2691594362258911,-0.05710481479763985,0.5044409036636353,0.31651607155799866,-0.055158231407403946
C,0.11285088956356049,0.802844762802124,6.101342933106935e-07,0.26941874623298645,0.7643676996231079,0.03586622700095177,0.384223610162735,0.7108374834060669,0.04408194497227669,0.46862781047821045,0.6727705001831055,0.02832532487809658,0.5199832916259766,0.5900222063064575,0.01250847801566124,0.3568713963031769,0.4119837284088135,0.13222242891788483,0.4519726634025574,0.30028849840164185,0.1181594729423523,0.5226806402206421,0.3144189715385437,0.08329019695520401,0.5675966143608093,0.3526268005371094,0.06036483496427536,0.3222590386867523,0.38151803612709045,0.08396594226360321,0.4421044588088989,0.24689173698425293,0.05899364501237869,0.5233110785484314,0.28230297565460205,0.01186575647443533,0.563432514667511,0.359846830368042,-0.01521083153784275,0.28198128938674927,0.3555176556110382,0.027573641389608383,0.41102951765060425,0.22332173585891724,0.007310796529054642,0.5019691586494446,0.2621214985847473,-0.02107822522521019,0.5497840642929077,0.3377581238746643,-0.035383231937885284,0.24347613751888275,0.3524459898471832,-0.030045848339796066,0.36127036809921265,0.24598616361618042,-0.04397593066096306,0.4462969899177551,0.2526652216911316,-0.05127642676234245,0.5046266317367554,0.2992333769798279,-0.05311233550310135
C,0.11404488980770111,0.7839956283569336,5.519198680303816e-07,0.2611957788467407,0.750220000743866,0.028700625523924828,0.3721817433834076,0.7004712820053101,0.0341871902346611,0.45396918058395386,0.6650928258895874,0.01854625530540943,0.5056010484695435,0.582950234413147,0.0031948136165738106,0.35282984375953674,0.4071403741836548,0.1168251559138298,0.4425852596759796,0.2919037938117981,0.09907872974872589,0.509604275226593,0.3055156171321869,0.06273292005062103,0.5496196150779724,0.34838777780532837,0.04027736186981201,0.32102346420288086,0.37772101163864136,0.0739603117108345,0.4333731532096863,0.2474791407585144,0.04961521923542023,0.5071395635604858,0.28166916966438293,0.00413413206115365,0.5419875383377075,0.3576900362968445,-0.02210007794201374,0.281539648771286,0.35245293378829956,0.02318635955452919,0.4004848599433899,0.2236713469028473,0.005339347757399082,0.4827491343021393,0.2558947801589966,-0.020490027964115143,0.5259636640548706,0.3252623975276947,-0.033676330000162125,0.24033257365226746,0.3484092950820923,-0.029284026473760605,0.3485225439071655,0.23837465047836304,-0.04077675938606262,0.4291149377822876,0.23573163151741028,-0.04634896293282509,0.4862228333950043,0.27376610040664673,-0.0470784567296505
C,0.1186901330947876,0.7827177047729492,5.345365252651391e-07,0.27276352047920227,0.7485584020614624,0.04610959812998772,0.3807361125946045,0.6985543370246887,0.06087886542081833,0.45972561836242676,0.6633978486061096,0.050459735095500946,0.5115500092506409,0.5821580290794373,0.039192065596580505,0.3565269708633423,0.4111662805080414,0.1465311497449875,0.443755567073822,0.30352407693862915,0.13908891379833221,0.5109225511550903,0.3108563721179962,0.10698965936899185,0.5525437593460083,0.3436378836631775,0.08529233187437057,0.3273913860321045,0.3806625008583069,0.09532050043344498,0.43771451711654663,0.25032809376716614,0.07872039824724197,0.513657808303833,0.2776852250099182,0.033651627600193024,0.5494186878204346,0.35055121779441833,0.006319214589893818,0.29039254784584045,0.35271042585372925,0.03673822805285454,0.40996405482292175,0.22545915842056274,0.024215593934059143,0.49382293224334717,0.2587653398513794,-0.002359494799748063,0.5369958281517029,0.3270421028137207,-0.01737857051193714,0.2528023421764374,0.347309410572052,-0.02224809303879738,0.36269739270210266,0.23987942934036255,-0.03012392297387123,0.44133082032203674,0.24239462614059448,-0.03490491211414337,0.4952332079410553,0.28194719552993774,-0.03621041029691696
C,0.11700783669948578,0.7777631878852844,5.144586339156376e-07,0.2730647921562195,0.7453193664550781,0.05870623514056206,0.38092756271362305,0.6962621808052063,0.07751363515853882,0.46158367395401,0.6637058258056641,0.067522794008255,0.5099207162857056,0.5804558396339417,0.05582834780216217,0.35615283250808716,0.4106588363647461,0.16506202518939972,0.44721710681915283,0.30812472105026245,0.16288906335830688,0.5152668952941895,0.3233977258205414,0.13219687342643738,0.552137553691864,0.36261552572250366,0.11122893542051315,0.32683056592941284,0.379824697971344,0.107260562479496,0.4432238042354584,0.25469669699668884,0.09520499408245087,0.519470751285553,0.2893151044845581,0.05046747624874115,0.5485133528709412,0.3697621822357178,0.02345799095928669,0.2911197543144226,0.3513723611831665,0.042687393724918365,0.4172835946083069,0.22834834456443787,0.03544650971889496,0.5012931823730469,0.2696727514266968,0.011321873404085636,0.5377540588378906,0.3447619080543518,-0.0025805614423006773,0.2570702135562897,0.34771019220352173,-0.021613091230392456,0.3743422329425812,0.24261605739593506,-0.024322250857949257,0.4526095390319824,0.25219273567199707,-0.025275636464357376,0.500450849533081,0.29885923862457275,-0.024403806775808334
C,0.12015926837921143,0.7757222056388855,4.991247806174215e-07,0.27887773513793945,0.7424694895744324,0.06667046248912811,0.38404732942581177,0.6919196248054504,0.0905018001794815,0.46274513006210327,0.6608867049217224,0.08322108536958694,0.5139360427856445,0.5790983438491821,0.07344955950975418,0.3553546965122223,0.4120396673679352,0.18124128878116608,0.44555625319480896,0.30909639596939087,0.18313390016555786,0.5137984752655029,0.3223954141139984,0.15258237719535828,0.5521681308746338,0.35800522565841675,0.13059362769126892,0.3270626962184906,0.38160794973373413,0.11858007311820984,0.4418790340423584,0.25687986612319946,0.10804645717144012,0.518394947052002,0.29053762555122375,0.05963095650076866,0.5482009649276733,0.37076303362846375,0.029735911637544632,0.2930220663547516,0.3525758981704712,0.049330852925777435,0.41587722301483154,0.22905558347702026,0.04402359202504158,0.500519871711731,0.26954638957977295,0.01739892177283764,0.5385825037956238,0.3428384065628052,0.001294038025662303,0.2601103186607361,0.34858888387680054,-0.01928316242992878,0.3739531636238098,0.23919013142585754,-0.020303715020418167,0.4519540071487427,0.24683156609535217,-0.02178550511598587,0.5015240907669067,0.2910604178905487,-0.02196011133491993
C,0.12512820959091187,0.7799745798110962,5.163421405995905e-07,0.27940869331359863,0.7469960451126099,0.04992153123021126,0.3865133225917816,0.6965099573135376,0.06526659429073334,0.46551764011383057,0.6634112000465393,0.054091643542051315,0.5150226354598999,0.5824256539344788,0.04162861034274101,0.36357906460762024,0.41249769926071167,0.15194645524024963,0.45303282141685486,0.3060951232910156,0.1455380618572235,0.5196780562400818,0.3214412033557892,0.11257285624742508,0.5569064617156982,0.36320748925209045,0.09046941995620728,0.33376389741897583,0.38293635845184326,0.09849244356155396,0.4474301040172577,0.25689977407455444,0.08214729279279709,0.5219217538833618,0.29222536087036133,0.035167817026376724,0.5509223937988281,0.37453529238700867,0.006993581540882587,0.2974227964878082,0.3553363084793091,0.03798362612724304,0.4190778434276581,0.23306959867477417,0.027347968891263008,0.5010840892791748,0.27225422859191895,0.0006367435562424362,0.5370741486549377,0.3486470580101013,-0.014519516378641129,0.26108065247535706,0.35097888112068176,-0.022794846445322037,0.3734249770641327,0.24765914678573608,-0.028058892115950584,0.4498502016067505,0.2535831034183502,-0.031669732183218,0.4974389672279358,0.2981886863708496,-0.03246835991740227
C,0.12082193791866302,0.7801175117492676,5.0320102218393e-07,0.28394901752471924,0.7481186389923096,0.0715714693069458,0.38848167657852173,0.6965371370315552,0.09700048714876175,0.4679450988769531,0.6663587689399719,0.08944866806268692,0.5170899033546448,0.5833563208580017,0.07862897962331772,0.36266371607780457,0.4147464334964752,0.19029279053211212,0.4522569477558136,0.31826549768447876,0.19522427022457123,0.5193611979484558,0.3335919976234436,0.16559088230133057,0.5569566488265991,0.36963510513305664,0.14335542917251587,0.33441200852394104,0.3815692067146301,0.1248384565114975,0.4486832618713379,0.2630336582660675,0.11524271219968796,0.5256723165512085,0.29902929067611694,0.065912164747715,0.5558125376701355,0.38268542289733887,0.035554543137550354,0.30049747228622437,0.3515825867652893,0.052928756922483444,0.4231801927089691,0.23104551434516907,0.04830453172326088,0.5090447068214417,0.275190144777298,0.020971927791833878,0.5478386878967285,0.3543494939804077,0.004535736050456762,0.26765888929367065,0.34849193692207336,-0.018153851851820946,0.38220465183258057,0.2425256371498108,-0.01937718316912651,0.461678147315979,0.25345781445503235,-0.021908413618803024,0.5125874280929565,0.303487092256546,-0.022768108174204826
C,0.12017221748828888,0.7821978330612183,5.707457830794738e-07,0.28624457120895386,0.7483324408531189,0.07193591445684433,0.39030721783638,0.6972649097442627,0.09783326089382172,0.4715016186237335,0.6666927933692932,0.09074310213327408,0.5173439979553223,0.5811740159988403,0.0807608887553215,0.36167797446250916,0.4166073203086853,0.1942683905363083,0.4508037865161896,0.31777215003967285,0.19958923757076263,0.5206303000450134,0.3301904499530792,0.16922594606876373,0.5608233213424683,0.36514759063720703,0.14623397588729858,0.3328009247779846,0.3847464323043823,0.12905678153038025,0.4483686089515686,0.2604614496231079,0.1204274445772171,0.5271793603897095,0.2918682098388672,0.07038872689008713,0.5575778484344482,0.3743054270744324,0.038897644728422165,0.29881027340888977,0.3540588319301605,0.05716375261545181,0.42323166131973267,0.2327674925327301,0.05351962521672249,0.5095118284225464,0.2748437225818634,0.025024104863405228,0.5468229651451111,0.3533437252044678,0.007225277833640575,0.26709991693496704,0.3498377799987793,-0.013928227126598358,0.3842506408691406,0.24790433049201965,-0.014003900811076164,0.4615963101387024,0.26108115911483765,-0.016791867092251778,0.5086268782615662,0.31147927045822144,-0.018369514495134354
C,0.12259456515312195,0.7818713188171387,4.851140147366095e-07,0.28052279353141785,0.7487847805023193,0.05508113652467728,0.3878982961177826,0.70037442445755,0.07219809293746948,0.46830591559410095,0.6679412126541138,0.060941945761442184,0.5160230994224548,0.5858674049377441,0.048202671110630035,0.36570125818252563,0.4173186123371124,0.16089601814746857,0.45661622285842896,0.3162613809108734,0.15569482743740082,0.523110568523407,0.33131760358810425,0.1230316311120987,0.5615063905715942,0.369100421667099,0.10026612132787704,0.3367633819580078,0.38527485728263855,0.10388753563165665,0.4531075060367584,0.2584548890590668,0.08673404157161713,0.5289947390556335,0.2932075560092926,0.039225995540618896,0.5596193075180054,0.3741609454154968,0.010702754370868206,0.3015548884868622,0.35675865411758423,0.03974468261003494,0.42444729804992676,0.2312120497226715,0.02777688205242157,0.5093395113945007,0.27285733819007874,-6.921894964762032e-05,0.5482712984085083,0.35188883543014526,-0.015818428248167038,0.2671772241592407,0.3518546223640442,-0.02443019300699234,0.3799380660057068,0.2488369345664978,-0.03219541907310486,0.45847636461257935,0.26210713386535645,-0.037685196846723557,0.5085799694061279,0.31505292654037476,-0.03956962004303932
C,0.12309400737285614,0.7831178903579712,5.03424416820053e-07,0.2886209785938263,0.7468990087509155,0.0721827819943428,0.39263638854026794,0.6974412798881531,0.09697478264570236,0.4727819859981537,0.6671552658081055,0.08826267719268799,0.5212007761001587,0.5833415389060974,0.07641467452049255,0.3640761375427246,0.42043548822402954,0.19254134595394135,0.4561884105205536,0.32864800095558167,0.19643288850784302,0.5242354273796082,0.34633511304855347,0.16560278832912445,0.5626210570335388,0.38079679012298584,0.14233572781085968,0.3354635536670685,0.38752326369285583,0.12634213268756866,0.45349860191345215,0.26848238706588745,0.11552892625331879,0.530927300453186,0.3048645257949829,0.06527480483055115,0.5619458556175232,0.3855823278427124,0.034107621759176254,0.3017359972000122,0.35703331232070923,0.053449712693691254,0.4273087978363037,0.23502397537231445,0.04768742620944977,0.514259397983551,0.27987927198410034,0.01943553052842617,0.5540953874588013,0.358300119638443,0.0023133934009820223,0.26998382806777954,0.3519682288169861,-0.018617838621139526,0.3859907388687134,0.2472120225429535,-0.020526470616459846,0.4660031497478485,0.26172149181365967,-0.023534636944532394,0.517139196395874,0.31434011459350586,-0.02488740347325802
C,0.1209196150302887,0.7803089618682861,5.462296144287393e-07,0.29324373602867126,0.7483546137809753,0.09311898052692413,0.3959001302719116,0.6993089914321899,0.12770956754684448,0.47579023241996765,0.6724942922592163,0.1237458661198616,0.5283650755882263,0.5905815958976746,0.11532776057720184,0.36560484766960144,0.4176522493362427,0.22483159601688385,0.4573094844818115,0.3197503983974457,0.23801039159297943,0.5289245843887329,0.33435362577438354,0.20860165357589722,0.5692335367202759,0.372114360332489,0.18426111340522766,0.33511030673980713,0.3867546021938324,0.1471078246831894,0.45448148250579834,0.2622414231300354,0.14329439401626587,0.5363835692405701,0.29891133308410645,0.08858294039964676,0.5675076246261597,0.3858700394630432,0.052434735000133514,0.3026442229747772,0.355344295501709,0.06368289887905121,0.43021297454833984,0.23304659128189087,0.06434007734060287,0.5202077031135559,0.2818414568901062,0.032598719000816345,0.5577084422111511,0.3640819191932678,0.010710787028074265,0.2745223641395569,0.3502478301525116,-0.01751510240137577,0.3948823809623718,0.25008365511894226,-0.01536741852760315,0.47359633445739746,0.27050498127937317,-0.019287897273898125,0.5192381143569946,0.32515957951545715,-0.0231213066726923
C,0.12598350644111633,0.7914260625839233,5.275697390061396e-07,0.28423577547073364,0.7573956251144409,0.05251595750451088,0.39482057094573975,0.7049538493156433,0.06989500671625137,0.4767169654369354,0.6695801019668579,0.06018517166376114,0.5318225622177124,0.590743899345398,0.04930422082543373,0.3675992786884308,0.4215778708457947,0.15768277645111084,0.45732903480529785,0.3207833468914032,0.15465281903743744,0.5264661312103271,0.33198481798171997,0.12402258068323135,0.5687265396118164,0.36678776144981384,0.10227485001087189,0.3374869227409363,0.38976186513900757,0.10290732234716415,0.45300549268722534,0.26161903142929077,0.08652440458536148,0.5313854813575745,0.29479873180389404,0.03992316871881485,0.564642071723938,0.37598589062690735,0.012225008569657803,0.3018908202648163,0.3627083897590637,0.04117807373404503,0.42634373903274536,0.23556894063949585,0.02911578118801117,0.51289302110672,0.2762455940246582,0.0009979769820347428,0.5534180998802185,0.35458844900131226,-0.014664629474282265,0.26835426688194275,0.35986068844795227,-0.02052057906985283,0.3824889063835144,0.25480687618255615,-0.02833257056772709,0.46286481618881226,0.2639654278755188,-0.03445352241396904,0.5157020688056946,0.31201526522636414,-0.0367414616048336
C,0.12851400673389435,0.7910418510437012,5.003414003112994e-07,0.2939194440841675,0.7572534680366516,0.07529078423976898,0.4017544090747833,0.7045155763626099,0.10324262082576752,0.48312491178512573,0.670361340045929,0.09777101129293442,0.5308375358581543,0.5860104560852051,0.0898040235042572,0.37002068758010864,0.4180779755115509,0.19420969486236572,0.46025988459587097,0.31912559270858765,0.2005392163991928,0.5302612781524658,0.33495721220970154,0.17213916778564453,0.5720087885856628,0.3721036911010742,0.1502099186182022,0.3394278287887573,0.385542094707489,0.12759439647197723,0.4561781585216522,0.25892868638038635,0.11914141476154327,0.5371965169906616,0.29412513971328735,0.07153494656085968,0.5697650909423828,0.3782857656478882,0.04183590039610863,0.3053564727306366,0.35711508989334106,0.054686594754457474,0.4319435656070709,0.23036319017410278,0.04914821684360504,0.5221689939498901,0.2796957492828369,0.021488532423973083,0.5621539354324341,0.3644263744354248,0.0048428247682750225,0.276271790266037,0.35513511300086975,-0.016989899799227715,0.39603835344314575,0.2517896890640259,-0.02013242617249489,0.4767438769340515,0.27455228567123413,-0.023758554831147194,0.5263203978538513,0.3347737193107605,-0.025204408913850784
C,0.12542609870433807,0.7914448976516724,5.520383865587064e-07,0.28846830129623413,0.7568166255950928,0.06816982477903366,0.3966113328933716,0.7043638229370117,0.09241423010826111,0.4791117310523987,0.6710547804832458,0.08463629335165024,0.5301504135131836,0.5882747173309326,0.07451893389225006,0.36690929532051086,0.42115724086761475,0.18781927227973938,0.4571528732776642,0.32143259048461914,0.19259339570999146,0.5279561877250671,0.33400213718414307,0.16348379850387573,0.5703463554382324,0.3688470125198364,0.141458660364151,0.3381652235984802,0.38875800371170044,0.12467125803232193,0.4552335739135742,0.2628134489059448,0.11481447517871857,0.5352712273597717,0.29595816135406494,0.0666932687163353,0.5684187412261963,0.3781411647796631,0.036881666630506516,0.30442312359809875,0.35901468992233276,0.05475696921348572,0.4324011504650116,0.23428845405578613,0.04865502193570137,0.520653247833252,0.279996395111084,0.020957382395863533,0.560266375541687,0.3619048595428467,0.0043805367313325405,0.2740022838115692,0.35513603687286377,-0.01447584293782711,0.39305493235588074,0.25088274478912354,-0.017456727102398872,0.474559485912323,0.268259733915329,-0.020994512364268303,0.5260877013206482,0.32409870624542236,-0.02238471806049347
C,0.1267046332359314,0.7875649333000183,4.765109906657017e-07,0.2975951135158539,0.7533196210861206,0.09611663967370987,0.40055879950523376,0.7023547887802124,0.13201802968978882,0.48135751485824585,0.6728938221931458,0.1285739243030548,0.5339357852935791,0.5903884172439575,0.12081046402454376,0.36999261379241943,0.42117205262184143,0.22858580946922302,0.46196797490119934,0.32851356267929077,0.24378284811973572,0.5331648588180542,0.34778380393981934,0.21741890907287598,0.5716657638549805,0.38539808988571167,0.19580094516277313,0.341322660446167,0.38765019178390503,0.1501365751028061,0.4600275754928589,0.2628883123397827,0.15013842284679413,0.5421853065490723,0.3005363941192627,0.10199223458766937,0.5717543959617615,0.38529983162879944,0.07082721590995789,0.31036266684532166,0.35565507411956787,0.06569080799818039,0.4380704164505005,0.22722569108009338,0.06818286329507828,0.5297822952270508,0.2811797857284546,0.04192466661334038,0.5671098828315735,0.3673214316368103,0.024497052654623985,0.28422194719314575,0.35168692469596863,-0.016450293362140656,0.4060392677783966,0.24478209018707275,-0.012967836111783981,0.4871689975261688,0.2706279158592224,-0.01312198955565691,0.5334126949310303,0.3322420120239258,-0.013585424050688744
C,0.1289644092321396,0.7923413515090942,5.114640657666314e-07,0.29739031195640564,0.7573297023773193,0.0785401463508606,0.40413013100624084,0.7050691843032837,0.10790475457906723,0.4855261445045471,0.6717685461044312,0.10265017300844193,0.5351114273071289,0.587675154209137,0.09440689533948898,0.3726750314235687,0.423855185508728,0.20339088141918182,0.46386033296585083,0.32468390464782715,0.21235695481300354,0.5343376994132996,0.3395020365715027,0.18441203236579895,0.574779212474823,0.37393561005592346,0.16254384815692902,0.34282273054122925,0.3904680013656616,0.1350814402103424,0.46028873324394226,0.26333487033843994,0.12907564640045166,0.5409333109855652,0.29712069034576416,0.08071450889110565,0.5722478032112122,0.37954169511795044,0.050246112048625946,0.3090476989746094,0.35939791798591614,0.06031746417284012,0.4358932673931122,0.23160338401794434,0.05771428346633911,0.5249820947647095,0.2782473564147949,0.030300753191113472,0.5637244582176208,0.359494686126709,0.013212890364229679,0.2791442275047302,0.35444778203964233,-0.013148614205420017,0.39783552289009094,0.24835407733917236,-0.013093286193907261,0.47840431332588196,0.2674800753593445,-0.015242033638060093,0.5280466675758362,0.3235856890678406,-0.016246793791651726
C,0.12912490963935852,0.791573703289032,5.006797891837778e-07,0.29405391216278076,0.7586413621902466,0.07016357779502869,0.40158185362815857,0.7092564105987549,0.09512107074260712,0.48215728998184204,0.6765959858894348,0.08820851147174835,0.5336635112762451,0.5961753726005554,0.0789671465754509,0.3719898760318756,0.424397736787796,0.18390052020549774,0.4619233012199402,0.3242385685443878,0.18768949806690216,0.5311796069145203,0.3393513560295105,0.1585969477891922,0.5737295150756836,0.37611380219459534,0.1365911215543747,0.341374933719635,0.39166176319122314,0.12031682580709457,0.4560885727405548,0.2648490071296692,0.1110633909702301,0.5360320806503296,0.2980939745903015,0.06438545882701874,0.5703949332237244,0.3794814944267273,0.03502833843231201,0.3072661757469177,0.3641975522041321,0.05043832212686539,0.43000492453575134,0.23716863989830017,0.04514298215508461,0.5182358026504517,0.2808820903301239,0.018689638003706932,0.5600395202636719,0.3605520725250244,0.0024223015643656254,0.2774760127067566,0.3632587790489197,-0.018547000363469124,0.39195334911346436,0.25906795263290405,-0.020966537296772003,0.47177374362945557,0.27550646662712097,-0.023855628445744514,0.5230848789215088,0.32977911829948425,-0.02493443340063095
C,0.12272053956985474,0.7876343727111816,6.412944344447169e-07,0.29426032304763794,0.754123330116272,0.08534982800483704,0.3986842632293701,0.7060081958770752,0.11610100418329239,0.47988957166671753,0.6762205958366394,0.11011647433042526,0.5316184759140015,0.5920382738113403,0.1005207821726799,0.3674224019050598,0.4265226125717163,0.21697844564914703,0.4584382176399231,0.33575016260147095,0.23041605949401855,0.5302162766456604,0.344534695148468,0.203144371509552,0.5742036700248718,0.3730005621910095,0.18028607964515686,0.3351597189903259,0.3916754126548767,0.14371061325073242,0.4530843496322632,0.2711125612258911,0.14183607697486877,0.5352427363395691,0.29754507541656494,0.09244176745414734,0.5719817280769348,0.3745386600494385,0.06003228947520256,0.30230724811553955,0.3593144416809082,0.06406968086957932,0.4278734624385834,0.23882797360420227,0.06610383838415146,0.5181094408035278,0.27884623408317566,0.038908813148736954,0.562060534954071,0.3540082573890686,0.02022084966301918,0.27526819705963135,0.3549390137195587,-0.014306262135505676,0.39379698038101196,0.2561010420322418,-0.01113039068877697,0.47315406799316406,0.2719937264919281,-0.012699886225163937,0.524605929851532,0.3234802782535553,-0.014352675527334213
C,0.12742167711257935,0.7863821387290955,5.088059538138623e-07,0.2924574911594391,0.7526142597198486,0.07258736342191696,0.3985598683357239,0.7050355672836304,0.09795895963907242,0.4779942035675049,0.6739135384559631,0.0902053490281105,0.5312961935997009,0.5924688577651978,0.07965315133333206,0.3712964951992035,0.42536360025405884,0.19044210016727448,0.4619905948638916,0.3288288116455078,0.1942412257194519,0.5314238667488098,0.3449006676673889,0.16391238570213318,0.5725100040435791,0.3811914920806885,0.14097419381141663,0.3419545590877533,0.39180105924606323,0.1243307963013649,0.4584415853023529,0.2699672281742096,0.11349958181381226,0.5374667644500732,0.30532312393188477,0.06411677598953247,0.5688477754592896,0.3891364634037018,0.03345421701669693,0.30803439021110535,0.36094778776168823,0.051724981516599655,0.43246185779571533,0.2392287254333496,0.04584232345223427,0.5189921855926514,0.2844851016998291,0.01854071579873562,0.558246374130249,0.3650070130825043,0.002058720216155052,0.27648046612739563,0.35596829652786255,-0.01999925635755062,0.391070157289505,0.2547819912433624,-0.0224376879632473,0.4705382287502289,0.2697221636772156,-0.02554304338991642,0.5216435194015503,0.32240626215934753,-0.026683159172534943
C,0.12977252900600433,0.7866799831390381,5.613030680251541e-07,0.29697710275650024,0.7531957030296326,0.08645029366016388,0.4003375768661499,0.7033277750015259,0.11819559335708618,0.47992533445358276,0.6758057475090027,0.11292719095945358,0.5318349599838257,0.5955640077590942,0.10348191112279892,0.36976534128189087,0.4225485324859619,0.21518802642822266,0.4602321982383728,0.32744407653808594,0.22883373498916626,0.5309065580368042,0.34067314863204956,0.2024420201778412,0.5724411010742188,0.37375396490097046,0.18056152760982513,0.34041327238082886,0.3900867700576782,0.14200422167778015,0.45864126086235046,0.2693203389644623,0.1394333839416504,0.5389469265937805,0.3038184642791748,0.09017977118492126,0.5717653036117554,0.3857199549674988,0.058341462165117264,0.30850082635879517,0.35882869362831116,0.06284921616315842,0.4368568956851959,0.23798918724060059,0.06349174678325653,0.5263002514839172,0.2865799069404602,0.035820748656988144,0.5661247968673706,0.36798444390296936,0.017554162070155144,0.2806463837623596,0.3549255132675171,-0.014613714069128036,0.4005718231201172,0.25140881538391113,-0.012004010379314423,0.48156461119651794,0.2717652916908264,-0.013459352776408195,0.5319627523422241,0.32858312129974365,-0.014851348474621773
C,0.13220234215259552,0.7876174449920654,5.165925358596724e-07,0.30102312564849854,0.7520941495895386,0.08004944026470184,0.40391626954078674,0.7049096822738647,0.10738406330347061,0.481885701417923,0.6750056743621826,0.09919536858797073,0.5341120958328247,0.593950629234314,0.0874188169836998,0.3721354901790619,0.427765429019928,0.20192375779151917,0.46425437927246094,0.3338685631752014,0.20705783367156982,0.5337640643119812,0.3545021712779999,0.17538677155971527,0.5724480748176575,0.39587223529815674,0.15132930874824524,0.3424099087715149,0.39464616775512695,0.13107430934906006,0.46080315113067627,0.2731444835662842,0.12154953181743622,0.5404764413833618,0.3112262785434723,0.06948837637901306,0.570683479309082,0.39879387617111206,0.03647909313440323,0.30937477946281433,0.36387163400650024,0.053950611501932144,0.43478381633758545,0.24083241820335388,0.049819208681583405,0.5228425860404968,0.28961050510406494,0.020699432119727135,0.5615845322608948,0.3739314675331116,0.002182667376473546,0.27927935123443604,0.35996994376182556,-0.021820103749632835,0.39593061804771423,0.2586510479450226,-0.022578196600079536,0.47548264265060425,0.27634739875793457,-0.02557266503572464,0.5251562595367432,0.3313359022140503,-0.02742021530866623
C,0.13659238815307617,0.7930412292480469,4.906072490484803e-07,0.30180561542510986,0.7585833072662354,0.08419781178236008,0.4070274233818054,0.706802487373352,0.11572007089853287,0.48550063371658325,0.6751980781555176,0.1114705428481102,0.538381814956665,0.5964937806129456,0.10358583927154541,0.37334901094436646,0.42852938175201416,0.2099635750055313,0.4631701707839966,0.33240991830825806,0.22267736494541168,0.5327210426330566,0.34834030270576477,0.19689545035362244,0.571765661239624,0.38398122787475586,0.17617002129554749,0.34535515308380127,0.39598149061203003,0.13898201286792755,0.46069133281707764,0.2747717797756195,0.13627004623413086,0.5400792956352234,0.31343501806259155,0.08890770375728607,0.5707017183303833,0.3984616696834564,0.058767084032297134,0.31432342529296875,0.36502641439437866,0.06205464154481888,0.438679039478302,0.2407076358795166,0.06214659661054611,0.5269421339035034,0.2906933128833771,0.03559933602809906,0.5654066205024719,0.3736192286014557,0.01843445934355259,0.28668850660324097,0.3601679801940918,-0.01313038356602192,0.4031420350074768,0.2555656433105469,-0.010851344093680382,0.48194023966789246,0.2755460739135742,-0.011635618284344673,0.5298221707344055,0.33074241876602173,-0.012230094522237778
C,0.14932852983474731,0.7983136773109436,5.301122314449458e-07,0.30333632230758667,0.7659211158752441,0.05639518052339554,0.4117318391799927,0.7131191492080688,0.07620014995336533,0.4902844727039337,0.6786912679672241,0.06846500933170319,0.5437685251235962,0.6009957790374756,0.05929037183523178,0.38030949234962463,0.4284154176712036,0.1617080420255661,0.469098836183548,0.3310529589653015,0.1639147698879242,0.5368660092353821,0.34183645248413086,0.1370333433151245,0.5779976844787598,0.3748134970664978,0.11742878705263138,0.3512779772281647,0.3967937231063843,0.1070098727941513,0.4629265069961548,0.27146583795547485,0.09725262224674225,0.5406883955001831,0.3048824369907379,0.05459871143102646,0.5761651992797852,0.38369929790496826,0.028387734666466713,0.31803280115127563,0.37139901518821716,0.04588540643453598,0.43940457701683044,0.24352622032165527,0.03828810900449753,0.5260975360870361,0.2844930589199066,0.01233994122594595,0.5688031911849976,0.36186540126800537,-0.003093864070251584,0.28824663162231445,0.37122878432273865,-0.014731477946043015,0.402505487203598,0.2689994275569916,-0.018924927338957787,0.4813708961009979,0.2810690999031067,-0.02226097695529461,0.5325979590415955,0.32991117238998413,-0.023367909714579582
C,0.14389273524284363,0.80131995677948,4.770786290464457e-07,0.3058074116706848,0.769355058670044,0.07743211090564728,0.4128734767436981,0.7170210480690002,0.10708406567573547,0.4913597106933594,0.684869110584259,0.10363459587097168,0.5444049835205078,0.6048316359519958,0.09749806672334671,0.38398873805999756,0.4334477484226227,0.19632814824581146,0.47284257411956787,0.33535194396972656,0.20651942491531372,0.540818989276886,0.34909120202064514,0.18038158118724823,0.5812647342681885,0.3845962882041931,0.15994825959205627,0.35597485303878784,0.40210193395614624,0.13005729019641876,0.4679490327835083,0.2799694836139679,0.12734749913215637,0.5463235378265381,0.31347954273223877,0.08168358355760574,0.5801759362220764,0.39532768726348877,0.052178602665662766,0.3246539831161499,0.3742097020149231,0.05796106904745102,0.44553637504577637,0.2495063841342926,0.05910133570432663,0.5315751433372498,0.2915462851524353,0.03390893712639809,0.5730353593826294,0.3689879775047302,0.017091907560825348,0.29713642597198486,0.37324902415275574,-0.012913414277136326,0.41103577613830566,0.26786625385284424,-0.009258311241865158,0.4902470111846924,0.2797973155975342,-0.009849850088357925,0.5418147444725037,0.3283820152282715,-0.010497414506971836
C,0.149201899766922,0.7954351902008057,5.058167857896478e-07,0.30039143562316895,0.7661696672439575,0.050456516444683075,0.409808874130249,0.7185187935829163,0.06624232977628708,0.48996639251708984,0.6858607530593872,0.05646856501698494,0.5422677993774414,0.6071090698242188,0.045746542513370514,0.3845914602279663,0.43517807126045227,0.1481548398733139,0.4737217128276825,0.3375457227230072,0.146949902176857,0.5404421091079712,0.3492911756038666,0.11938034743070602,0.580985963344574,0.3832956552505493,0.09982739388942719,0.3562934100627899,0.4041177034378052,0.0965048298239708,0.4686814546585083,0.2773391306400299,0.08492011576890945,0.5445003509521484,0.3122638463973999,0.04402092471718788,0.5778204798698425,0.3904416263103485,0.019186925143003464,0.3230994939804077,0.3792734742164612,0.03856312856078148,0.444522500038147,0.25232163071632385,0.02994523197412491,0.5282313823699951,0.2930399179458618,0.0066464561969041824,0.5675667524337769,0.36846545338630676,-0.006869801785796881,0.2929643392562866,0.3777938783168793,-0.01923283375799656,0.4038948118686676,0.2768842577934265,-0.023276392370462418,0.47932884097099304,0.28618893027305603,-0.0251771192997694,0.526650071144104,0.330214262008667,-0.025237809866666794
C,0.12867189943790436,0.7821595668792725,6.231703650882991e-07,0.3018905520439148,0.7490580081939697,0.0910252034664154,0.4000753164291382,0.702549934387207,0.1247459352016449,0.47981613874435425,0.6764637231826782,0.12087317556142807,0.5339244604110718,0.5976571440696716,0.11241848766803741,0.3684804439544678,0.4314199984073639,0.22141556441783905,0.45844757556915283,0.3422466814517975,0.2363581359386444,0.5289033651351929,0.34809061884880066,0.2092539370059967,0.5706637501716614,0.37341785430908203,0.1860397458076477,0.337270051240921,0.39804232120513916,0.14510902762413025,0.4531590938568115,0.2750452160835266,0.14288821816444397,0.5334588289260864,0.3009991943836212,0.09123193472623825,0.5676819086074829,0.3783443570137024,0.05687422305345535,0.3049091100692749,0.3666694760322571,0.06297733634710312,0.4263439476490021,0.24353694915771484,0.06443893164396286,0.5146700143814087,0.28142064809799194,0.03409324586391449,0.5568926334381104,0.35571449995040894,0.012787503190338612,0.2780948877334595,0.3637949824333191,-0.0170968696475029,0.39427685737609863,0.2626684606075287,-0.015488949604332447,0.4725950360298157,0.2727135121822357,-0.020015887916088104,0.5228961706161499,0.3188861906528473,-0.024388611316680908
C,0.13734425604343414,0.7867798209190369,5.552291781896201e-07,0.3020811378955841,0.7501221299171448,0.07752988487482071,0.4029580354690552,0.7002121210098267,0.10655959695577621,0.4804285168647766,0.6695067882537842,0.10156819224357605,0.5333914756774902,0.5908595323562622,0.09350593388080597,0.36797189712524414,0.4228285849094391,0.19958700239658356,0.45879119634628296,0.32866567373275757,0.20802240073680878,0.5280046463012695,0.34234243631362915,0.18049170076847076,0.5707557201385498,0.372990220785141,0.15861813724040985,0.33826661109924316,0.3904096484184265,0.1318063884973526,0.4531637728214264,0.27236610651016235,0.12416721135377884,0.5343747138977051,0.3055075407028198,0.07582584023475647,0.569589376449585,0.38443148136138916,0.045305285602808,0.30570483207702637,0.362044095993042,0.057578470557928085,0.42991071939468384,0.24260938167572021,0.052528589963912964,0.5193701386451721,0.2871374189853668,0.023946236819028854,0.5620616674423218,0.36459094285964966,0.006373995449393988,0.27819615602493286,0.3602794110774994,-0.015206639654934406,0.3959818184375763,0.26179802417755127,-0.0172312930226326,0.4752613604068756,0.279229998588562,-0.020443085581064224,0.5262489914894104,0.33164525032043457,-0.02204892598092556
C,0.15265873074531555,0.7940386533737183,4.451688937479048e-07,0.3025935888290405,0.7591559886932373,0.052616819739341736,0.41012319922447205,0.7116971015930176,0.06829524040222168,0.4876960217952728,0.678648829460144,0.05715888366103172,0.5383471846580505,0.5997502207756042,0.04513389244675636,0.3784371614456177,0.4274621605873108,0.15073420107364655,0.4674599766731262,0.32240912318229675,0.14645883440971375,0.5345103740692139,0.34326690435409546,0.11651628464460373,0.5730475187301636,0.38804876804351807,0.0964287668466568,0.35018283128738403,0.39705801010131836,0.09760893136262894,0.4645889401435852,0.27249783277511597,0.08304622024297714,0.5401021242141724,0.31648585200309753,0.04084036126732826,0.571420431137085,0.40131333470344543,0.0162383783608675,0.3171786665916443,0.37081092596054077,0.038055419921875,0.44295698404312134,0.24805834889411926,0.028483575209975243,0.5268187522888184,0.2968905568122864,0.006323128938674927,0.5642916560173035,0.3788911700248718,-0.0055983588099479675,0.2866632342338562,0.3681837320327759,-0.021429242566227913,0.40037721395492554,0.26992490887641907,-0.02569134160876274,0.4790787398815155,0.2865884602069855,-0.02618248201906681,0.5283440351486206,0.33893150091171265,-0.024364469572901726
C,0.15704813599586487,0.8013191223144531,3.5287990840515704e-07,0.31019556522369385,0.7605549097061157,0.06299895793199539,0.41636574268341064,0.7095081210136414,0.08165203779935837,0.490645170211792,0.675805926322937,0.0706731379032135,0.5429427027702332,0.6022570729255676,0.058036066591739655,0.3857836127281189,0.4249134063720703,0.15733455121517181,0.47945156693458557,0.3164995610713959,0.15365435183048248,0.544922947883606,0.34330111742019653,0.12496723234653473,0.5805585980415344,0.3916594982147217,0.10573289543390274,0.35571011900901794,0.3950887620449066,0.0975063219666481,0.47594285011291504,0.2688239812850952,0.08431938290596008,0.551141619682312,0.31724584102630615,0.04384617879986763,0.5793373584747314,0.4031733572483063,0.02034633792936802,0.32147109508514404,0.37255486845970154,0.031826987862586975,0.45094597339630127,0.2454826533794403,0.021743997931480408,0.5364965200424194,0.29971981048583984,0.001483220374211669,0.5727446675300598,0.38453996181488037,-0.008814236149191856,0.2907243072986603,0.37463799118995667,-0.03287654370069504,0.4074622094631195,0.2687976360321045,-0.03821788355708122,0.487047016620636,0.2899908423423767,-0.0368938073515892,0.5337046980857849,0.34732723236083984,-0.03341221809387207
C,0.16560524702072144,0.8072855472564697,3.9906950632939697e-07,0.32102325558662415,0.7690833806991577,0.07925377041101456,0.4219561517238617,0.714531421661377,0.10788583010435104,0.49518001079559326,0.6812637448310852,0.1035037413239479,0.5495279431343079,0.6107769012451172,0.09653429687023163,0.3848206102848053,0.43615081906318665,0.1862507164478302,0.47606417536735535,0.33502259850502014,0.19555683434009552,0.542402982711792,0.35286441445350647,0.1726507544517517,0.581026017665863,0.39232751727104187,0.15532730519771576,0.3557867407798767,0.40462806820869446,0.12051065266132355,0.4730014204978943,0.2833211421966553,0.11736444383859634,0.5512375831604004,0.322831392288208,0.07802397012710571,0.5840827822685242,0.4062073528766632,0.05425504967570305,0.3264104425907135,0.3815580904483795,0.0497177392244339,0.45518556237220764,0.2563808262348175,0.048735711723566055,0.5430777072906494,0.30626213550567627,0.028819935396313667,0.5832269191741943,0.389511376619339,0.017165808007121086,0.3039740324020386,0.38518446683883667,-0.01916651614010334,0.42128610610961914,0.2827002704143524,-0.01731191948056221,0.5009945034980774,0.30191850662231445,-0.014722278341650963,0.5499320030212402,0.3570714294910431,-0.011744225397706032
C,0.1590118110179901,0.803311824798584,4.242557736233721e-07,0.3227456212043762,0.7659509181976318,0.08539240807294846,0.4227352440357208,0.7122809290885925,0.11777082085609436,0.49757853150367737,0.6794751882553101,0.11475788801908493,0.5508382320404053,0.6082798838615417,0.10842026025056839,0.3897410035133362,0.4405617415904999,0.20242977142333984,0.47739917039871216,0.33912986516952515,0.21326495707035065,0.5436036586761475,0.35266995429992676,0.18914231657981873,0.5821254849433899,0.3884660005569458,0.17020854353904724,0.36086544394493103,0.4097619354724884,0.13156302273273468,0.4735647439956665,0.2872622013092041,0.1274193525314331,0.5515303611755371,0.3228285312652588,0.08411779254674911,0.5841162800788879,0.405185729265213,0.05759755149483681,0.3304830491542816,0.3834068477153778,0.054997868835926056,0.4535505771636963,0.26164138317108154,0.05327682942152023,0.5407209992408752,0.30802279710769653,0.030221309512853622,0.5812992453575134,0.3884740471839905,0.016234442591667175,0.3047611117362976,0.3834921717643738,-0.019582977518439293,0.41988489031791687,0.2853410243988037,-0.01916401833295822,0.49951350688934326,0.3022134304046631,-0.019237935543060303,0.5497991442680359,0.3546360731124878,-0.018455255776643753
C,0.1612289398908615,0.8104320168495178,3.9299064269471273e-07,0.3202647864818573,0.7698887586593628,0.07598291337490082,0.42538878321647644,0.7161290645599365,0.10194849967956543,0.5003663301467896,0.6833221316337585,0.09499812126159668,0.5507911443710327,0.6092860102653503,0.08570079505443573,0.39184489846229553,0.43413543701171875,0.18275395035743713,0.4830760657787323,0.32578784227371216,0.1875552237033844,0.5489131212234497,0.3458968698978424,0.1616145670413971,0.584358274936676,0.3917742669582367,0.14336469769477844,0.3620110750198364,0.4041537642478943,0.11726102232933044,0.4785095453262329,0.27746614813804626,0.11235358566045761,0.5557469129562378,0.3169107437133789,0.07245557010173798,0.586013913154602,0.4031677842140198,0.0486181378364563,0.3296397030353546,0.38092419505119324,0.0461483858525753,0.4589384198188782,0.2535088360309601,0.04492028057575226,0.5443248152732849,0.3020514249801636,0.026501812040805817,0.580346941947937,0.38528186082839966,0.015870964154601097,0.30199211835861206,0.3861023783683777,-0.023608816787600517,0.42103901505470276,0.28484904766082764,-0.02264002524316311,0.5008542537689209,0.30373844504356384,-0.01952177658677101,0.5478904247283936,0.3593026399612427,-0.01554188970476389
C,0.15937256813049316,0.8078243732452393,3.63781879286762e-07,0.32201725244522095,0.7704825401306152,0.09239242970943451,0.4234377443790436,0.7171310782432556,0.12680423259735107,0.49887412786483765,0.6869033575057983,0.12435705959796906,0.5515896677970886,0.615260660648346,0.11847615987062454,0.39059168100357056,0.43823108077049255,0.20908504724502563,0.4804568886756897,0.3363691568374634,0.22196009755134583,0.547210156917572,0.35414695739746094,0.19976110756397247,0.5834895372390747,0.3961907923221588,0.1827678382396698,0.3621082305908203,0.4064238667488098,0.13518302142620087,0.47798383235931396,0.2818004786968231,0.1348748505115509,0.5568249225616455,0.32105034589767456,0.09487863630056381,0.5874953269958496,0.40756794810295105,0.07083112001419067,0.3330482542514801,0.3811858296394348,0.0560796745121479,0.46019744873046875,0.25443336367607117,0.05830798298120499,0.5484514236450195,0.30398029088974,0.03882281854748726,0.5870268940925598,0.38731032609939575,0.02694108709692955,0.31015777587890625,0.3841238021850586,-0.020591240376234055,0.4269135296344757,0.2805379033088684,-0.017128847539424896,0.5071597099304199,0.2988966107368469,-0.014502717182040215,0.556038498878479,0.35295480489730835,-0.011796845123171806
C,0.1594519317150116,0.803741455078125,3.576085418899311e-07,0.317815899848938,0.7672295570373535,0.07363104820251465,0.4222766160964966,0.7128770351409912,0.10110843926668167,0.49778446555137634,0.6783686876296997,0.09677638858556747,0.5487203598022461,0.6049442887306213,0.09025438129901886,0.3895735442638397,0.43347668647766113,0.1799781620502472,0.477818101644516,0.3289795517921448,0.18347235023975372,0.5436508655548096,0.3464622497558594,0.1569392830133438,0.5818885564804077,0.3868288993835449,0.13786296546459198,0.3608070909976959,0.40290749073028564,0.11616387963294983,0.473837673664093,0.2772321105003357,0.10717874765396118,0.5505487322807312,0.3169373869895935,0.06521458178758621,0.5827085971832275,0.4004504084587097,0.04030598700046539,0.32928383350372314,0.3782852292060852,0.046552300453186035,0.4537839889526367,0.2516377866268158,0.04009125381708145,0.5401219725608826,0.3001951575279236,0.01752234436571598,0.579990565776825,0.38309741020202637,0.005077821668237448,0.3023662567138672,0.37929266691207886,-0.02156236581504345,0.4182228744029999,0.2768128514289856,-0.024875640869140625,0.49882543087005615,0.2943693995475769,-0.02585066668689251,0.5498749017715454,0.3485012650489807,-0.024652548134326935
C,0.15375585854053497,0.7933573722839355,3.880859082983079e-07,0.30890581011772156,0.7585974335670471,0.06893898546695709,0.4125458896160126,0.7061642408370972,0.09284542500972748,0.4880982041358948,0.6716701984405518,0.08561128377914429,0.5416949987411499,0.5953328609466553,0.07639867067337036,0.3826891779899597,0.4319745600223541,0.17459407448768616,0.47301968932151794,0.33084404468536377,0.1752326637506485,0.5391913652420044,0.3537532091140747,0.14682599902153015,0.5762522220611572,0.398348331451416,0.12705408036708832,0.3556116819381714,0.39942824840545654,0.1122903898358345,0.4689124524593353,0.2783253490924835,0.10078870505094528,0.5456004738807678,0.3224741220474243,0.05737079307436943,0.5760341882705688,0.40979546308517456,0.03178102523088455,0.3241193890571594,0.37244927883148193,0.04386113956570625,0.44802066683769226,0.25040432810783386,0.0359746478497982,0.5333324670791626,0.30026331543922424,0.012301824055612087,0.5719375610351562,0.38315731287002563,-0.0008165822946466506,0.29623156785964966,0.37091970443725586,-0.023405322805047035,0.4107131361961365,0.27103888988494873,-0.027255211025476456,0.49048542976379395,0.2888493835926056,-0.028572198003530502,0.5407218337059021,0.3430445194244385,-0.027515055611729622
C,0.14787407219409943,0.7869970202445984,4.3138811633980367e-07,0.3064463138580322,0.74900221824646,0.07299429923295975,0.4070007801055908,0.6997085213661194,0.09805922955274582,0.48275241255760193,0.6673562526702881,0.09065701067447662,0.5332558155059814,0.5905711650848389,0.08061350882053375,0.37282148003578186,0.42555147409439087,0.18533091247081757,0.46467041969299316,0.33363690972328186,0.18859460949897766,0.5312034487724304,0.3566284477710724,0.15958017110824585,0.5679440498352051,0.399090975522995,0.13860110938549042,0.346082478761673,0.39358019828796387,0.12055434286594391,0.46353238821029663,0.2776849865913391,0.11032061278820038,0.5401180982589722,0.32248806953430176,0.06450911611318588,0.5698838233947754,0.4103657901287079,0.03708995506167412,0.3157157003879547,0.36558449268341064,0.049642764031887054,0.4413856565952301,0.24700936675071716,0.04436883330345154,0.527567446231842,0.29548823833465576,0.019569654017686844,0.5672441124916077,0.37746918201446533,0.0050802030600607395,0.2887813448905945,0.36359673738479614,-0.02009689435362816,0.4035564661026001,0.26702573895454407,-0.020982297137379646,0.48295220732688904,0.28303784132003784,-0.021751362830400467,0.5339028835296631,0.3349545896053314,-0.021114937961101532
C,0.14955385029315948,0.7830017805099487,4.202278205411858e-07,0.30885374546051025,0.7477115392684937,0.07639528065919876,0.4086240530014038,0.6975859999656677,0.10165590792894363,0.4842328429222107,0.6662520170211792,0.09331508725881577,0.5347481966018677,0.5891342759132385,0.08165708929300308,0.37559255957603455,0.4252728819847107,0.18521328270435333,0.4660731554031372,0.3259403705596924,0.1887345314025879,0.5332099795341492,0.34503257274627686,0.1607510894536972,0.5713700652122498,0.38457924127578735,0.14013256132602692,0.3486344814300537,0.3938189744949341,0.11740539968013763,0.46456560492515564,0.274128258228302,0.10612519085407257,0.5416395664215088,0.3187747597694397,0.06054992601275444,0.5715027451515198,0.40559065341949463,0.03336675837635994,0.31810396909713745,0.3665562868118286,0.043907638639211655,0.44277411699295044,0.24531903862953186,0.03756197169423103,0.52902752161026,0.2958339750766754,0.014061820693314075,0.5676071643829346,0.37678006291389465,0.0004221979179419577,0.2911774814128876,0.3658624291419983,-0.028132673352956772,0.40439462661743164,0.2638399302959442,-0.03040102869272232,0.4833914041519165,0.28162431716918945,-0.0305801834911108,0.5325548648834229,0.3349124789237976,-0.029469292610883713
C,0.15074393153190613,0.7931466102600098,4.4987856995248876e-07,0.31333428621292114,0.7565042972564697,0.0835409164428711,0.4107431471347809,0.7057722806930542,0.11077010631561279,0.4859880805015564,0.6738482713699341,0.10258275270462036,0.5370442271232605,0.5973262190818787,0.09064046293497086,0.37736862897872925,0.4292653203010559,0.19221432507038116,0.4706916809082031,0.3309181332588196,0.19495275616645813,0.5392037630081177,0.3524553179740906,0.16529257595539093,0.5768314599990845,0.3961303234100342,0.14354979991912842,0.3477082848548889,0.3972639739513397,0.11960528045892715,0.4670677185058594,0.27462238073349,0.10846312344074249,0.5466669797897339,0.3162180185317993,0.06157471612095833,0.5764671564102173,0.40322789549827576,0.033259350806474686,0.3158561587333679,0.37109506130218506,0.04151443392038345,0.4423867464065552,0.24716821312904358,0.03506697341799736,0.5322623252868652,0.2976299524307251,0.010608162730932236,0.5724467635154724,0.38049209117889404,-0.0037330298218876123,0.289129376411438,0.3733264207839966,-0.034575238823890686,0.40829211473464966,0.27447545528411865,-0.037618525326251984,0.48977547883987427,0.2953875958919525,-0.03837184980511665,0.5396344065666199,0.351750910282135,-0.03758082166314125
C,0.1944037228822708,0.8391900062561035,4.155424164764554e-07,0.341633141040802,0.8160182237625122,0.03979630768299103,0.45964500308036804,0.7573755979537964,0.0550813265144825,0.5365486741065979,0.7173821330070496,0.048342250287532806,0.6021618843078613,0.6559638381004333,0.04122950881719589,0.4381423890590668,0.4628923237323761,0.12023013830184937,0.5258550643920898,0.3507559597492218,0.10657911747694016,0.5923296213150024,0.3599621653556824,0.07671511173248291,0.6356629133224487,0.40315765142440796,0.05816912278532982,0.4080181121826172,0.4317408800125122,0.07316887378692627,0.5160937309265137,0.2969001233577728,0.050328489392995834,0.5968886613845825,0.3273354768753052,0.011332583613693714,0.6378679275512695,0.40575116872787476,-0.009616540744900703,0.36917319893836975,0.41163933277130127,0.018840264528989792,0.4870169162750244,0.27235302329063416,-0.004491642117500305,0.5751140713691711,0.303768515586853,-0.029377566650509834,0.6240900158882141,0.37591269612312317,-0.04010236635804176,0.3279338479042053,0.41246387362480164,-0.035316888242959976,0.43746188282966614,0.3066677749156952,-0.054363250732421875,0.5175418257713318,0.3012305200099945,-0.06263028830289841,0.5736265778541565,0.3348669111728668,-0.06400718539953232
C,0.1612786054611206,0.8874472379684448,3.30442418317034e-07,0.32567259669303894,0.8483278751373291,0.06322058290243149,0.45231562852859497,0.7654690146446228,0.09267908334732056,0.5365929007530212,0.7146288156509399,0.0917590782046318,0.6063696146011353,0.6404661536216736,0.09037984162569046,0.4161616265773773,0.4565715491771698,0.18264897167682648,0.5117424130439758,0.33527588844299316,0.18401548266410828,0.5850810408592224,0.3460938334465027,0.1559056043624878,0.6277574300765991,0.38506704568862915,0.13768887519836426,0.3853791058063507,0.4219108521938324,0.12403290718793869,0.5068528652191162,0.28738418221473694,0.11433897167444229,0.5897349119186401,0.326372891664505,0.07187479734420776,0.6265783309936523,0.40718764066696167,0.047954410314559937,0.34892019629478455,0.39244288206100464,0.05740151181817055,0.48716333508491516,0.25537747144699097,0.04822653532028198,0.5776828527450562,0.30134841799736023,0.024548519402742386,0.6192219257354736,0.38525789976119995,0.013405892997980118,0.312271386384964,0.38428640365600586,-0.008889694698154926,0.43727076053619385,0.26085081696510315,-0.013817860744893551,0.5280747413635254,0.26229384541511536,-0.015551617369055748,0.5896031260490417,0.3073469400405884,-0.013541614636778831
C,0.14953142404556274,0.8989846706390381,4.0498650832887506e-07,0.3166022002696991,0.8670303821563721,0.05673714354634285,0.4542534351348877,0.7856231927871704,0.08277489989995956,0.5440321564674377,0.7322885990142822,0.07990886270999908,0.6159723401069641,0.6514344215393066,0.07699626684188843,0.4209383428096771,0.4577418267726898,0.17393308877944946,0.5147680044174194,0.3319157063961029,0.16886980831623077,0.5908316373825073,0.3366253674030304,0.13625484704971313,0.6363540291786194,0.3808654546737671,0.11582254618406296,0.38866564631462097,0.4211227595806122,0.1164155974984169,0.509501039981842,0.2767636477947235,0.10082735121250153,0.5963292717933655,0.31255123019218445,0.055595219135284424,0.6350387334823608,0.4020465016365051,0.03073062375187874,0.3486677408218384,0.3901911973953247,0.0502895787358284,0.4873729646205902,0.24585402011871338,0.03643098473548889,0.5805410146713257,0.28898999094963074,0.01223244983702898,0.6235379576683044,0.376173198223114,0.001446865382604301,0.3071354925632477,0.3827590346336365,-0.016129637137055397,0.4344598948955536,0.2583479583263397,-0.02488900162279606,0.5263216495513916,0.25313764810562134,-0.027836842462420464,0.5883910655975342,0.2931355834007263,-0.02607838809490204
C,0.14532077312469482,0.8681929707527161,4.810776772501413e-07,0.30725523829460144,0.8341283798217773,0.025887757539749146,0.44493114948272705,0.758311927318573,0.03669614717364311,0.5372176170349121,0.7066160440444946,0.026126354932785034,0.6040389537811279,0.6202645897865295,0.01729409024119377,0.4194841980934143,0.43812456727027893,0.12311461567878723,0.5162341594696045,0.3088986277580261,0.0980030968785286,0.5934442281723022,0.3174366056919098,0.05773260444402695,0.6397393941879272,0.36129921674728394,0.03511335700750351,0.3877711892127991,0.4018237888813019,0.08085319399833679,0.5103791356086731,0.2563258111476898,0.0490264892578125,0.5933365225791931,0.29385650157928467,0.0020288859959691763,0.6343528032302856,0.3718295097351074,-0.022037465125322342,0.3453523814678192,0.3698442578315735,0.028466355055570602,0.4815714359283447,0.22533640265464783,0.0007707219920121133,0.5702108144760132,0.26442086696624756,-0.025047728791832924,0.6161748170852661,0.3401109576225281,-0.03403162583708763,0.29641082882881165,0.35853293538093567,-0.026033131405711174,0.416572242975235,0.2315414547920227,-0.044839438050985336,0.5107807517051697,0.2198256254196167,-0.05209573358297348,0.5808066129684448,0.25125980377197266,-0.05151652917265892
C,0.12495166063308716,0.826012372970581,5.438277526081947e-07,0.3039400577545166,0.7983492016792297,0.03969157114624977,0.43871933221817017,0.7316728830337524,0.0590718612074852,0.5321866869926453,0.6853447556495667,0.05280733481049538,0.6048663258552551,0.6002011299133301,0.046947769820690155,0.41458654403686523,0.4074777364730835,0.15862634778022766,0.5126175284385681,0.2839398980140686,0.14137810468673706,0.5895910263061523,0.2891067564487457,0.10124583542346954,0.6388648748397827,0.3276759386062622,0.07675423473119736,0.3831903040409088,0.3688008189201355,0.10850899666547775,0.5095726847648621,0.23246097564697266,0.0784270167350769,0.5921137928962708,0.26608577370643616,0.02305953949689865,0.6344623565673828,0.3438238501548767,-0.0066873449832201,0.3405612111091614,0.33217740058898926,0.04803662747144699,0.47613656520843506,0.19999468326568604,0.02207130938768387,0.5645023584365845,0.23788756132125854,-0.010839493945240974,0.6144357919692993,0.31033965945243835,-0.02477576583623886,0.289692759513855,0.31741365790367126,-0.013749238103628159,0.4099799692630768,0.19775131344795227,-0.031784407794475555,0.5039044618606567,0.17987418174743652,-0.043079767376184464,0.579608142375946,0.20090794563293457,-0.04602936655282974
C,0.10667723417282104,0.8137736916542053,5.335367063707963e-07,0.288200318813324,0.7733403444290161,0.05312041938304901,0.4161621928215027,0.7016844153404236,0.07683303952217102,0.5056922435760498,0.6519075632095337,0.07199199497699738,0.5762155652046204,0.5668250322341919,0.06682725250720978,0.38271087408065796,0.38865306973457336,0.17671042680740356,0.48534971475601196,0.2765342593193054,0.16648206114768982,0.5644556283950806,0.28657281398773193,0.12920840084552765,0.6149479746818542,0.32459795475006104,0.10486935824155807,0.3539397120475769,0.34737247228622437,0.11977802962064743,0.48706120252609253,0.2176457941532135,0.09461178630590439,0.5715183019638062,0.25744110345840454,0.040001191198825836,0.6135326027870178,0.3412901759147644,0.009778337553143501,0.31395068764686584,0.3089751601219177,0.05344153568148613,0.4565966725349426,0.18338245153427124,0.03241131827235222,0.5465396046638489,0.22743433713912964,0.00023821285867597908,0.5972709655761719,0.303500235080719,-0.015164791606366634,0.26804280281066895,0.2957192361354828,-0.013263877481222153,0.39144453406333923,0.1806495487689972,-0.028395285829901695,0.4869855046272278,0.16887858510017395,-0.03873538598418236,0.5649244785308838,0.1945182979106903,-0.04219299182295799
C,0.10376805067062378,0.8123898506164551,4.81444942579401e-07,0.2941310405731201,0.7752885222434998,0.07675251364707947,0.42315545678138733,0.7050551176071167,0.11294177919626236,0.51396644115448,0.6597626209259033,0.1143694594502449,0.58258455991745,0.5722936391830444,0.11430560797452927,0.3907068073749542,0.39337456226348877,0.22132675349712372,0.4935295879840851,0.2893058657646179,0.22900769114494324,0.5715904831886292,0.2989498972892761,0.19902482628822327,0.6171343326568604,0.3309449851512909,0.1774289757013321,0.3645033538341522,0.34989869594573975,0.1540617048740387,0.4964456856250763,0.22826620936393738,0.14435769617557526,0.5795098543167114,0.27136850357055664,0.09131602942943573,0.6158372759819031,0.35934799909591675,0.060545776039361954,0.3294338881969452,0.3094661831855774,0.07833807170391083,0.4725894629955292,0.18945074081420898,0.07220984250307083,0.559974193572998,0.24067774415016174,0.042422253638505936,0.6037411689758301,0.32323402166366577,0.026216113939881325,0.29133090376853943,0.29754477739334106,0.0033350682351738214,0.4207887351512909,0.18584981560707092,0.0011472402838990092,0.5148636698722839,0.18073716759681702,-0.004106326960027218,0.5866914391517639,0.2133062481880188,-0.0059798783622682095
C,0.0938379168510437,0.8199735283851624,4.582007591125148e-07,0.29781100153923035,0.7865701913833618,0.11745507270097733,0.4240850806236267,0.7081812620162964,0.1739676296710968,0.5142492055892944,0.6642847061157227,0.18618091940879822,0.5850555896759033,0.5790577530860901,0.19471149146556854,0.3874998688697815,0.3889417350292206,0.2830805778503418,0.4912772476673126,0.287744402885437,0.3099903464317322,0.5731652975082397,0.2947031855583191,0.2860562801361084,0.6200745105743408,0.325003445148468,0.2648792564868927,0.3580044209957123,0.34626784920692444,0.19488310813903809,0.4928104281425476,0.2226695418357849,0.1997241973876953,0.5829454064369202,0.26115018129348755,0.14514201879501343,0.6219624280929565,0.3517321050167084,0.110800601541996,0.3264573812484741,0.3062499761581421,0.09980791807174683,0.4698353111743927,0.18225115537643433,0.10914811491966248,0.5655666589736938,0.22975116968154907,0.07981050759553909,0.6156972050666809,0.3096214532852173,0.05966909974813461,0.2970956563949585,0.2989635467529297,0.007480978965759277,0.42876458168029785,0.18457773327827454,0.015772709622979164,0.5248574018478394,0.17931696772575378,0.012365946546196938,0.5971665978431702,0.21261006593704224,0.008677617646753788
C,0.09366238117218018,0.815959632396698,6.327101118586143e-07,0.2907811403274536,0.780697226524353,0.09373561292886734,0.417056143283844,0.7103220224380493,0.13779166340827942,0.5092076063156128,0.6657429933547974,0.1428116112947464,0.5776245594024658,0.5755778551101685,0.14559578895568848,0.3830977976322174,0.4012625217437744,0.2552192807197571,0.484377384185791,0.3001696467399597,0.27556687593460083,0.566547155380249,0.29948145151138306,0.24982669949531555,0.6185523271560669,0.32117512822151184,0.2284165918827057,0.35481321811676025,0.35545265674591064,0.17909498512744904,0.4870069921016693,0.2325897216796875,0.18171003460884094,0.5751768946647644,0.2616569399833679,0.1303393691778183,0.619982898235321,0.3399597704410553,0.0978865996003151,0.3223634958267212,0.31178581714630127,0.09474652260541916,0.46400535106658936,0.19390448927879333,0.10149183869361877,0.5570801496505737,0.2354797124862671,0.07476794719696045,0.6095430850982666,0.3085823059082031,0.05666119605302811,0.29091140627861023,0.2995848059654236,0.01131691224873066,0.420005202293396,0.1920669674873352,0.019532814621925354,0.5140162706375122,0.1862179934978485,0.01879684440791607,0.5878282189369202,0.21608808636665344,0.01735740713775158
C,0.10787466168403625,0.8072469234466553,5.798529514322581e-07,0.3077976405620575,0.7746576070785522,0.11608493328094482,0.42601901292800903,0.7052658796310425,0.17269396781921387,0.5121360421180725,0.6632601618766785,0.18614371120929718,0.5774806141853333,0.575860857963562,0.19580507278442383,0.3854699730873108,0.4061162769794464,0.28184768557548523,0.48354029655456543,0.3119571805000305,0.3089179992675781,0.5653847455978394,0.30507564544677734,0.2850106954574585,0.6185928583145142,0.32077711820602417,0.26273131370544434,0.3563850224018097,0.3624843955039978,0.19387170672416687,0.4868854582309723,0.23952126502990723,0.1958625316619873,0.5763294696807861,0.2648683786392212,0.1390250325202942,0.6209746599197388,0.3432577848434448,0.10266124457120895,0.3249765634536743,0.3192005157470703,0.09901230782270432,0.4622867703437805,0.20314425230026245,0.10239958763122559,0.5565291047096252,0.2460632026195526,0.06876952201128006,0.6100249886512756,0.31706660985946655,0.04624052345752716,0.2973823547363281,0.3057761490345001,0.007336288690567017,0.42220833897590637,0.1950453519821167,0.008107362315058708,0.5156878232955933,0.19003719091415405,-0.0004006985982414335,0.5900012850761414,0.22022220492362976,-0.007371258456259966
C,0.10691264271736145,0.8062026500701904,5.981033837088034e-07,0.3034149408340454,0.7722634077072144,0.10652633011341095,0.4191438555717468,0.7030836939811707,0.15666529536247253,0.5056427717208862,0.6604161262512207,0.1653652936220169,0.5710296630859375,0.5740679502487183,0.17024503648281097,0.3803771734237671,0.40799519419670105,0.26690807938575745,0.4775403141975403,0.3136286735534668,0.2905508279800415,0.558875322341919,0.3079197406768799,0.26562947034835815,0.6116644740104675,0.32313549518585205,0.24327318370342255,0.3528975546360016,0.36434462666511536,0.18381543457508087,0.4838011562824249,0.24540939927101135,0.18463343381881714,0.5718891620635986,0.2743210196495056,0.12928420305252075,0.6154888868331909,0.3534233570098877,0.0939985066652298,0.3214767277240753,0.32141682505607605,0.09359343349933624,0.4594448506832123,0.20755350589752197,0.09671376645565033,0.5517508387565613,0.24955853819847107,0.064268559217453,0.6029694080352783,0.3202551603317261,0.04258204996585846,0.2918173372745514,0.3079962134361267,0.0058784810826182365,0.41662758588790894,0.19857385754585266,0.008031067438423634,0.5100072026252747,0.194199800491333,0.0011533487122505903,0.5836223363876343,0.2252756655216217,-0.00461401604115963
C,0.1058344841003418,0.8029333353042603,6.504390626105305e-07,0.2989847660064697,0.7676055431365967,0.09455633163452148,0.41752198338508606,0.700696587562561,0.13956913352012634,0.5053950548171997,0.6560290455818176,0.14567457139492035,0.5714498162269592,0.5661587119102478,0.14881378412246704,0.37529319524765015,0.4049501419067383,0.2554444372653961,0.4704786241054535,0.3110802173614502,0.2759740352630615,0.5523015856742859,0.3057057857513428,0.24992597103118896,0.605937123298645,0.320487916469574,0.22753307223320007,0.3485561013221741,0.3611294627189636,0.17840895056724548,0.4767470359802246,0.24365085363388062,0.17619720101356506,0.5650262832641602,0.27387988567352295,0.12030688673257828,0.6093094348907471,0.3529634475708008,0.08557439595460892,0.31683415174484253,0.31793004274368286,0.0935484990477562,0.45296189188957214,0.20678651332855225,0.092849001288414,0.5452776551246643,0.25251471996307373,0.06003718078136444,0.5963924527168274,0.32677242159843445,0.039766885340213776,0.28571146726608276,0.3042259216308594,0.010455748997628689,0.4103335738182068,0.19734346866607666,0.010912219062447548,0.5031200647354126,0.19311067461967468,0.00439135218039155,0.5758911371231079,0.2236664891242981,-0.00015578411694150418
C,0.10476085543632507,0.7981720566749573,5.941456606706197e-07,0.2972564101219177,0.7639443874359131,0.09941046684980392,0.415872722864151,0.6975218057632446,0.14655701816082,0.5035301446914673,0.6544063091278076,0.15374593436717987,0.5711589455604553,0.5640097260475159,0.15769904851913452,0.37697985768318176,0.40314438939094543,0.2602230906486511,0.4714599847793579,0.30860912799835205,0.2842612862586975,0.5510225892066956,0.303951233625412,0.26102736592292786,0.6034713387489319,0.3204258680343628,0.24003703892230988,0.35009074211120605,0.3589229881763458,0.18092617392539978,0.4741743803024292,0.24203085899353027,0.18285101652145386,0.5610528588294983,0.27047964930534363,0.1299062818288803,0.606151819229126,0.34909912943840027,0.09629220515489578,0.31851428747177124,0.3159516453742981,0.09400581568479538,0.45255982875823975,0.20519649982452393,0.09690909087657928,0.5442095994949341,0.2507101893424988,0.06599144637584686,0.5966439843177795,0.32474830746650696,0.04569292813539505,0.287669837474823,0.30298376083374023,0.009056999348104,0.4088999032974243,0.1947554051876068,0.011065359227359295,0.4991914629936218,0.19133493304252625,0.005274684634059668,0.5703033804893494,0.2241552770137787,0.0006931159878149629
C,0.11017569899559021,0.7983968257904053,5.6917667734524e-07,0.29927903413772583,0.7627907991409302,0.08597133308649063,0.4195954203605652,0.6937581300735474,0.12824474275112152,0.5065160393714905,0.6491468548774719,0.1344577968120575,0.5734481811523438,0.562232494354248,0.13854454457759857,0.38136211037635803,0.40134572982788086,0.23577560484409332,0.4773467183113098,0.306805282831192,0.24915198981761932,0.5563057661056519,0.3077951967716217,0.22129414975643158,0.6086165904998779,0.33084478974342346,0.1992359161376953,0.3545743525028229,0.3577961325645447,0.16421586275100708,0.4809841513633728,0.23910364508628845,0.15668775141239166,0.5673751831054688,0.2682081460952759,0.10270035266876221,0.6121551394462585,0.34688371419906616,0.07035728543996811,0.320590615272522,0.3167383670806885,0.08457747101783752,0.4562537968158722,0.20347139239311218,0.07861194014549255,0.5478278994560242,0.2456625998020172,0.04586854204535484,0.6013479828834534,0.31788286566734314,0.02695891633629799,0.2855464220046997,0.30373328924179077,0.006510528270155191,0.4068981111049652,0.19424349069595337,0.0019155237823724747,0.498218297958374,0.18961629271507263,-0.006169378291815519,0.572464108467102,0.22192439436912537,-0.010446425527334213
D,0.21096916496753693,0.9597094058990479,2.791998667817097e-07,0.31394854187965393,0.8453183174133301,0.03517613187432289,0.37690144777297974,0.7507610321044922,0.03011241927742958,0.43024981021881104,0.6976707577705383,0.007599245756864548,0.46070170402526855,0.6604604721069336,-0.016118519008159637,0.2657543420791626,0.5659739375114441,0.022013893350958824,0.2869821786880493,0.4373595714569092,-0.0014437133213505149,0.29851073026657104,0.3405021131038666,-0.023531412705779076,0.3003945052623749,0.26125678420066833,-0.04279237613081932,0.2385396510362625,0.5770577788352966,-0.023645896464586258,0.3741454482078552,0.49002930521965027,-0.06281500309705734,0.4538258910179138,0.5547002553939819,-0.08056581020355225,0.47960740327835083,0.625726580619812,-0.08580336719751358,0.23407816886901855,0.6178166270256042,-0.06759515404701233,0.374722421169281,0.5358672738075256,-0.1003866046667099,0.44504404067993164,0.6019381284713745,-0.09252531081438065,0.4646725356578827,0.6689349412918091,-0.08041281998157501,0.24785208702087402,0.6788813471794128,-0.11038202047348022,0.3598136305809021,0.6152758002281189,-0.1258443146944046,0.4142910838127136,0.6475317478179932,-0.11067947745323181,0.434174507856369,0.6920033693313599,-0.09590821713209152
D,0.21604353189468384,0.9787744283676147,2.9296970183168014e-07,0.31417444348335266,0.8679468035697937,0.029603200033307076,0.3768855035305023,0.7717271447181702,0.02431621216237545,0.42831405997276306,0.7159606218338013,0.0037491866387426853,0.46861615777015686,0.6768269538879395,-0.017658749595284462,0.2598227858543396,0.5865605473518372,0.015418621711432934,0.2859153747558594,0.46123191714286804,-0.00808732584118843,0.2977827191352844,0.3656734824180603,-0.030439449474215508,0.3021147847175598,0.28760504722595215,-0.05047234892845154,0.230798602104187,0.5991692543029785,-0.027051806449890137,0.37114331126213074,0.5087142586708069,-0.06877771764993668,0.45301365852355957,0.5680872797966003,-0.09099844098091125,0.4824935793876648,0.6395101547241211,-0.09976350516080856,0.2270423173904419,0.6413827538490295,-0.06769802421331406,0.3665386438369751,0.5574419498443604,-0.10466550290584564,0.4441356062889099,0.6159641742706299,-0.1033184751868248,0.4712011218070984,0.6808088421821594,-0.09543236345052719,0.24142128229141235,0.7040804624557495,-0.10692834854125977,0.35739555954933167,0.6383576393127441,-0.1271512657403946,0.4178072214126587,0.6672570705413818,-0.11661209166049957,0.44255274534225464,0.7116088271141052,-0.10497970879077911
D,0.20848214626312256,0.9842889308929443,2.61304478499369e-07,0.31188058853149414,0.8743903636932373,0.036098308861255646,0.3768632709980011,0.774631679058075,0.034138720482587814,0.4282376170158386,0.7186528444290161,0.015871848911046982,0.4624199867248535,0.6839921474456787,-0.0031418667640537024,0.2619037926197052,0.585776150226593,0.02052208036184311,0.28797441720962524,0.46066731214523315,-0.002972495509311557,0.2999730110168457,0.36291760206222534,-0.026043128222227097,0.3006606996059418,0.2835065424442291,-0.04623791575431824,0.2315485179424286,0.5995469093322754,-0.024837274104356766,0.3730095624923706,0.5071347951889038,-0.06554451584815979,0.45624029636383057,0.5689585208892822,-0.08599001169204712,0.4829366207122803,0.6413771510124207,-0.09278539568185806,0.22820203006267548,0.64229816198349,-0.06787936389446259,0.370176762342453,0.5556895732879639,-0.10339941084384918,0.4475885033607483,0.6194919347763062,-0.09851403534412384,0.47153449058532715,0.686156153678894,-0.08769809454679489,0.24422317743301392,0.7042377591133118,-0.10924194008111954,0.359903484582901,0.6397798657417297,-0.12744244933128357,0.41893747448921204,0.6690887212753296,-0.11436336487531662,0.4423133432865143,0.7108096480369568,-0.10054424405097961
D,0.2027912139892578,0.9730569124221802,3.0354007662936056e-07,0.3070644438266754,0.8667786121368408,0.03403719514608383,0.36815690994262695,0.7675372362136841,0.030827252194285393,0.4199870526790619,0.7106503248214722,0.011846126988530159,0.4504147469997406,0.6746591925621033,-0.008323934860527515,0.256722092628479,0.5798154473304749,0.015686525031924248,0.28116169571876526,0.4491634964942932,-0.006237292196601629,0.2954890727996826,0.35228249430656433,-0.026036299765110016,0.2997545301914215,0.2750985026359558,-0.04331529140472412,0.22827091813087463,0.5925917625427246,-0.02929270640015602,0.36642926931381226,0.503685474395752,-0.06927695125341415,0.4485790431499481,0.561508297920227,-0.08697611093521118,0.4771464169025421,0.6319051384925842,-0.09138035774230957,0.2240113615989685,0.6364417672157288,-0.0720907598733902,0.36661267280578613,0.5552912950515747,-0.10757721215486526,0.44226253032684326,0.6143144369125366,-0.10208743810653687,0.46530649065971375,0.6775946617126465,-0.09033207595348358,0.2391587793827057,0.699901819229126,-0.11330893635749817,0.34995728731155396,0.6304736733436584,-0.13215312361717224,0.41128867864608765,0.6530516147613525,-0.11924714595079422,0.43829619884490967,0.6921284794807434,-0.10498341917991638
D,0.2042131870985031,0.9769415855407715,2.903495897044195e-07,0.30828598141670227,0.8705219626426697,0.034080278128385544,0.37262052297592163,0.7738727331161499,0.030610142275691032,0.4263932406902313,0.7192136645317078,0.011152293533086777,0.46246016025543213,0.683300793170929,-0.009496971033513546,0.25745663046836853,0.5809776782989502,0.018879959359765053,0.282185822725296,0.4565601944923401,-0.0038510458543896675,0.2952987551689148,0.3591151535511017,-0.025733619928359985,0.29800039529800415,0.28106576204299927,-0.04500405862927437,0.22902217507362366,0.5944057106971741,-0.02538636513054371,0.37281346321105957,0.5064125061035156,-0.06516514718532562,0.45571213960647583,0.5688380002975464,-0.08420918881893158,0.48274606466293335,0.6397048234939575,-0.09026925265789032,0.22525173425674438,0.6368690133094788,-0.06760033220052719,0.36842671036720276,0.5555992722511292,-0.10233030468225479,0.44491153955459595,0.6178850531578064,-0.09625262767076492,0.46814411878585815,0.6836504936218262,-0.08487096428871155,0.239585280418396,0.6994495987892151,-0.10830963402986526,0.35309556126594543,0.6331135034561157,-0.12659601867198944,0.4104609489440918,0.6614924073219299,-0.11328192800283432,0.4325515627861023,0.7032801508903503,-0.09928015619516373
D,0.216362863779068,0.9718204736709595,2.2265983545821655e-07,0.3183861970901489,0.8629665374755859,0.03830442950129509,0.3843379020690918,0.7640165090560913,0.03609958663582802,0.43588966131210327,0.7071423530578613,0.01704668626189232,0.4694972038269043,0.6708115339279175,-0.0031117598991841078,0.26833027601242065,0.5759835839271545,0.020893266424536705,0.2946397364139557,0.4503476023674011,-0.0003543219936545938,0.3095632493495941,0.3546507656574249,-0.022149447351694107,0.313042551279068,0.2762805223464966,-0.04174881428480148,0.23735888302326202,0.591928243637085,-0.02485489659011364,0.38669103384017944,0.5034459829330444,-0.06416881829500198,0.4705723524093628,0.5688695311546326,-0.08453810960054398,0.49521660804748535,0.6420460343360901,-0.09151680022478104,0.2363843470811844,0.6368789076805115,-0.0676116868853569,0.38190320134162903,0.5470086336135864,-0.1013355404138565,0.45996785163879395,0.6121348738670349,-0.09595709294080734,0.48090124130249023,0.6807331442832947,-0.08523914217948914,0.2548496723175049,0.6971121430397034,-0.10835890471935272,0.36993905901908875,0.626802921295166,-0.12559494376182556,0.4259140193462372,0.6563253402709961,-0.11220423132181168,0.4451219439506531,0.6989367604255676,-0.09847045689821243
D,0.21892502903938293,0.9569722414016724,2.172615864992622e-07,0.3236265778541565,0.8502309322357178,0.03688619285821915,0.38847845792770386,0.7536140084266663,0.03654739633202553,0.438192754983902,0.6982945799827576,0.02025664784014225,0.47216296195983887,0.6637503504753113,0.003282587043941021,0.2681526839733124,0.5674402117729187,0.022404486313462257,0.29868805408477783,0.443584144115448,0.0014319278998300433,0.313350647687912,0.34776365756988525,-0.020376991480588913,0.3159187436103821,0.2704206109046936,-0.04015152528882027,0.2385806143283844,0.5819980502128601,-0.021152837201952934,0.38847681879997253,0.49814462661743164,-0.06163538619875908,0.47148942947387695,0.5611162185668945,-0.08289695531129837,0.4979856014251709,0.632911741733551,-0.0905173048377037,0.2389192283153534,0.6245158910751343,-0.062157537788152695,0.3849565088748932,0.5416473746299744,-0.09590141475200653,0.4605637788772583,0.6031676530838013,-0.09265957027673721,0.48435699939727783,0.66865473985672,-0.08372089266777039,0.25822627544403076,0.6817799806594849,-0.10130883753299713,0.3708091080188751,0.6203879117965698,-0.11950773745775223,0.4232489764690399,0.64512699842453,-0.10993577539920807,0.4441414475440979,0.6804278492927551,-0.09911017119884491
D,0.21767419576644897,0.947096586227417,2.6311624878871953e-07,0.328016459941864,0.8483729362487793,0.03771910071372986,0.3992704749107361,0.745441198348999,0.03921053931117058,0.4550263285636902,0.6859613060951233,0.022739171981811523,0.482561856508255,0.65116947889328,0.004962989129126072,0.2910653054714203,0.5682584047317505,0.037800826132297516,0.3154212534427643,0.4385685920715332,0.022501466795802116,0.3320998251438141,0.3411552906036377,0.005464306101202965,0.33667615056037903,0.26403751969337463,-0.011258158832788467,0.264179527759552,0.5770759582519531,-0.006313942838460207,0.40599939227104187,0.4861046075820923,-0.04499717801809311,0.48366957902908325,0.5505226254463196,-0.06439341604709625,0.5040782690048218,0.6224306225776672,-0.06945448368787766,0.2588333487510681,0.6108658909797668,-0.049102526158094406,0.4008576273918152,0.5221491456031799,-0.08243964612483978,0.4722270965576172,0.5850358009338379,-0.07929392158985138,0.4894331991672516,0.6515949368476868,-0.06937132030725479,0.2701287269592285,0.6622490286827087,-0.09023774415254593,0.38395458459854126,0.5969237685203552,-0.10937142372131348,0.4392770528793335,0.6222330331802368,-0.10133424401283264,0.45873796939849854,0.6587479114532471,-0.09126339852809906
D,0.21556684374809265,0.9455729722976685,1.5379977469365258e-07,0.3253192603588104,0.8414415717124939,0.049236007034778595,0.39536505937576294,0.7398165464401245,0.05788431689143181,0.44893017411231995,0.6843400001525879,0.047729190438985825,0.4821120798587799,0.6443675756454468,0.03610154613852501,0.29145777225494385,0.5582278370857239,0.04469289630651474,0.3160886764526367,0.4300037920475006,0.031265877187252045,0.33185988664627075,0.33323487639427185,0.015144594013690948,0.33617687225341797,0.25484970211982727,-0.000777836365159601,0.26482486724853516,0.5657913684844971,-0.003879402531310916,0.4094056785106659,0.48115020990371704,-0.03857029229402542,0.48560336232185364,0.5460962653160095,-0.05604090914130211,0.505874752998352,0.6202901005744934,-0.06038333475589752,0.25912168622016907,0.6001759171485901,-0.050082627683877945,0.40190786123275757,0.5168783664703369,-0.07972495257854462,0.4704919755458832,0.5821190476417542,-0.0752691999077797,0.48794814944267273,0.6484228372573853,-0.06517766416072845,0.27124667167663574,0.6528536081314087,-0.09364483505487442,0.3820192813873291,0.5889613628387451,-0.11061406880617142,0.4380352199077606,0.6164621114730835,-0.10084573179483414,0.4595869183540344,0.6552552580833435,-0.08952811360359192
D,0.20780858397483826,0.9502208828926086,2.159308962745854e-07,0.3190370500087738,0.8409708738327026,0.0499681793153286,0.3895948529243469,0.7398325204849243,0.05763288214802742,0.4460984766483307,0.6828522682189941,0.04531354084610939,0.47747406363487244,0.6452594995498657,0.03126845881342888,0.274970680475235,0.5563780069351196,0.04879910871386528,0.30301082134246826,0.4286263585090637,0.03405392915010452,0.32145389914512634,0.3298555910587311,0.01538099255412817,0.3286488652229309,0.2496475875377655,-0.0032958965748548508,0.24905407428741455,0.5642625093460083,-0.002129302592948079,0.39520397782325745,0.47654643654823303,-0.03893197700381279,0.4775407314300537,0.5419440865516663,-0.059478435665369034,0.5021064281463623,0.6174138784408569,-0.06667532026767731,0.244974285364151,0.5991062521934509,-0.05094648152589798,0.39038729667663574,0.5125297904014587,-0.08309248834848404,0.46365171670913696,0.5796406269073486,-0.0804784893989563,0.48434287309646606,0.6490403413772583,-0.07210806757211685,0.2594847083091736,0.6523030996322632,-0.09718617796897888,0.3760363757610321,0.5877452492713928,-0.1163109689950943,0.4316574037075043,0.6216793060302734,-0.10751847922801971,0.45264390110969543,0.6671110987663269,-0.09739001095294952
D,0.214422345161438,0.9440823793411255,1.8481644303847133e-07,0.324741005897522,0.8333477973937988,0.053498633205890656,0.3945283591747284,0.730451226234436,0.061463259160518646,0.4495280086994171,0.6731245517730713,0.049393393099308014,0.4785032570362091,0.6336950659751892,0.03554891049861908,0.2785719931125641,0.5424572825431824,0.04504906013607979,0.3082103729248047,0.4144344925880432,0.031107556074857712,0.328054815530777,0.3182832598686218,0.012998332269489765,0.33522677421569824,0.2386988401412964,-0.005020991433411837,0.25110307335853577,0.5530936121940613,-0.006689614150673151,0.4060877561569214,0.46957582235336304,-0.04119176045060158,0.4863947629928589,0.5386566519737244,-0.05946161970496178,0.5076398253440857,0.6139015555381775,-0.06551703065633774,0.24916668236255646,0.5922612547874451,-0.05525999143719673,0.4013843238353729,0.5079232454299927,-0.08393367379903793,0.4708768427371979,0.5783640742301941,-0.07811009883880615,0.4866693615913391,0.6469500064849854,-0.06828603893518448,0.26799070835113525,0.6473808288574219,-0.10090289264917374,0.3853565752506256,0.5813497304916382,-0.11592117697000504,0.4363889694213867,0.6142759919166565,-0.10364123433828354,0.45301392674446106,0.6552543044090271,-0.091453418135643
D,0.21084366738796234,0.9476141929626465,1.4617039312270208e-07,0.3263458013534546,0.8384698033332825,0.05228876322507858,0.3998670279979706,0.7388957142829895,0.06071915104985237,0.45521536469459534,0.6847517490386963,0.04916806519031525,0.49471011757850647,0.6512267589569092,0.03559757024049759,0.289399117231369,0.549166738986969,0.046989548951387405,0.317221462726593,0.4178364872932434,0.03405904397368431,0.3363349437713623,0.32004955410957336,0.019619137048721313,0.34661048650741577,0.24191254377365112,0.004458380397409201,0.2638111114501953,0.5578820109367371,-0.004637107718735933,0.4149725139141083,0.4725436866283417,-0.042819079011678696,0.493208646774292,0.5413624048233032,-0.06171996891498566,0.5161019563674927,0.6200796365737915,-0.0662250816822052,0.2601928114891052,0.5958390831947327,-0.05369605869054794,0.408394992351532,0.5140774846076965,-0.08756376802921295,0.477714478969574,0.5829309225082397,-0.08487899601459503,0.49748218059539795,0.652287483215332,-0.07504768669605255,0.27472925186157227,0.6516098976135254,-0.09967400878667831,0.38127607107162476,0.5866685509681702,-0.12249527871608734,0.43920692801475525,0.6052044034004211,-0.11772025376558304,0.4671960473060608,0.6361564993858337,-0.10923618823289871
D,0.21688464283943176,0.9444945454597473,2.5849948315226356e-07,0.3284115493297577,0.8400030136108398,0.04808251932263374,0.3984731435775757,0.7430662512779236,0.05248851329088211,0.45656079053878784,0.6841931343078613,0.03902705758810043,0.49253153800964355,0.6446117758750916,0.02365858480334282,0.2863928973674774,0.5522676706314087,0.03477593883872032,0.3194890022277832,0.4211655259132385,0.01906459592282772,0.3412228226661682,0.3237161934375763,0.0008510976913385093,0.3523055911064148,0.2462245225906372,-0.0160653218626976,0.26233434677124023,0.560422420501709,-0.012948029674589634,0.41790109872817993,0.4813084006309509,-0.04665670916438103,0.4955333173274994,0.5434195399284363,-0.06432545930147171,0.518775463104248,0.6152940392494202,-0.07011345028877258,0.2594723701477051,0.5990954637527466,-0.05751776322722435,0.4092675745487213,0.5254062414169312,-0.08519160747528076,0.4772242307662964,0.5879594683647156,-0.08097873628139496,0.4976523816585541,0.6518100500106812,-0.07249994575977325,0.27367568016052246,0.6559712290763855,-0.09929793328046799,0.38227379322052,0.5982608795166016,-0.11358524858951569,0.44022107124328613,0.6222333908081055,-0.10234451293945312,0.46869897842407227,0.6590654850006104,-0.09059983491897583
D,0.21580468118190765,0.9425740242004395,1.317297773084647e-07,0.3326723277568817,0.8322139978408813,0.06508564203977585,0.40727290511131287,0.7311985492706299,0.07996095716953278,0.46463513374328613,0.6752868890762329,0.07296372950077057,0.49699342250823975,0.6399626135826111,0.06384027004241943,0.2956852316856384,0.5339040756225586,0.0597430057823658,0.3233465850353241,0.4055965840816498,0.050823431462049484,0.3443428874015808,0.31033262610435486,0.03738756105303764,0.3555948734283447,0.23239728808403015,0.02233966626226902,0.2693905234336853,0.5442907810211182,0.0019749512430280447,0.41788482666015625,0.45955586433410645,-0.031692299991846085,0.4979781210422516,0.527915894985199,-0.04970155283808708,0.5207465291023254,0.6073232293128967,-0.05418179929256439,0.2655284106731415,0.5847249627113342,-0.052203498780727386,0.40933454036712646,0.5056869983673096,-0.08073541522026062,0.4815414845943451,0.5736051797866821,-0.0764252170920372,0.5017018914222717,0.6412276029586792,-0.06674926728010178,0.28057894110679626,0.6420074105262756,-0.10240980237722397,0.38922640681266785,0.5784415602684021,-0.11954392492771149,0.449099063873291,0.605350136756897,-0.1107291504740715,0.4757286310195923,0.6451902985572815,-0.10024856775999069
D,0.21054449677467346,0.9460177421569824,1.5091026739355584e-07,0.32683494687080383,0.8399913311004639,0.049831509590148926,0.401022732257843,0.7372817993164062,0.05761414021253586,0.45792144536972046,0.6809065341949463,0.0465092733502388,0.49916911125183105,0.644565224647522,0.033841196447610855,0.29624009132385254,0.5436761975288391,0.0438753217458725,0.32911309599876404,0.4100029468536377,0.031185289844870567,0.34859544038772583,0.31222450733184814,0.01571342721581459,0.3565562069416046,0.23317471146583557,0.00026557131786830723,0.26926350593566895,0.5521026849746704,-0.004468587692826986,0.42023393511772156,0.46763354539871216,-0.03732997551560402,0.49733710289001465,0.5346516966819763,-0.054662540555000305,0.5178419947624207,0.61066734790802,-0.0599459744989872,0.2648153305053711,0.5896637439727783,-0.050049055367708206,0.41227489709854126,0.5049571394920349,-0.07838325947523117,0.47924894094467163,0.5737171769142151,-0.07442477345466614,0.49572306871414185,0.6437695622444153,-0.06552180647850037,0.27835625410079956,0.6448004841804504,-0.09273109585046768,0.3901351988315582,0.5807278156280518,-0.10807999968528748,0.44662585854530334,0.6102347373962402,-0.09811288118362427,0.46960747241973877,0.6521115899085999,-0.08724220842123032
D,0.22137516736984253,0.9410915374755859,2.1980613951200212e-07,0.3351954221725464,0.8403266668319702,0.045785751193761826,0.4061240553855896,0.7362053394317627,0.051175616681575775,0.4629303812980652,0.6759910583496094,0.038551464676856995,0.49591612815856934,0.6390983462333679,0.02462240494787693,0.29463252425193787,0.544122576713562,0.03673447668552399,0.32573938369750977,0.4128592014312744,0.02362564392387867,0.3466853201389313,0.31417232751846313,0.008602860383689404,0.35539084672927856,0.23578062653541565,-0.006053943652659655,0.2679814100265503,0.5528119206428528,-0.010199819691479206,0.4234807789325714,0.4695858955383301,-0.04078876972198486,0.5006777048110962,0.5357885360717773,-0.054259367287158966,0.5198922157287598,0.6057847738265991,-0.0566713847219944,0.2656792104244232,0.5899613499641418,-0.05448208376765251,0.4171200096607208,0.5101238489151001,-0.08033350855112076,0.4855905771255493,0.5779924392700195,-0.07208855450153351,0.4997280538082123,0.643092691898346,-0.060406140983104706,0.28237253427505493,0.6446388363838196,-0.096544548869133,0.398298054933548,0.580108642578125,-0.10778341442346573,0.45234835147857666,0.6135129928588867,-0.09243907779455185,0.4698963463306427,0.6580166816711426,-0.07783224433660507
D,0.22206717729568481,0.9451339244842529,2.1536682481837488e-07,0.33509984612464905,0.8404428958892822,0.04480994865298271,0.4068385362625122,0.7382638454437256,0.04814797267317772,0.4625787138938904,0.6792749166488647,0.03360314294695854,0.49286678433418274,0.6420587301254272,0.017487583681941032,0.2987508177757263,0.5430490374565125,0.03383034095168114,0.3280688524246216,0.41164642572402954,0.019147228449583054,0.3481288552284241,0.31132209300994873,0.003809097921475768,0.35831186175346375,0.2337295114994049,-0.010995867662131786,0.2720010578632355,0.5565302968025208,-0.013815229758620262,0.42038649320602417,0.46695154905319214,-0.04570721834897995,0.49835097789764404,0.5282275676727295,-0.05989064276218414,0.5200330018997192,0.5974015593528748,-0.06313493102788925,0.2680865526199341,0.5978789329528809,-0.05895932763814926,0.41383135318756104,0.5112684369087219,-0.08690112829208374,0.4853689670562744,0.5709308385848999,-0.07984460890293121,0.5036476850509644,0.6338539123535156,-0.06913258135318756,0.2810118794441223,0.6579740643501282,-0.10171239823102951,0.3931395709514618,0.587415337562561,-0.11566042900085449,0.4499749541282654,0.6148812770843506,-0.10209151357412338,0.4710744023323059,0.6568152904510498,-0.08889340609312057
D,0.22725580632686615,0.9484027624130249,1.90472150052301e-07,0.33732593059539795,0.843403697013855,0.050165705382823944,0.40569326281547546,0.7433112859725952,0.05677694454789162,0.4606211483478546,0.6834282875061035,0.045101456344127655,0.4952129125595093,0.6510611772537231,0.03188122808933258,0.29629620909690857,0.5472516417503357,0.03684105724096298,0.33220475912094116,0.4163133203983307,0.022467100992798805,0.3500944674015045,0.31665661931037903,0.00655928673222661,0.3575473427772522,0.23751214146614075,-0.008925710804760456,0.2679070234298706,0.5606139898300171,-0.012425671331584454,0.42242932319641113,0.4762731194496155,-0.04231962561607361,0.5011847019195557,0.5374806523323059,-0.055864568799734116,0.5249130725860596,0.6068386435508728,-0.05958612263202667,0.26405709981918335,0.6020529866218567,-0.058641355484724045,0.414445161819458,0.5169872641563416,-0.08415587246417999,0.4863121211528778,0.578429102897644,-0.075832299888134,0.5073330402374268,0.6428759098052979,-0.06512410193681717,0.27846741676330566,0.6604672074317932,-0.10216276347637177,0.3914240598678589,0.5938961505889893,-0.11467090249061584,0.44934719800949097,0.6212963461875916,-0.10035333782434464,0.474337100982666,0.6629634499549866,-0.08681720495223999
D,0.22260074317455292,0.9530096054077148,1.8409019730825094e-07,0.33519870042800903,0.8455255627632141,0.04847383871674538,0.40366989374160767,0.7449305057525635,0.054117053747177124,0.45713508129119873,0.6873339414596558,0.041063953191041946,0.492759108543396,0.653648853302002,0.026106297969818115,0.29693812131881714,0.5534591674804688,0.036720238626003265,0.32530054450035095,0.4188883900642395,0.02218402363359928,0.34296298027038574,0.31866633892059326,0.006752334535121918,0.35189640522003174,0.24016258120536804,-0.00842437893152237,0.2690173089504242,0.5681263208389282,-0.013164166361093521,0.416370689868927,0.4766291677951813,-0.046851128339767456,0.49597662687301636,0.5356875658035278,-0.06268102675676346,0.5217612981796265,0.6054447889328003,-0.06682469695806503,0.2645544409751892,0.6100024580955505,-0.06040561571717262,0.41018375754356384,0.5235989093780518,-0.08959750086069107,0.48335209488868713,0.5823519229888916,-0.08378773927688599,0.5049658417701721,0.6448116302490234,-0.07376773655414581,0.2778182923793793,0.6685614585876465,-0.10502875596284866,0.3855697214603424,0.5986468195915222,-0.12028799206018448,0.44282829761505127,0.6230672001838684,-0.10805574059486389,0.4667441248893738,0.6622470617294312,-0.09576983749866486
D,0.22203068435192108,0.95858234167099,1.8159366277359368e-07,0.3310812711715698,0.8503986597061157,0.05343775078654289,0.3993273675441742,0.7509268522262573,0.06012015417218208,0.45256873965263367,0.6944583654403687,0.047860488295555115,0.4963827431201935,0.6590460538864136,0.03364776819944382,0.28608638048171997,0.553722620010376,0.03705744072794914,0.32325783371925354,0.4204631447792053,0.02230975776910782,0.3435360789299011,0.31990984082221985,0.006839735899120569,0.35326698422431946,0.24017462134361267,-0.008421901613473892,0.25887471437454224,0.565748929977417,-0.014942885376513004,0.41659992933273315,0.47573429346084595,-0.04690025374293327,0.4952430725097656,0.5395296216011047,-0.060678839683532715,0.5177844762802124,0.6107149124145508,-0.06387896835803986,0.2573305368423462,0.6076978445053101,-0.0633673295378685,0.410331130027771,0.5212041139602661,-0.09134615212678909,0.4824286699295044,0.5845350027084351,-0.08206070959568024,0.5017310380935669,0.6487258076667786,-0.0698874220252037,0.2737264335155487,0.6679912209510803,-0.10853227227926254,0.3874692916870117,0.5979999303817749,-0.12262635678052902,0.4476349651813507,0.6228402256965637,-0.10716903209686279,0.473092257976532,0.6605319976806641,-0.09241124242544174
D,0.21084031462669373,0.9539915919303894,2.0309016690589488e-07,0.3244275450706482,0.8436830043792725,0.049854837357997894,0.3917940855026245,0.7442613244056702,0.05582137405872345,0.4455777406692505,0.6877907514572144,0.04315045848488808,0.4819278120994568,0.6521369814872742,0.028494182974100113,0.2794916033744812,0.5488324761390686,0.03716592490673065,0.31274938583374023,0.41840070486068726,0.021828411146998405,0.33133164048194885,0.319070965051651,0.004956139717251062,0.3402816653251648,0.2395128309726715,-0.011522738263010979,0.25110113620758057,0.561404287815094,-0.013815268874168396,0.4017772674560547,0.47061216831207275,-0.04854132980108261,0.48279136419296265,0.5301468968391418,-0.06557822227478027,0.5095478296279907,0.6026627421379089,-0.07066984474658966,0.2475011646747589,0.6037416458129883,-0.061851345002651215,0.39851266145706177,0.5204271078109741,-0.09142714738845825,0.4717795252799988,0.5804842114448547,-0.08542396873235703,0.4930690824985504,0.6443415284156799,-0.075337253510952,0.2628534436225891,0.6644651293754578,-0.10717472434043884,0.37638723850250244,0.5976384878158569,-0.1217532679438591,0.43245500326156616,0.6235741972923279,-0.10854322463274002,0.45461419224739075,0.6628270149230957,-0.09573133289813995
D,0.2159223109483719,0.9533816576004028,1.3557722411405848e-07,0.3252563178539276,0.8435680866241455,0.049673452973365784,0.3927212655544281,0.7425846457481384,0.05627388134598732,0.44609829783439636,0.6844741106033325,0.04444790631532669,0.4839560389518738,0.6472970247268677,0.03121167980134487,0.27316808700561523,0.5426797866821289,0.03658035770058632,0.31116676330566406,0.41085922718048096,0.019932834431529045,0.3289649188518524,0.31041139364242554,0.0005612743552774191,0.3332673907279968,0.22836244106292725,-0.017663823440670967,0.24283549189567566,0.5576499700546265,-0.013575375080108643,0.40275338292121887,0.4674195945262909,-0.049519769847393036,0.4842066168785095,0.5332531332969666,-0.06730559468269348,0.5083773732185364,0.6091941595077515,-0.07266019284725189,0.2432299554347992,0.6012849807739258,-0.06052349880337715,0.4015863835811615,0.5166425704956055,-0.09089743345975876,0.47223961353302,0.5862213969230652,-0.08403494209051132,0.49039191007614136,0.655323326587677,-0.07301348447799683,0.2643803060054779,0.6594552993774414,-0.1047922670841217,0.38472262024879456,0.5938114523887634,-0.11871254444122314,0.43204760551452637,0.6315732598304749,-0.10374586284160614,0.445517897605896,0.6780104637145996,-0.08960700035095215
D,0.2167983204126358,0.9585660696029663,1.723746834159101e-07,0.32964301109313965,0.84576815366745,0.053318917751312256,0.39849206805229187,0.7454996109008789,0.06120975315570831,0.4541240632534027,0.6889995336532593,0.0494820810854435,0.4921115040779114,0.650676965713501,0.036263395100831985,0.27579134702682495,0.5505149960517883,0.042355455458164215,0.3121485710144043,0.42017728090286255,0.027004022151231766,0.3305004835128784,0.32080528140068054,0.009192029945552349,0.33692899346351624,0.24026057124137878,-0.007835927419364452,0.24658575654029846,0.5643177032470703,-0.009222924709320068,0.4040619432926178,0.46815183758735657,-0.04449932277202606,0.48718369007110596,0.5303971767425537,-0.06164470314979553,0.5128485560417175,0.6054612398147583,-0.0661083534359932,0.2469201236963272,0.6064147353172302,-0.05756812170147896,0.40264320373535156,0.5149598121643066,-0.08778116852045059,0.47609370946884155,0.5798323750495911,-0.08083128929138184,0.4964213967323303,0.6485994458198547,-0.06907085329294205,0.26786747574806213,0.6632249355316162,-0.10279891639947891,0.3876228332519531,0.5931657552719116,-0.11604069173336029,0.4399604797363281,0.6267103552818298,-0.10080838948488235,0.4586164355278015,0.6725454330444336,-0.08619275689125061
D,0.20855411887168884,0.9645925164222717,2.8574629595823353e-07,0.32350632548332214,0.8500427007675171,0.04916960746049881,0.3939456641674042,0.7459056377410889,0.054041970521211624,0.45143184065818787,0.6872011423110962,0.039522722363471985,0.4877161383628845,0.6431686878204346,0.023236490786075592,0.27732667326927185,0.5566898584365845,0.042690277099609375,0.3106159567832947,0.42082738876342773,0.028913475573062897,0.33084002137184143,0.3194045126438141,0.01346738450229168,0.3405197262763977,0.23884403705596924,-0.0015832122880965471,0.2506020963191986,0.5675755739212036,-0.007257708348333836,0.3985097408294678,0.4689375162124634,-0.04046976566314697,0.48140856623649597,0.5264002084732056,-0.05737343803048134,0.5083402991294861,0.5978251099586487,-0.061598051339387894,0.2476932257413864,0.6076942086219788,-0.05454150214791298,0.39458614587783813,0.512977123260498,-0.08250988274812698,0.4711988568305969,0.569820761680603,-0.07681316137313843,0.4943527579307556,0.6336204409599304,-0.06621312350034714,0.26282840967178345,0.6671338677406311,-0.09909269958734512,0.376697838306427,0.5932414531707764,-0.11121086031198502,0.4377424120903015,0.6174643039703369,-0.09689319133758545,0.46288490295410156,0.6577603816986084,-0.08285250514745712
D,0.21067506074905396,0.9542028903961182,2.975356210299651e-07,0.32773151993751526,0.8373959064483643,0.0534592941403389,0.39495977759361267,0.7393196225166321,0.05820685997605324,0.4507879614830017,0.6843550801277161,0.04227498918771744,0.4828237295150757,0.6407725214958191,0.024188894778490067,0.27199864387512207,0.5479444861412048,0.0437367707490921,0.30417338013648987,0.4175571799278259,0.028135284781455994,0.3260413110256195,0.31876805424690247,0.009916380047798157,0.33643749356269836,0.2396521270275116,-0.007480286527425051,0.24528124928474426,0.5605445504188538,-0.00949991773813963,0.40286320447921753,0.4657052159309387,-0.046820901334285736,0.4836806654930115,0.5288044214248657,-0.06610818207263947,0.5065224766731262,0.6016769409179688,-0.07151011377573013,0.2453143149614334,0.6019726395606995,-0.05957438796758652,0.3999464511871338,0.5085842609405518,-0.09098248928785324,0.4718853831291199,0.5730535984039307,-0.08501681685447693,0.48986613750457764,0.6403491497039795,-0.07378512620925903,0.2648879587650299,0.6602208018302917,-0.10650567710399628,0.3836138844490051,0.5918157696723938,-0.12205537408590317,0.43790942430496216,0.622697114944458,-0.10822852700948715,0.4571586847305298,0.6644135117530823,-0.09411809593439102
D,0.213600754737854,0.9539368152618408,1.5591663782288379e-07,0.3251410722732544,0.8429492712020874,0.05058857426047325,0.3919779658317566,0.7420011162757874,0.05727897584438324,0.44566982984542847,0.6852204203605652,0.045089032500982285,0.4830939769744873,0.6468772888183594,0.031649962067604065,0.27713271975517273,0.5434605479240417,0.03844035416841507,0.3090921938419342,0.4109766483306885,0.021171526983380318,0.3262050747871399,0.31025663018226624,0.0015994865680113435,0.3313869535923004,0.2292974889278412,-0.01661057211458683,0.24679803848266602,0.5583822131156921,-0.011705971322953701,0.4025939404964447,0.46488747000694275,-0.04904584586620331,0.4848700165748596,0.531059980392456,-0.06800422072410583,0.5096110105514526,0.6072960495948792,-0.0735318511724472,0.24646148085594177,0.601498544216156,-0.058722853660583496,0.3992479145526886,0.5123760104179382,-0.09058241546154022,0.47246310114860535,0.5796357989311218,-0.08544234186410904,0.49237358570098877,0.6479629874229431,-0.07492528110742569,0.2663458287715912,0.6589823365211487,-0.10271640866994858,0.38408738374710083,0.5923332571983337,-0.11803878098726273,0.4338913559913635,0.6272719502449036,-0.1046806275844574,0.4495628774166107,0.6708295941352844,-0.09126477688550949
D,0.21202866733074188,0.9608753323554993,1.7423691645035433e-07,0.3226785957813263,0.8504233360290527,0.047922588884830475,0.39254868030548096,0.7482579946517944,0.05349820852279663,0.44792142510414124,0.6898291110992432,0.04060405120253563,0.4906483292579651,0.6460625529289246,0.026387903839349747,0.27585750818252563,0.5581009387969971,0.03738538175821304,0.3123984932899475,0.4207618236541748,0.020897967740893364,0.33225569128990173,0.3184502422809601,0.003386310301721096,0.3389385938644409,0.2361818552017212,-0.012901975773274899,0.2460634410381317,0.5705989599227905,-0.011032741516828537,0.40358802676200867,0.4684593081474304,-0.04854832962155342,0.4857921302318573,0.5334036350250244,-0.0655532255768776,0.5088632106781006,0.60955411195755,-0.06910547614097595,0.2457408905029297,0.6105988025665283,-0.056548576802015305,0.400646448135376,0.515633225440979,-0.08905273675918579,0.4733041226863861,0.5823862552642822,-0.08183024078607559,0.4910222887992859,0.6517911553382874,-0.06906700879335403,0.2646995186805725,0.6657941937446594,-0.09924037754535675,0.3830086290836334,0.5911867618560791,-0.11450058966875076,0.4363807737827301,0.6228742003440857,-0.09987208247184753,0.4546672999858856,0.667026698589325,-0.08513230830430984
D,0.20681734383106232,0.9583449363708496,1.7100950344683952e-07,0.32247763872146606,0.8438551425933838,0.06635261327028275,0.39002174139022827,0.739897608757019,0.08111119270324707,0.44439876079559326,0.6795369386672974,0.07335951924324036,0.47640615701675415,0.6392134428024292,0.06339604407548904,0.2717639207839966,0.5489640235900879,0.06049371883273125,0.3076874911785126,0.4145272970199585,0.04991361126303673,0.3292131721973419,0.3122366964817047,0.03639378771185875,0.34053924679756165,0.23291778564453125,0.02217637188732624,0.24489134550094604,0.5629795789718628,0.00281521282158792,0.3976587653160095,0.4651341438293457,-0.031771302223205566,0.4812313914299011,0.5256316065788269,-0.04872823879122734,0.5090899467468262,0.601179838180542,-0.05178865045309067,0.24487122893333435,0.6037424802780151,-0.05124165490269661,0.3942297697067261,0.5083663463592529,-0.08115235716104507,0.47240149974823,0.5668475031852722,-0.07587873935699463,0.49798327684402466,0.6321175694465637,-0.06466638296842575,0.26415497064590454,0.6579619646072388,-0.10093044489622116,0.37847399711608887,0.5857363939285278,-0.11659752577543259,0.4375697672367096,0.6091166734695435,-0.10514585673809052,0.46495574712753296,0.6465609073638916,-0.0925370529294014
D,0.2044365108013153,0.9492599964141846,5.007547798641099e-08,0.3221946060657501,0.8348370790481567,0.08997081965208054,0.38935038447380066,0.7383267879486084,0.11499667912721634,0.44341927766799927,0.6819289922714233,0.11319921165704727,0.48033076524734497,0.6386352181434631,0.10796841979026794,0.27515262365341187,0.5439061522483826,0.08094472438097,0.3050467371940613,0.4130772352218628,0.07279588282108307,0.32609692215919495,0.31350165605545044,0.05979916825890541,0.3381769359111786,0.23732534050941467,0.04574934393167496,0.24907881021499634,0.5583933591842651,0.011713884770870209,0.3982621133327484,0.4651748538017273,-0.020882174372673035,0.48130282759666443,0.5289146304130554,-0.03455479070544243,0.5075721740722656,0.6069613099098206,-0.03550548106431961,0.24920204281806946,0.5983293056488037,-0.05287310481071472,0.3934619724750519,0.5052968859672546,-0.08312530070543289,0.46969321370124817,0.5679642558097839,-0.07399733364582062,0.49351072311401367,0.6357298493385315,-0.060052961111068726,0.26817309856414795,0.6467902660369873,-0.11114002019166946,0.38260069489479065,0.5787268877029419,-0.131589874625206,0.44555866718292236,0.6041423082351685,-0.12109439820051193,0.4760766625404358,0.6422603726387024,-0.1081995815038681
D,0.20618703961372375,0.9511202573776245,2.0091984254122508e-07,0.32229185104370117,0.8360219597816467,0.060451261699199677,0.39008188247680664,0.733364462852478,0.07153355330228806,0.4446151852607727,0.6739551424980164,0.061511073261499405,0.47642919421195984,0.6350786685943604,0.04911528527736664,0.26645413041114807,0.5437012314796448,0.04959767684340477,0.30047205090522766,0.415522038936615,0.03539440780878067,0.3219813406467438,0.3167508840560913,0.018460482358932495,0.33198216557502747,0.23739096522331238,0.0016388911753892899,0.238963782787323,0.5548200011253357,-0.005924143362790346,0.3987818956375122,0.4604388475418091,-0.043390415608882904,0.4813491702079773,0.526983916759491,-0.06190790608525276,0.5052878260612488,0.6035916805267334,-0.0662735179066658,0.2390100359916687,0.5951207876205444,-0.057820744812488556,0.39639419317245483,0.5031078457832336,-0.0907144546508789,0.4713975191116333,0.569299042224884,-0.08580315858125687,0.4913821816444397,0.6375731229782104,-0.07459448277950287,0.25863903760910034,0.6512466073036194,-0.10576498508453369,0.3780995309352875,0.5809980034828186,-0.12498840689659119,0.43778055906295776,0.6057784557342529,-0.11490897834300995,0.4638363718986511,0.6420491337776184,-0.10292667895555496
D,0.20639032125473022,0.9458808302879333,2.4204857140830427e-07,0.31853801012039185,0.8367497324943542,0.04905901849269867,0.39037519693374634,0.7355891466140747,0.0549297034740448,0.4463546872138977,0.6801912188529968,0.04153972864151001,0.48618245124816895,0.6430573463439941,0.026247413828969002,0.2708694040775299,0.5445506572723389,0.03921789303421974,0.30375632643699646,0.4097290337085724,0.02207878790795803,0.32293984293937683,0.3104422986507416,0.004622312728315592,0.3321533501148224,0.23134440183639526,-0.0118886549025774,0.242409348487854,0.5558575391769409,-0.01195528358221054,0.39793792366981506,0.46112310886383057,-0.0549401119351387,0.48013201355934143,0.5269725322723389,-0.07611126452684402,0.5061439275741577,0.6069126725196838,-0.08087208122015,0.24040773510932922,0.5955051183700562,-0.06032751873135567,0.391430526971817,0.5010706782341003,-0.09865154325962067,0.46702319383621216,0.5665766596794128,-0.09655776619911194,0.4899744987487793,0.6375718712806702,-0.08569969236850739,0.25718608498573303,0.6513805985450745,-0.1055430993437767,0.3742333948612213,0.5815148949623108,-0.1299952268600464,0.4370878338813782,0.6064752340316772,-0.12279242277145386,0.4661051630973816,0.645564615726471,-0.11161000281572342
D,0.20671038329601288,0.9483672976493835,2.65058105242133e-07,0.31829240918159485,0.8339117765426636,0.04497208073735237,0.38766852021217346,0.7328880429267883,0.047741856426000595,0.44271618127822876,0.6760972142219543,0.032254546880722046,0.4807603657245636,0.6401556730270386,0.015129294246435165,0.26896217465400696,0.5424855947494507,0.03362593799829483,0.29927927255630493,0.40870851278305054,0.016174471005797386,0.31909385323524475,0.3112075626850128,-0.0018777931109070778,0.3303197920322418,0.23255762457847595,-0.018617914989590645,0.24215209484100342,0.5547767281532288,-0.01603299006819725,0.3936803340911865,0.4618496894836426,-0.056148283183574677,0.47346100211143494,0.5240959525108337,-0.07652856409549713,0.4991382360458374,0.5994772911071777,-0.0818183422088623,0.24044281244277954,0.5966519117355347,-0.06301306188106537,0.3896111845970154,0.5106494426727295,-0.09745701402425766,0.46233996748924255,0.5728351473808289,-0.09424134343862534,0.4836207628250122,0.6383640766143799,-0.08379355072975159,0.2564416825771332,0.6560454368591309,-0.10740847885608673,0.3692153990268707,0.5877517461776733,-0.12460717558860779,0.42930614948272705,0.6125102639198303,-0.11264219880104065,0.45535242557525635,0.6518490314483643,-0.09937392175197601
D,0.20221059024333954,0.9517936706542969,1.7680763164662494e-07,0.3166618347167969,0.8403373956680298,0.05470186844468117,0.38460659980773926,0.7409449815750122,0.06336004287004471,0.43859773874282837,0.682167649269104,0.05257570371031761,0.48123687505722046,0.6494293212890625,0.03952525928616524,0.2659323811531067,0.548789381980896,0.041023071855306625,0.2987508773803711,0.41294366121292114,0.022731315344572067,0.32016485929489136,0.3100433349609375,0.0035054227337241173,0.33183780312538147,0.23053067922592163,-0.014120795764029026,0.23764005303382874,0.56184983253479,-0.012191545218229294,0.3928242325782776,0.4647079110145569,-0.0552683100104332,0.4760965406894684,0.5271350145339966,-0.07715997099876404,0.5027525424957275,0.6053197383880615,-0.0827965959906578,0.2367914915084839,0.6039901375770569,-0.06212031841278076,0.38669145107269287,0.5127212405204773,-0.10077384114265442,0.46395134925842285,0.5746439099311829,-0.1005236953496933,0.48885494470596313,0.6422211527824402,-0.0910150408744812,0.2533412277698517,0.6601862907409668,-0.10811708122491837,0.3649890124797821,0.5892825126647949,-0.13216902315616608,0.4264060854911804,0.6099157929420471,-0.1259186863899231,0.4564158618450165,0.6446064114570618,-0.11572219431400299
D,0.2145332545042038,0.9464266300201416,2.285929809886511e-07,0.3253074586391449,0.8360123038291931,0.04638194292783737,0.39405131340026855,0.7356205582618713,0.04950579255819321,0.4486849904060364,0.6782915592193604,0.0342244990170002,0.4816242456436157,0.6417710781097412,0.017445148900151253,0.27691155672073364,0.5394021272659302,0.03432457521557808,0.306883841753006,0.4072347581386566,0.016725098714232445,0.3251041769981384,0.30627918243408203,-0.002991758519783616,0.3320084512233734,0.22548136115074158,-0.02108960784971714,0.24621263146400452,0.5556424856185913,-0.014730907045304775,0.3981285095214844,0.46288400888442993,-0.05205077305436134,0.48012158274650574,0.5272436141967773,-0.07112106680870056,0.5048437118530273,0.6014413237571716,-0.0767572894692421,0.24467281997203827,0.59942227602005,-0.06088518723845482,0.3948279917240143,0.511094331741333,-0.09224914759397507,0.4685736298561096,0.5756025314331055,-0.08695429563522339,0.488482803106308,0.6430869102478027,-0.07649672776460648,0.2625417113304138,0.6577847599983215,-0.10447534173727036,0.38074177503585815,0.5905767679214478,-0.11859144270420074,0.4311629831790924,0.6266167759895325,-0.10423462837934494,0.44634810090065,0.6719520092010498,-0.09035391360521317
D,0.20992322266101837,0.9547773599624634,2.8302903842813976e-07,0.3212035894393921,0.8476501107215881,0.040013089776039124,0.3876391053199768,0.7438216209411621,0.041807904839515686,0.440609872341156,0.683638334274292,0.026859592646360397,0.4763619899749756,0.6463622450828552,0.011029311455786228,0.26751643419265747,0.5507035851478577,0.028528956696391106,0.3047941327095032,0.4169769883155823,0.008926707319915295,0.3258792459964752,0.3149838149547577,-0.011106000281870365,0.33275270462036133,0.2352573573589325,-0.029070738703012466,0.23756220936775208,0.5647669434547424,-0.017091432586312294,0.39617735147476196,0.4606882929801941,-0.06043977290391922,0.47941112518310547,0.5229456424713135,-0.0819423496723175,0.5037074089050293,0.5981469750404358,-0.08739262819290161,0.23793527483940125,0.6053009629249573,-0.06014353781938553,0.39376935362815857,0.5135733485221863,-0.09704042226076126,0.4672088623046875,0.5787643194198608,-0.09438115358352661,0.48580631613731384,0.6460877060890198,-0.08366324007511139,0.2576659917831421,0.6611392498016357,-0.10073035955429077,0.37990933656692505,0.5917949080467224,-0.11721644550561905,0.42841464281082153,0.6266037821769714,-0.10419465601444244,0.44073477387428284,0.6701772212982178,-0.09048034995794296
D,0.21443414688110352,0.9618777632713318,2.0464320016344573e-07,0.32625705003738403,0.844845175743103,0.04993228614330292,0.3923167586326599,0.7441613078117371,0.05614180862903595,0.4426497220993042,0.6864427328109741,0.043421532958745956,0.47523581981658936,0.641670823097229,0.029456686228513718,0.2773488163948059,0.5510232448577881,0.03870341181755066,0.3101540803909302,0.41648125648498535,0.021021192893385887,0.3296620547771454,0.3139100670814514,0.0014465239364653826,0.33788976073265076,0.23066970705986023,-0.01613106206059456,0.24708911776542664,0.565554678440094,-0.010958395898342133,0.4019266963005066,0.46840012073516846,-0.048241566866636276,0.482899010181427,0.5331732034683228,-0.06679989397525787,0.5070648193359375,0.6079350113868713,-0.07177876681089401,0.2457377314567566,0.6074209213256836,-0.05775054171681404,0.39959919452667236,0.5198166966438293,-0.08897311985492706,0.4698341488838196,0.5869730710983276,-0.08318442851305008,0.4875486493110657,0.6554021239280701,-0.0717708170413971,0.26346921920776367,0.6646541953086853,-0.10168805718421936,0.38143208622932434,0.5970114469528198,-0.113459512591362,0.4326159358024597,0.6310756802558899,-0.09774645417928696,0.4500083327293396,0.6753669381141663,-0.08284105360507965
D,0.2084304243326187,0.9575574398040771,2.223694508529661e-07,0.3205920457839966,0.8461117744445801,0.04776764288544655,0.39003175497055054,0.7439382672309875,0.05412376672029495,0.4441961944103241,0.6847905516624451,0.042387351393699646,0.47660744190216064,0.6430569887161255,0.029643507674336433,0.27292948961257935,0.5521912574768066,0.03686534985899925,0.3053593933582306,0.4154539704322815,0.0203620046377182,0.3260899782180786,0.3149833679199219,0.0025962037034332752,0.3358747363090515,0.23429134488105774,-0.013740118592977524,0.24227574467658997,0.566765308380127,-0.01198104489594698,0.39603346586227417,0.46791160106658936,-0.04866771772503853,0.47857794165611267,0.5314456820487976,-0.06678880751132965,0.5038028359413147,0.6048904061317444,-0.07171989977359772,0.23957857489585876,0.6073797941207886,-0.05810404196381569,0.3933623433113098,0.5183929204940796,-0.08964204788208008,0.4659861922264099,0.5831783413887024,-0.08494115620851517,0.484740674495697,0.6483263969421387,-0.07467716932296753,0.2562362849712372,0.6639140248298645,-0.1014261469244957,0.37556153535842896,0.5940531492233276,-0.11543796956539154,0.42921775579452515,0.626953125,-0.10158520191907883,0.44747522473335266,0.6702886819839478,-0.08801019191741943
D,0.20885662734508514,0.9591264724731445,2.2486840123292495e-07,0.32036346197128296,0.8444463610649109,0.05301378667354584,0.3878040313720703,0.7428000569343567,0.058664701879024506,0.44198304414749146,0.6842800974845886,0.04403579607605934,0.4770405888557434,0.642701268196106,0.027205292135477066,0.2738441228866577,0.5543810129165649,0.04247672110795975,0.3047822415828705,0.4169526696205139,0.028319645673036575,0.3259793519973755,0.31553491950035095,0.013053560629487038,0.3364042341709137,0.23477378487586975,-0.0015723475953564048,0.24593760073184967,0.5681363344192505,-0.008987760171294212,0.3953009247779846,0.4680682420730591,-0.04035591706633568,0.47592222690582275,0.5325679183006287,-0.05455721542239189,0.49889031052589417,0.6032930612564087,-0.057749804109334946,0.24443554878234863,0.6095873713493347,-0.05745132267475128,0.3943207263946533,0.5170376896858215,-0.08452534675598145,0.4657711684703827,0.5833195447921753,-0.07620777934789658,0.4811970591545105,0.6489596962928772,-0.06451244652271271,0.26149824261665344,0.6673024296760559,-0.10279659181833267,0.37623000144958496,0.5897996425628662,-0.11247839033603668,0.4300616681575775,0.6239902973175049,-0.09458913654088974,0.4464556872844696,0.6713752150535583,-0.07892199605703354
D,0.20505763590335846,0.9506323933601379,2.613434446629981e-07,0.3191337585449219,0.837195634841919,0.048668090254068375,0.3860551118850708,0.7398591041564941,0.052693840116262436,0.4402322769165039,0.6854317784309387,0.03779663145542145,0.47584882378578186,0.6435820460319519,0.020700674504041672,0.2737112045288086,0.545368492603302,0.034607190638780594,0.3055432140827179,0.4135424494743347,0.018554167822003365,0.3262770175933838,0.31551048159599304,0.0020633884705603123,0.337934285402298,0.23689430952072144,-0.013644853606820107,0.24638502299785614,0.5596449971199036,-0.016329415142536163,0.39683231711387634,0.4643932282924652,-0.05106503516435623,0.4762112498283386,0.5248562693595886,-0.06810959428548813,0.5012441277503967,0.5939637422561646,-0.07308262586593628,0.2434820830821991,0.6029032468795776,-0.0643395483493805,0.39136460423469543,0.5162426233291626,-0.09515155106782913,0.46481165289878845,0.575585126876831,-0.09015551954507828,0.4843192398548126,0.6376073360443115,-0.0802931934595108,0.25789326429367065,0.6643148064613342,-0.10949904471635818,0.3687571585178375,0.592857301235199,-0.124201700091362,0.4286279082298279,0.6188631653785706,-0.11019046604633331,0.4523143172264099,0.6596395969390869,-0.09661377966403961
D,0.21187150478363037,0.9548425078392029,1.8399354928533285e-07,0.3235051929950714,0.8415087461471558,0.04843574017286301,0.39096328616142273,0.7404727935791016,0.0513891763985157,0.4448321461677551,0.6820877194404602,0.034786343574523926,0.4838176965713501,0.6417620778083801,0.01587272435426712,0.2749391496181488,0.5437459349632263,0.033443957567214966,0.31014275550842285,0.4112740457057953,0.016111744567751884,0.3305060863494873,0.31108227372169495,-0.0018703802488744259,0.3374387323856354,0.2304489016532898,-0.018958929926156998,0.24508443474769592,0.5569994449615479,-0.01779867149889469,0.402776837348938,0.4660854637622833,-0.05540439486503601,0.4834527373313904,0.5352959036827087,-0.07265271246433258,0.5048359632492065,0.6092309355735779,-0.0774780735373497,0.24308986961841583,0.6000389456748962,-0.06593046337366104,0.39814555644989014,0.5155513286590576,-0.0992894172668457,0.4700521230697632,0.587372362613678,-0.09217053651809692,0.48612916469573975,0.6568010449409485,-0.08031366765499115,0.25969523191452026,0.6596229672431946,-0.11122812330722809,0.37924572825431824,0.5891801118850708,-0.12681075930595398,0.43303248286247253,0.6265125274658203,-0.1108916848897934,0.44944125413894653,0.6744092702865601,-0.09583960473537445
D,0.2116614282131195,0.9561898112297058,1.994060454535429e-07,0.32358962297439575,0.8420358896255493,0.052201319485902786,0.3901928961277008,0.7417786717414856,0.059357669204473495,0.4430525302886963,0.683965265750885,0.046380382031202316,0.4761248528957367,0.6440367698669434,0.031619466841220856,0.27738022804260254,0.5468085408210754,0.04435430467128754,0.30936962366104126,0.4124445915222168,0.029888952150940895,0.3286258280277252,0.3125966191291809,0.013539673760533333,0.33795565366744995,0.23232629895210266,-0.002247436670586467,0.24653498828411102,0.5613691806793213,-0.00773324491456151,0.3986750841140747,0.4701802730560303,-0.04295967146754265,0.47988420724868774,0.534460186958313,-0.060241155326366425,0.5058798789978027,0.6078087091445923,-0.06475905328989029,0.24275770783424377,0.6034868359565735,-0.05716864392161369,0.3953368067741394,0.5208052396774292,-0.08821123838424683,0.4678817391395569,0.587887167930603,-0.08227001875638962,0.48745197057724,0.6543323993682861,-0.07114328444004059,0.25894761085510254,0.6613714098930359,-0.10368484258651733,0.37674352526664734,0.5925894379615784,-0.11794161051511765,0.4311663806438446,0.6253750324249268,-0.10349078476428986,0.4509166479110718,0.6687121987342834,-0.08935413509607315
D,0.21907931566238403,0.9560356140136719,2.7617807063506916e-07,0.330130398273468,0.8436591625213623,0.04681861773133278,0.3933776617050171,0.7450813055038452,0.04991977661848068,0.4445551335811615,0.6881430745124817,0.03345318138599396,0.4809255599975586,0.6463145017623901,0.015400348231196404,0.2749059796333313,0.5485636591911316,0.03929724544286728,0.3102410137653351,0.41673463582992554,0.021378077566623688,0.3310203552246094,0.3137364685535431,0.0015594064025208354,0.34063008427619934,0.2309223711490631,-0.016608092933893204,0.24559900164604187,0.5605443716049194,-0.011026386171579361,0.40019652247428894,0.4676705002784729,-0.05162079259753227,0.4833604693412781,0.533230721950531,-0.07266067713499069,0.5101810097694397,0.6112195253372192,-0.07820910960435867,0.24495527148246765,0.6018102765083313,-0.05879403278231621,0.39853018522262573,0.5180495977401733,-0.09299073368310928,0.47318053245544434,0.5850900411605835,-0.08843645453453064,0.4937552809715271,0.6556891798973083,-0.07673512399196625,0.2631351351737976,0.658993124961853,-0.10405231267213821,0.3809504508972168,0.5916493535041809,-0.11836624890565872,0.43655335903167725,0.6237651705741882,-0.1032181829214096,0.4574543237686157,0.6685424447059631,-0.08785521984100342
D,0.21528033912181854,0.9615486860275269,2.0532199584977207e-07,0.3282562494277954,0.8449895977973938,0.05414965748786926,0.39277443289756775,0.74440997838974,0.06089157238602638,0.4438123106956482,0.6857994198799133,0.04691462963819504,0.47495752573013306,0.6455906629562378,0.030754897743463516,0.27769735455513,0.5497168302536011,0.04443321377038956,0.31285759806632996,0.4186057150363922,0.027626661583781242,0.3341864347457886,0.3162202835083008,0.008262641727924347,0.3419005870819092,0.23359724879264832,-0.009517763741314411,0.24725410342216492,0.563454270362854,-0.008347715251147747,0.3993437588214874,0.467113733291626,-0.044613130390644073,0.4813954830169678,0.5313570499420166,-0.06261087954044342,0.5048187375068665,0.606042206287384,-0.06724588572978973,0.2451673299074173,0.6054142713546753,-0.058082275092601776,0.39676353335380554,0.5169327259063721,-0.08912008255720139,0.4703630208969116,0.5838029980659485,-0.08213914930820465,0.48810192942619324,0.6535112261772156,-0.06971465796232224,0.262409508228302,0.6628420352935791,-0.10480377823114395,0.37987199425697327,0.5905311703681946,-0.11732781678438187,0.4358101487159729,0.6228206753730774,-0.100841224193573,0.4555801451206207,0.6686161160469055,-0.08506201952695847
D,0.2217797040939331,0.9620824456214905,2.1509512748707493e-07,0.33112576603889465,0.8465673327445984,0.04605316370725632,0.39514830708503723,0.7450933456420898,0.04818721488118172,0.44724053144454956,0.6856111288070679,0.030849521979689598,0.4845374524593353,0.648038387298584,0.011641362681984901,0.2810869812965393,0.5491270422935486,0.03447367250919342,0.31814101338386536,0.4167934060096741,0.01542685180902481,0.3373472988605499,0.3173893690109253,-0.003294469090178609,0.3445897102355957,0.23578953742980957,-0.02053109183907509,0.2515725791454315,0.5620070099830627,-0.015918681398034096,0.400676965713501,0.47045210003852844,-0.05607544258236885,0.4826752245426178,0.5357376933097839,-0.07367237657308578,0.5086494088172913,0.6104401350021362,-0.07733131945133209,0.24790075421333313,0.6042933464050293,-0.06382632255554199,0.3984536826610565,0.5239280462265015,-0.0987921729683876,0.47228512167930603,0.5926282405853271,-0.09141102433204651,0.49203601479530334,0.6635977625846863,-0.07760558277368546,0.26245951652526855,0.6637743711471558,-0.10947693884372711,0.3763634264469147,0.5951108932495117,-0.1257980614900589,0.4352051019668579,0.625035285949707,-0.11093487590551376,0.4590287208557129,0.670393705368042,-0.09535294771194458
D,0.21640081703662872,0.9642574787139893,1.958663204959521e-07,0.3294532895088196,0.8468257784843445,0.047181352972984314,0.3947847783565521,0.7436885833740234,0.05019018054008484,0.44763293862342834,0.6832236647605896,0.03293127566576004,0.4808499813079834,0.6433697938919067,0.013615691103041172,0.28431427478790283,0.5494104027748108,0.040471021085977554,0.3216527998447418,0.4127079248428345,0.02344908006489277,0.3434419631958008,0.3124079704284668,0.0049753268249332905,0.35009193420410156,0.23078632354736328,-0.01232943031936884,0.25377577543258667,0.5634052157402039,-0.01023667398840189,0.39946383237838745,0.46731704473495483,-0.04745858162641525,0.48170846700668335,0.5329480171203613,-0.06581931561231613,0.5052652359008789,0.6066861152648926,-0.07111842930316925,0.24987438321113586,0.6057357788085938,-0.058636363595724106,0.39627882838249207,0.5155242681503296,-0.0906481221318245,0.470592200756073,0.5842140913009644,-0.08421502262353897,0.489172101020813,0.6557988524436951,-0.07253322005271912,0.2644433379173279,0.6644248366355896,-0.10478305071592331,0.3780044615268707,0.5925469994544983,-0.1191488653421402,0.4353290796279907,0.6242353320121765,-0.10450513660907745,0.45626217126846313,0.6708685755729675,-0.09015972167253494
D,0.21624179184436798,0.9600135087966919,1.6817458003970387e-07,0.32644450664520264,0.8470641374588013,0.04687200114130974,0.39437177777290344,0.7470743656158447,0.0491383895277977,0.4483834505081177,0.6889886856079102,0.03110354021191597,0.4867004156112671,0.6499353051185608,0.011096592992544174,0.2820570766925812,0.5533000230789185,0.0381501168012619,0.3172719180583954,0.4165893495082855,0.01961844228208065,0.33593347668647766,0.3130490779876709,0.0011683828197419643,0.34011706709861755,0.23066440224647522,-0.015691399574279785,0.25229138135910034,0.5643887519836426,-0.012230131775140762,0.40441781282424927,0.47624504566192627,-0.04907689243555069,0.4855895936489105,0.5453375577926636,-0.06519096344709396,0.5071811676025391,0.6177411675453186,-0.06891931593418121,0.249126598238945,0.6041513085365295,-0.06033249944448471,0.39932823181152344,0.5183700919151306,-0.09379909932613373,0.4728105664253235,0.5914756059646606,-0.08560459315776825,0.4911330044269562,0.6636002659797668,-0.07210385054349899,0.2648351788520813,0.6601634621620178,-0.10604601353406906,0.38137805461883545,0.590157151222229,-0.12203789502382278,0.43816938996315,0.6272578835487366,-0.10597759485244751,0.45835182070732117,0.6769095063209534,-0.08986788243055344
D,0.2154647409915924,0.9598518013954163,2.4351544425371685e-07,0.32670721411705017,0.8457286357879639,0.048781946301460266,0.3904544711112976,0.7433527708053589,0.05284050107002258,0.44060638546943665,0.6866111159324646,0.03715972229838371,0.4776746928691864,0.646385133266449,0.019537512212991714,0.27645617723464966,0.547145426273346,0.03769320249557495,0.3111140727996826,0.41213682293891907,0.01932317204773426,0.33273109793663025,0.3095041811466217,0.0008999260608106852,0.3435603380203247,0.22771233320236206,-0.0158656258136034,0.24668380618095398,0.5576874017715454,-0.013985923491418362,0.39911407232284546,0.4670531749725342,-0.0534747876226902,0.4799237847328186,0.5343001484870911,-0.07138191908597946,0.504285454750061,0.6125237345695496,-0.07499164342880249,0.24408569931983948,0.5993926525115967,-0.06301255524158478,0.3954794108867645,0.5151176452636719,-0.0975051075220108,0.4699714481830597,0.5824993252754211,-0.0905393734574318,0.48940858244895935,0.652797281742096,-0.07714363932609558,0.26055780053138733,0.6593959331512451,-0.1093650832772255,0.37757495045661926,0.5880681276321411,-0.12534791231155396,0.4380195140838623,0.618045449256897,-0.10951832681894302,0.4619927406311035,0.6624016761779785,-0.09327036887407303
D,0.22151830792427063,0.9568183422088623,2.5393791247552144e-07,0.3308854401111603,0.8471026420593262,0.041326843202114105,0.39568182826042175,0.745624303817749,0.04071525111794472,0.4496346116065979,0.6868909001350403,0.021443840116262436,0.4925239682197571,0.6532548069953918,0.000326466397382319,0.2759730815887451,0.5501688122749329,0.03034050390124321,0.3134823739528656,0.41645336151123047,0.009805141016840935,0.3337916135787964,0.31457799673080444,-0.010831242427229881,0.34005361795425415,0.2331884205341339,-0.029900552704930305,0.24665042757987976,0.5630112886428833,-0.01851150393486023,0.4015440046787262,0.4721771478652954,-0.06123590096831322,0.48449674248695374,0.5401226878166199,-0.08111761510372162,0.5089442133903503,0.6148043274879456,-0.08651435375213623,0.24441483616828918,0.6047039031982422,-0.06512335687875748,0.395234614610672,0.5205032825469971,-0.1024375855922699,0.47138726711273193,0.5892093181610107,-0.09651850908994675,0.4925699234008789,0.6591272354125977,-0.08406208455562592,0.2600821256637573,0.6640439033508301,-0.10967309027910233,0.3762623071670532,0.5952392816543579,-0.12902946770191193,0.4345373511314392,0.6263614892959595,-0.11556985974311829,0.4575013518333435,0.6707620620727539,-0.1011410504579544
D,0.22054839134216309,0.9623845815658569,1.9576089016482e-07,0.33131200075149536,0.8443520069122314,0.05047636851668358,0.39362120628356934,0.7441501021385193,0.054688114672899246,0.4433266818523407,0.6864786148071289,0.03869926184415817,0.47945961356163025,0.6456120610237122,0.02075490914285183,0.27890118956565857,0.5511868596076965,0.0377727709710598,0.3164016008377075,0.4168204367160797,0.02011903189122677,0.33645129203796387,0.31474509835243225,0.0026576637756079435,0.34493669867515564,0.23234882950782776,-0.013939647004008293,0.2493448406457901,0.562913179397583,-0.015106511302292347,0.40368080139160156,0.46890538930892944,-0.05403398349881172,0.48362088203430176,0.5379628539085388,-0.07051388174295425,0.506390392780304,0.6147463917732239,-0.07384447008371353,0.246169313788414,0.6038792133331299,-0.06528948992490768,0.3999203145503998,0.5193115472793579,-0.09898725897073746,0.4722486138343811,0.5900352001190186,-0.09073228389024734,0.4892250895500183,0.6613535284996033,-0.07719462364912033,0.26182883977890015,0.6629871129989624,-0.1128632128238678,0.37656256556510925,0.5908284187316895,-0.12858717143535614,0.43619781732559204,0.6186790466308594,-0.11338140070438385,0.45959076285362244,0.6617291569709778,-0.0982835441827774
D,0.21318787336349487,0.9641501903533936,2.4574879375904857e-07,0.3266505002975464,0.8436182737350464,0.05920124799013138,0.3899611830711365,0.7404849529266357,0.06740454584360123,0.44237640500068665,0.6806057691574097,0.052835941314697266,0.4772917628288269,0.6410106420516968,0.035330526530742645,0.26395314931869507,0.5523507595062256,0.052980538457632065,0.3010016679763794,0.42111390829086304,0.036374177783727646,0.32670557498931885,0.318551242351532,0.018329063430428505,0.3408360779285431,0.23906099796295166,0.0009409304475411773,0.23781242966651917,0.5626476407051086,-0.004828326404094696,0.39288029074668884,0.4638978838920593,-0.04821217805147171,0.47598087787628174,0.5302926301956177,-0.06923026591539383,0.5008800625801086,0.6121520400047302,-0.07373462617397308,0.23824021220207214,0.6005927324295044,-0.05971195176243782,0.38844072818756104,0.5068537592887878,-0.09762625396251678,0.4658735990524292,0.5729013085365295,-0.09365701675415039,0.4883876442909241,0.6465024948120117,-0.08144694566726685,0.25657618045806885,0.6551727056503296,-0.11100487411022186,0.37275832891464233,0.5814269185066223,-0.13265052437782288,0.43776369094848633,0.6093401908874512,-0.12213991582393646,0.46823424100875854,0.6547537446022034,-0.10904385149478912
D,0.2064431607723236,0.9684786796569824,1.8615098440477595e-07,0.3211253583431244,0.8470808267593384,0.06488946080207825,0.3850993812084198,0.7419953346252441,0.07697497308254242,0.43845444917678833,0.679637610912323,0.06550332903862,0.4715742766857147,0.6412028670310974,0.050981681793928146,0.2637714445590973,0.5542035698890686,0.06023833900690079,0.3008951246738434,0.42041701078414917,0.04820377379655838,0.3245790898799896,0.31854620575904846,0.03318754956126213,0.33650845289230347,0.23755621910095215,0.017581583932042122,0.23806685209274292,0.5650244951248169,0.0016446526860818267,0.38788971304893494,0.46182501316070557,-0.033022474497556686,0.4702126979827881,0.5254136323928833,-0.049366749823093414,0.4949686825275421,0.6037662625312805,-0.053032707422971725,0.2380562126636505,0.6025233268737793,-0.05372371897101402,0.3881898522377014,0.5058193802833557,-0.08312228322029114,0.4626532196998596,0.5702497959136963,-0.07575132697820663,0.4826911985874176,0.6412087082862854,-0.06374125182628632,0.25676199793815613,0.6572532653808594,-0.10533076524734497,0.37400758266448975,0.577968180179596,-0.11854078620672226,0.4349493384361267,0.6087861657142639,-0.10378022491931915,0.46013617515563965,0.6569609642028809,-0.08971863985061646
D,0.2118287980556488,0.9629520177841187,1.3541699672714458e-07,0.32551896572113037,0.8450522422790527,0.06789292395114899,0.390438437461853,0.7453166842460632,0.07895682752132416,0.44538265466690063,0.6871488094329834,0.06468468904495239,0.4842245876789093,0.6466187834739685,0.04644666984677315,0.27744078636169434,0.5517064332962036,0.061290960758924484,0.31282225251197815,0.41479042172431946,0.04852199926972389,0.33285799622535706,0.3113722801208496,0.03478192538022995,0.33948490023612976,0.23053058981895447,0.020110171288251877,0.24756211042404175,0.5660735368728638,-0.0009512252872809768,0.3964143991470337,0.4669356942176819,-0.03905270993709564,0.4784393906593323,0.5358214974403381,-0.05470410734415054,0.5019752383232117,0.614625871181488,-0.056549299508333206,0.243079274892807,0.6075085401535034,-0.060052335262298584,0.38939788937568665,0.5113465785980225,-0.09550262987613678,0.46675437688827515,0.5807812809944153,-0.08657430112361908,0.4885612726211548,0.6544361114501953,-0.07168707996606827,0.25700801610946655,0.6628203988075256,-0.1149481013417244,0.36982351541519165,0.5853893756866455,-0.13635790348052979,0.4334084987640381,0.6139944195747375,-0.123790442943573,0.46206313371658325,0.6585224270820618,-0.10945388674736023
D,0.20891180634498596,0.9619013071060181,2.0116142707138351e-07,0.32352665066719055,0.8395339250564575,0.06462326645851135,0.3883536458015442,0.7396488189697266,0.07251850515604019,0.44335076212882996,0.6807529926300049,0.0558524988591671,0.47520825266838074,0.6366389393806458,0.035828642547130585,0.2713063061237335,0.5487316846847534,0.05669725313782692,0.3055802285671234,0.415329247713089,0.04150299355387688,0.3272365927696228,0.31476718187332153,0.024258557707071304,0.3384897708892822,0.2351231873035431,0.0071147712878882885,0.24491454660892487,0.5596294403076172,-0.005124757532030344,0.3944064974784851,0.4679790735244751,-0.04335303604602814,0.4735936224460602,0.5342080593109131,-0.06066129356622696,0.4968774914741516,0.611451268196106,-0.06474687904119492,0.2416636347770691,0.5986501574516296,-0.06398745626211166,0.3901591897010803,0.5104888677597046,-0.09643717855215073,0.4630906581878662,0.575425386428833,-0.08731019496917725,0.48259904980659485,0.6458109617233276,-0.07388418912887573,0.2563041150569916,0.6546188592910767,-0.11939974874258041,0.3706289231777191,0.5803810358047485,-0.1363234519958496,0.4339618682861328,0.6075441241264343,-0.12135952711105347,0.4624270498752594,0.6520782709121704,-0.10637007653713226
D,0.21047042310237885,0.9624508619308472,2.162798580229719e-07,0.3227772116661072,0.8465924263000488,0.053842075169086456,0.38865113258361816,0.742958664894104,0.06103897467255592,0.43971315026283264,0.681430459022522,0.04760502278804779,0.47386932373046875,0.6392172574996948,0.0317193940281868,0.2670649290084839,0.5520789623260498,0.04693509265780449,0.30824896693229675,0.4218321442604065,0.030547406524419785,0.33224818110466003,0.32012036442756653,0.011757010594010353,0.3427319824695587,0.23908159136772156,-0.00622173398733139,0.23883217573165894,0.5621370673179626,-0.006254343315958977,0.3938159942626953,0.4645388126373291,-0.04450076445937157,0.4757465124130249,0.5305042862892151,-0.06403714418411255,0.49963751435279846,0.6075707674026489,-0.0699627548456192,0.23802582919597626,0.6000116467475891,-0.0566648505628109,0.39055413007736206,0.5061721801757812,-0.09003927558660507,0.4657408893108368,0.5729899406433105,-0.08547420799732208,0.4868771433830261,0.644527018070221,-0.07505671679973602,0.25587576627731323,0.655400276184082,-0.1039133369922638,0.37355974316596985,0.581774115562439,-0.12095898389816284,0.4342793822288513,0.6128061413764954,-0.10856015235185623,0.4602775573730469,0.6591973900794983,-0.09576613456010818
D,0.2209286093711853,0.9807097911834717,2.198360249394682e-07,0.3377629518508911,0.8675360679626465,0.09729981422424316,0.4015357494354248,0.7681336998939514,0.1290624886751175,0.4580136835575104,0.7070865631103516,0.12613244354724884,0.497299462556839,0.6503224968910217,0.11819452047348022,0.2880166172981262,0.5802849531173706,0.1418781727552414,0.29652339220046997,0.44138291478157043,0.15253932774066925,0.3103756904602051,0.33954042196273804,0.14645697176456451,0.31505143642425537,0.26314082741737366,0.13227637112140656,0.27076956629753113,0.5840098857879639,0.06185571476817131,0.3895847499370575,0.47444748878479004,0.030835654586553574,0.4813450872898102,0.5337364673614502,0.000991885899566114,0.5138267874717712,0.6223249435424805,-0.01121992152184248,0.2630477547645569,0.6046715974807739,-0.016634009778499603,0.3826594948768616,0.5013538599014282,-0.04777710512280464,0.4684790372848511,0.5619643330574036,-0.05669323354959488,0.4995977282524109,0.6385819911956787,-0.05538923293352127,0.2705421447753906,0.6405355930328369,-0.08912652730941772,0.37014541029930115,0.5553033947944641,-0.11599794775247574,0.43829113245010376,0.5766939520835876,-0.11980807036161423,0.470174103975296,0.6225192546844482,-0.11831681430339813
D,0.21837779879570007,0.9773271083831787,2.699597132505005e-07,0.334775447845459,0.8635163307189941,0.10684739798307419,0.398163765668869,0.7675615549087524,0.13993526995182037,0.4549436569213867,0.709608793258667,0.13659007847309113,0.4943962097167969,0.6508767604827881,0.12803557515144348,0.2820702791213989,0.5744944214820862,0.14965346455574036,0.29221898317337036,0.43748852610588074,0.1653061807155609,0.3067660927772522,0.33529046177864075,0.16423684358596802,0.3112051486968994,0.25921493768692017,0.15391534566879272,0.2638182044029236,0.5800880789756775,0.06631989777088165,0.3827369213104248,0.4738638401031494,0.04604915529489517,0.47365689277648926,0.5362125635147095,0.02575097605586052,0.5069026350975037,0.6207988858222961,0.019022108986973763,0.2600851058959961,0.6017413139343262,-0.014986217021942139,0.38331931829452515,0.4983064830303192,-0.03390694409608841,0.4688705801963806,0.5617306232452393,-0.031255174428224564,0.49700212478637695,0.6372631788253784,-0.02452145703136921,0.2748376727104187,0.6386820673942566,-0.09033910930156708,0.3765365779399872,0.5562007427215576,-0.10683470964431763,0.43917974829673767,0.5751005411148071,-0.10289677232503891,0.46170902252197266,0.6153873205184937,-0.09727609157562256
D,0.2175663560628891,0.976669430732727,2.759869346391497e-07,0.3317766785621643,0.87261962890625,0.08058171719312668,0.401074081659317,0.7749519944190979,0.1045641154050827,0.46080929040908813,0.713889479637146,0.0989721417427063,0.5020791292190552,0.6548640727996826,0.09026789665222168,0.2898789346218109,0.5791823267936707,0.11999360471963882,0.301148921251297,0.43965739011764526,0.12460286170244217,0.315981388092041,0.3364870846271515,0.11534321308135986,0.3215743899345398,0.25863802433013916,0.10060610622167587,0.26871252059936523,0.5781559944152832,0.051506027579307556,0.3922400176525116,0.4710409641265869,0.018528901040554047,0.4838852882385254,0.5306651592254639,-0.009545598179101944,0.5176655650138855,0.6154438257217407,-0.020259788259863853,0.25785115361213684,0.5954117774963379,-0.016005782410502434,0.38287967443466187,0.4903249144554138,-0.04766036197543144,0.46714839339256287,0.5516378283500671,-0.053322985768318176,0.500238299369812,0.62661212682724,-0.04942760244011879,0.2633475661277771,0.6317418813705444,-0.07862263172864914,0.3693596124649048,0.5497322082519531,-0.1026751920580864,0.438912957906723,0.5699707865715027,-0.10252242535352707,0.4733354449272156,0.6108524203300476,-0.09783700853586197
D,0.21517552435398102,0.9767047762870789,3.18484808303765e-07,0.33165043592453003,0.8698157668113708,0.09968908876180649,0.3992987275123596,0.7719869017601013,0.13134659826755524,0.4600755274295807,0.7125624418258667,0.12850123643875122,0.5021185874938965,0.6528342962265015,0.1214008629322052,0.2899119257926941,0.5722827911376953,0.14445646107196808,0.3030999004840851,0.43066686391830444,0.15883412957191467,0.3186049163341522,0.3259679675102234,0.15547461807727814,0.3246510624885559,0.24696794152259827,0.1434914767742157,0.2680583894252777,0.5754914879798889,0.06617631763219833,0.39359188079833984,0.47031641006469727,0.044813062995672226,0.48561879992485046,0.5312444567680359,0.02185790427029133,0.5186794996261597,0.615190327167511,0.012831535190343857,0.25966113805770874,0.596723198890686,-0.010134859010577202,0.3857852518558502,0.4912591278553009,-0.03158504143357277,0.4710971713066101,0.5546744465827942,-0.03166371211409569,0.5018694996833801,0.6327148675918579,-0.02643696404993534,0.2696811556816101,0.6341209411621094,-0.08066864311695099,0.38042357563972473,0.5544691681861877,-0.09806964546442032,0.4492984712123871,0.5876016020774841,-0.09303240478038788,0.47949284315109253,0.6433897614479065,-0.08608710020780563
D,0.22013016045093536,0.9736923575401306,2.3967641027411446e-07,0.3352745473384857,0.8678393363952637,0.08907512575387955,0.401920348405838,0.7712817788124084,0.11879076808691025,0.46034562587738037,0.7109267711639404,0.11786901205778122,0.49842512607574463,0.6535224318504333,0.11331785470247269,0.29024481773376465,0.5716975927352905,0.132610484957695,0.3030582368373871,0.4323194622993469,0.14508065581321716,0.3177497088909149,0.3311906158924103,0.14033666253089905,0.32069194316864014,0.254614919424057,0.12889495491981506,0.26839643716812134,0.5731913447380066,0.06254181265830994,0.38988009095191956,0.4677618741989136,0.03679313883185387,0.4828493595123291,0.5305688977241516,0.01068025641143322,0.5185909867286682,0.6165346503257751,0.0012104152701795101,0.2584196925163269,0.591255784034729,-0.005803633481264114,0.3779442012310028,0.48572152853012085,-0.028777236118912697,0.4621838927268982,0.5476160645484924,-0.03168214112520218,0.4952656030654907,0.6218531131744385,-0.02693692408502102,0.2653461694717407,0.6254516243934631,-0.06904919445514679,0.35914549231529236,0.5311576724052429,-0.0858701765537262,0.4170325994491577,0.524054765701294,-0.08476794511079788,0.44146040081977844,0.5405271649360657,-0.08059316873550415
D,0.22126780450344086,0.9803073406219482,3.796450300797005e-07,0.3344806730747223,0.8793137073516846,0.08017322421073914,0.4044082462787628,0.778247058391571,0.10392022877931595,0.4681444764137268,0.7141969203948975,0.09679754078388214,0.5102503299713135,0.6534977555274963,0.08618636429309845,0.29552268981933594,0.570875346660614,0.1288304179906845,0.3067965507507324,0.42813169956207275,0.13622590899467468,0.3237864673137665,0.32041752338409424,0.1284729540348053,0.3318127393722534,0.24197983741760254,0.11454659700393677,0.27278220653533936,0.573431670665741,0.06008527800440788,0.3942279815673828,0.4598959684371948,0.03045010194182396,0.4902953505516052,0.5207395553588867,0.0017864091787487268,0.5286291837692261,0.6070940494537354,-0.00960924755781889,0.2612474858760834,0.5936960577964783,-0.008393598720431328,0.38875484466552734,0.48134273290634155,-0.04288174584507942,0.47874075174331665,0.5454787015914917,-0.054562389850616455,0.5151386857032776,0.6285289525985718,-0.05413386970758438,0.266245037317276,0.6331344246864319,-0.07146615535020828,0.3820909857749939,0.555051326751709,-0.09987659007310867,0.4583924412727356,0.5900453925132751,-0.10349398106336594,0.49705660343170166,0.6492159366607666,-0.10126958042383194
D,0.23798760771751404,1.0169682502746582,3.701795776578365e-07,0.36449190974235535,0.8815736770629883,0.09636624157428741,0.43855488300323486,0.7808889746665955,0.12384907156229019,0.4974551200866699,0.7237457633018494,0.11648727208375931,0.535699725151062,0.6677954196929932,0.10512329638004303,0.31486132740974426,0.5670850276947021,0.15021848678588867,0.32873499393463135,0.421744167804718,0.15652503073215485,0.3487119972705841,0.31287214159965515,0.13976888358592987,0.3565289378166199,0.22951191663742065,0.117964968085289,0.2827908396720886,0.577517569065094,0.0709977075457573,0.3868807554244995,0.45593973994255066,0.03853905573487282,0.4862160086631775,0.51523756980896,-0.0007504430250264704,0.5268265604972839,0.6054731607437134,-0.02112480066716671,0.27094587683677673,0.6057778596878052,-0.006999483332037926,0.39164483547210693,0.48412856459617615,-0.03689844161272049,0.4899333715438843,0.5408816337585449,-0.05264849588274956,0.5311574339866638,0.6225420236587524,-0.05776352435350418,0.2819375693798065,0.6519670486450195,-0.0789092630147934,0.39628997445106506,0.5644146203994751,-0.09850449860095978,0.4730359613895416,0.5994628667831421,-0.09884332865476608,0.5108713507652283,0.6624721884727478,-0.09692282229661942
D,0.232293963432312,0.9633981585502625,1.765985615520549e-07,0.3603980243206024,0.8345205187797546,0.08212874084711075,0.42992547154426575,0.7205674052238464,0.10943196713924408,0.4896169602870941,0.6502211093902588,0.11180602014064789,0.5488705635070801,0.610422670841217,0.11178982257843018,0.31022509932518005,0.5087887048721313,0.08947162330150604,0.3446793854236603,0.3443445861339569,0.08902452886104584,0.36719974875450134,0.22705191373825073,0.08037113398313522,0.3800452649593353,0.13751214742660522,0.06799361854791641,0.28140804171562195,0.5147721767425537,0.02967699244618416,0.4476824998855591,0.4004973769187927,0.003748795483261347,0.5409376621246338,0.46766042709350586,-0.013318621553480625,0.5738650560379028,0.553203284740448,-0.01867542415857315,0.27859747409820557,0.5509556531906128,-0.02594093605875969,0.443997323513031,0.429390013217926,-0.050310224294662476,0.5243709087371826,0.4963842034339905,-0.049299173057079315,0.555214524269104,0.5752541422843933,-0.0430716872215271,0.29538559913635254,0.6040441393852234,-0.07535994052886963,0.4279896020889282,0.5271745324134827,-0.0921323150396347,0.4978971481323242,0.5528343915939331,-0.08714521676301956,0.5346817970275879,0.5956017374992371,-0.07968023419380188
D,0.2227567732334137,0.951392412185669,2.130411473899585e-07,0.356832355260849,0.8231589794158936,0.08590134233236313,0.43082186579704285,0.7075868248939514,0.11247709393501282,0.494872510433197,0.6383806467056274,0.11233613640069962,0.5597928762435913,0.5968595147132874,0.10938764363527298,0.302435040473938,0.4850538671016693,0.09110255539417267,0.34314391016960144,0.3248748481273651,0.09115604311227798,0.36883676052093506,0.20653104782104492,0.08302225917577744,0.3820914924144745,0.11423540115356445,0.0704144686460495,0.2738538980484009,0.4882490336894989,0.0265594944357872,0.45319464802742004,0.37563788890838623,-0.003458406077697873,0.5518521070480347,0.4515489339828491,-0.021883133798837662,0.5837364196777344,0.5431498885154724,-0.02633083425462246,0.2726898193359375,0.5248428583145142,-0.03307705745100975,0.44985026121139526,0.4063282608985901,-0.0596717931330204,0.5352126955986023,0.48022133111953735,-0.05706723779439926,0.5642852187156677,0.563126802444458,-0.048314135521650314,0.29084503650665283,0.5791819095611572,-0.08638795465230942,0.42785829305648804,0.4973693788051605,-0.10296842455863953,0.5011613368988037,0.5252952575683594,-0.09493636339902878,0.5385489463806152,0.572514533996582,-0.0846608504652977
D,0.23621754348278046,0.9579201936721802,1.92009707689067e-07,0.3657042682170868,0.823906421661377,0.10384770482778549,0.43900200724601746,0.7147600650787354,0.140345960855484,0.5015034675598145,0.6472479701042175,0.14705890417099,0.5692737102508545,0.6105481386184692,0.151316836476326,0.3118719756603241,0.4929991066455841,0.1184983029961586,0.3458431363105774,0.32787278294563293,0.12938033044338226,0.36926546692848206,0.20853859186172485,0.12546952068805695,0.3809381425380707,0.11347398161888123,0.11541301012039185,0.282315731048584,0.4981634020805359,0.04978059232234955,0.4565037488937378,0.391631543636322,0.03485308215022087,0.5565451383590698,0.4623115062713623,0.018843717873096466,0.591031551361084,0.551298975944519,0.013821524567902088,0.2843795120716095,0.5364809036254883,-0.012785554863512516,0.4559280574321747,0.42262914776802063,-0.024576770141720772,0.5426961183547974,0.4932042956352234,-0.020769735798239708,0.5761269927024841,0.5763606429100037,-0.01379514578729868,0.3097180128097534,0.5869015455245972,-0.06789269298315048,0.4458504617214203,0.5120112299919128,-0.07105895131826401,0.5178243517875671,0.5436426997184753,-0.058974653482437134,0.557321310043335,0.5956827998161316,-0.047203488647937775
D,0.23437266051769257,0.9586399793624878,3.11374293460176e-07,0.3649391531944275,0.8249925374984741,0.08457504212856293,0.43762636184692383,0.7073278427124023,0.11075834184885025,0.5038625001907349,0.6373412609100342,0.10971532016992569,0.572726845741272,0.6022342443466187,0.10597172379493713,0.297160804271698,0.48435986042022705,0.095389723777771,0.3356245160102844,0.3195038139820099,0.0949120819568634,0.3628018796443939,0.19525933265686035,0.08453254401683807,0.3757341504096985,0.09883856773376465,0.0707605704665184,0.2693316638469696,0.48962050676345825,0.032148174941539764,0.44690895080566406,0.3675490915775299,0.0012915247352793813,0.5496476292610168,0.4426777958869934,-0.019337836652994156,0.5838361382484436,0.53807532787323,-0.023962151259183884,0.27496474981307983,0.5281221866607666,-0.02626740001142025,0.4496917724609375,0.40118372440338135,-0.05251062661409378,0.53798508644104,0.47430500388145447,-0.05016753822565079,0.5696585178375244,0.561363697052002,-0.04056122899055481,0.3025684654712677,0.5829353928565979,-0.07868167757987976,0.4463869333267212,0.5013660788536072,-0.09272315353155136,0.5187767744064331,0.5352126955986023,-0.08273913711309433,0.5554451942443848,0.5900543332099915,-0.070564404129982
D,0.22838225960731506,0.9771478176116943,1.2455338982420017e-08,0.35761892795562744,0.8411511182785034,0.06696873903274536,0.4307122230529785,0.7249628305435181,0.0838860347867012,0.495737224817276,0.6522407531738281,0.07794172316789627,0.5585877895355225,0.6135602593421936,0.06960456818342209,0.3040006756782532,0.5120229125022888,0.06511223316192627,0.34711816906929016,0.34699100255966187,0.05621231719851494,0.36385804414749146,0.2365427315235138,0.04415576159954071,0.3619992434978485,0.15235009789466858,0.03054034896194935,0.2661658227443695,0.5109133124351501,0.006749911233782768,0.44683417677879333,0.39268314838409424,-0.035596515983343124,0.5429957509040833,0.4647555351257324,-0.05817364901304245,0.573749303817749,0.5543891191482544,-0.06398919969797134,0.2514813244342804,0.538165271282196,-0.04812933877110481,0.41761308908462524,0.40589410066604614,-0.08327406644821167,0.49980461597442627,0.4720342457294464,-0.08472223579883575,0.5305563807487488,0.54991215467453,-0.07721275836229324,0.2557763159275055,0.5775848031044006,-0.09860885888338089,0.34716513752937317,0.44812238216400146,-0.1207975521683693,0.39472904801368713,0.4292665123939514,-0.11924035102128983,0.41838282346725464,0.4409598112106323,-0.11334510147571564
D,0.22824923694133759,0.9719212651252747,8.537800511021487e-08,0.3612968921661377,0.8425538539886475,0.09438878297805786,0.4392513930797577,0.7285474538803101,0.12144157290458679,0.5041086673736572,0.6639163494110107,0.11916424334049225,0.5631054043769836,0.6248285174369812,0.11322348564863205,0.3087299168109894,0.5023284554481506,0.092337466776371,0.32176756858825684,0.3473876118659973,0.09058935940265656,0.3261863887310028,0.2314726710319519,0.08085174858570099,0.31714051961898804,0.1434629261493683,0.06739978492259979,0.28075703978538513,0.5117876529693604,0.019981196150183678,0.4582406282424927,0.40656962990760803,-0.009352056309580803,0.5591087937355042,0.4818011522293091,-0.025352418422698975,0.5890645980834961,0.5722231864929199,-0.028506610542535782,0.2788524031639099,0.5504379272460938,-0.04715513810515404,0.45700013637542725,0.4433635175228119,-0.07492601871490479,0.5476068258285522,0.5223520994186401,-0.06611582636833191,0.5768308639526367,0.6042800545692444,-0.053137268871068954,0.29961487650871277,0.6049103736877441,-0.1078413873910904,0.4329456090927124,0.5198261737823486,-0.12707138061523438,0.5072330832481384,0.5538503527641296,-0.11440776288509369,0.5450224280357361,0.6052562594413757,-0.09985964000225067
D,0.2356642335653305,0.9838259220123291,1.7780365624275873e-07,0.3661480247974396,0.8545339107513428,0.07542181015014648,0.4438093900680542,0.7391059994697571,0.09144750237464905,0.50873863697052,0.6745614409446716,0.08140689879655838,0.5707991123199463,0.6323046088218689,0.06906434893608093,0.310311496257782,0.5155463814735413,0.07414497435092926,0.32539814710617065,0.3586564064025879,0.06637559831142426,0.32917043566703796,0.23763933777809143,0.05246670916676521,0.3208248019218445,0.1449792981147766,0.03661172464489937,0.2823271155357361,0.5225388407707214,0.010905563831329346,0.4589962661266327,0.4158898591995239,-0.01960914395749569,0.5554502010345459,0.48298943042755127,-0.037440959364175797,0.5864577293395996,0.5665908455848694,-0.04256538301706314,0.2818581461906433,0.5603173971176147,-0.04832793399691582,0.4576025605201721,0.44815391302108765,-0.07397673279047012,0.5460247993469238,0.5178491473197937,-0.06709342449903488,0.5778272151947021,0.5954577326774597,-0.05672804266214371,0.3045792579650879,0.6165992021560669,-0.1030590683221817,0.4397318959236145,0.5341878533363342,-0.11743252724409103,0.5132673382759094,0.5625190734863281,-0.10455933958292007,0.5521260499954224,0.6095269918441772,-0.09118056297302246
D,0.23702925443649292,0.970069408416748,1.7783449379749072e-07,0.36774343252182007,0.8381963968276978,0.08595576882362366,0.44284993410110474,0.7249436378479004,0.10863929241895676,0.5063111782073975,0.6621370315551758,0.10503841191530228,0.5642476677894592,0.6232526898384094,0.09861640632152557,0.3058469295501709,0.5042003989219666,0.07947725802659988,0.3205138146877289,0.34969502687454224,0.07421953976154327,0.32938429713249207,0.2330079972743988,0.06033213809132576,0.3243090510368347,0.14456376433372498,0.04426954314112663,0.28008872270584106,0.5114312767982483,0.012536533176898956,0.4647148549556732,0.4050668478012085,-0.018992029130458832,0.5617910623550415,0.4804134666919708,-0.036839693784713745,0.5896837711334229,0.5714685320854187,-0.04055670648813248,0.28165629506111145,0.5506121516227722,-0.0492570735514164,0.4634910225868225,0.438650906085968,-0.07609956711530685,0.5490740537643433,0.5136227607727051,-0.06966900080442429,0.5778707265853882,0.5928840637207031,-0.058414120227098465,0.30594301223754883,0.6060798168182373,-0.10507283359766006,0.44080260396003723,0.531761646270752,-0.12288997322320938,0.512092113494873,0.5619899034500122,-0.11179132759571075,0.5483206510543823,0.6080667972564697,-0.09833203256130219
D,0.21830855309963226,0.9867443442344666,2.571041477494873e-07,0.3481188416481018,0.8590929508209229,0.05773772671818733,0.42769208550453186,0.741769552230835,0.06511064618825912,0.5009652376174927,0.6790283918380737,0.050828274339437485,0.5674058198928833,0.6384243965148926,0.0347353033721447,0.2887144088745117,0.5207657217979431,0.04429792985320091,0.31169751286506653,0.3565136790275574,0.02624271810054779,0.31809020042419434,0.22952082753181458,0.005030294414609671,0.3093726634979248,0.13279959559440613,-0.015720639377832413,0.2590833902359009,0.5269068479537964,-0.012197030708193779,0.4506552219390869,0.4135158061981201,-0.05449153482913971,0.5518875122070312,0.4867624044418335,-0.07675626128911972,0.5830954313278198,0.5784767866134644,-0.08424922078847885,0.2581559419631958,0.5667714476585388,-0.06507836282253265,0.44506892561912537,0.4488457441329956,-0.10138091444969177,0.5349392890930176,0.5238344669342041,-0.09803740680217743,0.5681686401367188,0.6064639091491699,-0.08874296396970749,0.27966752648353577,0.6277948617935181,-0.11444509774446487,0.42032158374786377,0.545939564704895,-0.1373039335012436,0.49134552478790283,0.576629102230072,-0.12759384512901306,0.5268553495407104,0.6258335709571838,-0.11581967771053314
D,0.2349195033311844,1.0021040439605713,2.1835070640463528e-07,0.3670474886894226,0.8621042966842651,0.085910364985466,0.43670427799224854,0.74922114610672,0.11218129843473434,0.5034931302070618,0.6781783103942871,0.11283030360937119,0.5676546096801758,0.6348969340324402,0.11257871240377426,0.30342182517051697,0.5242629051208496,0.09342781454324722,0.3253953158855438,0.3672772943973541,0.09485020488500595,0.3332703113555908,0.24383124709129333,0.08330568671226501,0.32754409313201904,0.1471042037010193,0.06804344803094864,0.27413928508758545,0.5299589037895203,0.03129743039608002,0.4488251209259033,0.4153778851032257,0.009323335252702236,0.5499160289764404,0.47646936774253845,-0.009484203532338142,0.5858107805252075,0.5606344938278198,-0.016863083466887474,0.2758709192276001,0.5674434900283813,-0.026073090732097626,0.45070165395736694,0.45126044750213623,-0.04160236939787865,0.5378004312515259,0.513335108757019,-0.03893287852406502,0.5718508362770081,0.589573860168457,-0.0334152914583683,0.30061501264572144,0.6208140254020691,-0.07783964276313782,0.4382037818431854,0.5385327339172363,-0.08003740757703781,0.5063828229904175,0.564058244228363,-0.06691675633192062,0.542023777961731,0.611823320388794,-0.05548239126801491
D,0.2269238978624344,1.0041775703430176,9.578844384350305e-08,0.3626886010169983,0.8648435473442078,0.07445595413446426,0.4422454237937927,0.7458239197731018,0.08836456388235092,0.510919451713562,0.6850103139877319,0.07711955904960632,0.5747464895248413,0.6485157012939453,0.06327598541975021,0.3049144744873047,0.5032251477241516,0.053804390132427216,0.3233848512172699,0.3391065299510956,0.036688320338726044,0.32835879921913147,0.21512389183044434,0.016364943236112595,0.321641743183136,0.11704009771347046,-0.003962890710681677,0.27431750297546387,0.5189411640167236,-0.012819353491067886,0.4696243405342102,0.4203110635280609,-0.0566711500287056,0.5693525075912476,0.5048714280128479,-0.07723940908908844,0.5975586175918579,0.5998947024345398,-0.08225397765636444,0.2740665376186371,0.5695744156837463,-0.07455244660377502,0.4671361744403839,0.46905139088630676,-0.11182570457458496,0.5555933713912964,0.5528746843338013,-0.10221286118030548,0.58112633228302,0.6376273036003113,-0.0870693027973175,0.2965540885925293,0.6391506195068359,-0.13179434835910797,0.43813955783843994,0.5537099838256836,-0.15478229522705078,0.512194037437439,0.5837587714195251,-0.1407928168773651,0.5482785701751709,0.6329919695854187,-0.12458743155002594
D,0.22639097273349762,1.0085607767105103,1.4035040685200784e-08,0.3648757040500641,0.8638151288032532,0.07232538610696793,0.4419105648994446,0.7412582635879517,0.08826807886362076,0.5084781050682068,0.6777377724647522,0.08027622103691101,0.5703325271606445,0.6386988759040833,0.07064376026391983,0.307634174823761,0.5010339617729187,0.05408547818660736,0.33080965280532837,0.3359054625034332,0.037152357399463654,0.33220452070236206,0.2120920717716217,0.015453397296369076,0.3199136555194855,0.11271727085113525,-0.006005283445119858,0.2763480842113495,0.5174319744110107,-0.01091924961656332,0.47462740540504456,0.4240512251853943,-0.04841574281454086,0.5746256113052368,0.5082322359085083,-0.06776133179664612,0.606092095375061,0.6012212634086609,-0.0749596506357193,0.27458521723747253,0.5680631399154663,-0.07163750380277634,0.47117823362350464,0.473791241645813,-0.10337874293327332,0.5573712587356567,0.560351550579071,-0.09461088478565216,0.5839046239852905,0.6441883444786072,-0.08320866525173187,0.29776889085769653,0.6362330317497253,-0.12854163348674774,0.4386359453201294,0.5601609349250793,-0.14850471913814545,0.5101084113121033,0.595001757144928,-0.1351315826177597,0.5444787740707397,0.6465181112289429,-0.12121596187353134
D,0.24625666439533234,0.9987388849258423,-6.332379598461557e-08,0.38539838790893555,0.8485527634620667,0.08721287548542023,0.4631330370903015,0.733291506767273,0.10840839892625809,0.5258103013038635,0.6723617911338806,0.10247328132390976,0.5867592096328735,0.6344863176345825,0.09329330921173096,0.33381789922714233,0.49532660841941833,0.06719796359539032,0.35528475046157837,0.3365858197212219,0.05238473787903786,0.3631722033023834,0.21558481454849243,0.031045706942677498,0.36003804206848145,0.11505240201950073,0.009017606265842915,0.3008595108985901,0.5137668251991272,-0.004268167540431023,0.4953436255455017,0.42165035009384155,-0.03910398855805397,0.5906921625137329,0.5056346654891968,-0.05826369673013687,0.618219256401062,0.5937069058418274,-0.06621520966291428,0.2998391091823578,0.5673333406448364,-0.07028649747371674,0.48798108100891113,0.4690677523612976,-0.09907689690589905,0.5730739831924438,0.5509848594665527,-0.08992839604616165,0.598198652267456,0.6298075914382935,-0.07935088872909546,0.32309573888778687,0.63496333360672,-0.13108031451702118,0.457119882106781,0.5584056973457336,-0.14915500581264496,0.5264647603034973,0.5932630300521851,-0.13536667823791504,0.5594770908355713,0.640430748462677,-0.12217015773057938
D,0.2620907425880432,0.9193487763404846,4.700067535168273e-08,0.40166956186294556,0.7924067974090576,0.08588892221450806,0.4876376986503601,0.679474949836731,0.1058397963643074,0.5550968647003174,0.614866316318512,0.09953542053699493,0.6189590692520142,0.5790246725082397,0.09001234173774719,0.356799453496933,0.42853909730911255,0.06837142258882523,0.3863544166088104,0.27480199933052063,0.05597047880291939,0.40160679817199707,0.15086272358894348,0.03547002002596855,0.4006955921649933,0.053175657987594604,0.014433061704039574,0.32299885153770447,0.43730857968330383,-0.0013803489273414016,0.5277925133705139,0.35015103220939636,-0.035268284380435944,0.6234219074249268,0.4382499158382416,-0.05401567742228508,0.6471765637397766,0.5325530767440796,-0.060767870396375656,0.32069528102874756,0.481657475233078,-0.06526786088943481,0.5201478600502014,0.3865939676761627,-0.09388817101716995,0.6012014150619507,0.47707685828208923,-0.08384810388088226,0.6233917474746704,0.5621504783630371,-0.07213203608989716,0.3426540195941925,0.5435588359832764,-0.12367416173219681,0.4876337945461273,0.4737585783004761,-0.1426733285188675,0.5571131110191345,0.5137010216712952,-0.12815649807453156,0.5908081531524658,0.5642518401145935,-0.11338405311107635
D,0.2682933807373047,0.9307960271835327,7.131320245434836e-08,0.4090659022331238,0.8008337020874023,0.089650459587574,0.4895787835121155,0.6942047476768494,0.11205478757619858,0.5576578974723816,0.6342368721961975,0.10831397771835327,0.6193035244941711,0.591280460357666,0.10088078677654266,0.3626354932785034,0.4502585530281067,0.0651000589132309,0.39194658398628235,0.28388699889183044,0.0535668209195137,0.40593329071998596,0.1591690182685852,0.03667764365673065,0.40393364429473877,0.05906379222869873,0.01896350085735321,0.3272995352745056,0.45781365036964417,-0.003915021196007729,0.5311172008514404,0.3550644516944885,-0.038902658969163895,0.6298139095306396,0.4444909691810608,-0.05565756559371948,0.6558632850646973,0.5406607389450073,-0.05969696864485741,0.3230992257595062,0.5031912922859192,-0.06623189151287079,0.5204898118972778,0.40066224336624146,-0.09637736529111862,0.6061851978302002,0.4888368546962738,-0.08672459423542023,0.6302616000175476,0.5723059773445129,-0.07386763393878937,0.34185728430747986,0.5639172792434692,-0.12195208668708801,0.4829322397708893,0.48656976222991943,-0.14138536155223846,0.5569913387298584,0.5213117599487305,-0.12738607823848724,0.5941581130027771,0.569247305393219,-0.1124109998345375
D,0.2587818205356598,0.9423115253448486,3.222708855332712e-08,0.40029826760292053,0.811499297618866,0.08664672821760178,0.48417961597442627,0.702072262763977,0.10869569331407547,0.5533866882324219,0.6416932940483093,0.10476455092430115,0.618634045124054,0.6065877676010132,0.09799488633871078,0.35731741786003113,0.4565415680408478,0.07053221017122269,0.3894616663455963,0.29509788751602173,0.05944138392806053,0.4046871066093445,0.17101404070854187,0.04062137380242348,0.40231087803840637,0.0703575611114502,0.020437363535165787,0.32306793332099915,0.46515244245529175,0.0021899938583374023,0.5252227783203125,0.36748746037483215,-0.030606674030423164,0.6231830716133118,0.4564618170261383,-0.04912494122982025,0.6491532325744629,0.5496550798416138,-0.05625126138329506,0.31923145055770874,0.5089730620384216,-0.060357190668582916,0.5147281289100647,0.40494266152381897,-0.08735517412424088,0.596886157989502,0.4947293996810913,-0.0782027542591095,0.6200537085533142,0.5789468288421631,-0.06758522242307663,0.3390720784664154,0.5684519410133362,-0.11728067696094513,0.4765770435333252,0.4907868504524231,-0.13488738238811493,0.544200599193573,0.5257046222686768,-0.12199892103672028,0.5772114396095276,0.5728241801261902,-0.10922150313854218
D,0.25454282760620117,0.9519530534744263,-1.0417775087034897e-07,0.3978544771671295,0.8150752186775208,0.10442610085010529,0.4821900427341461,0.7079889178276062,0.1342369168996811,0.5489332675933838,0.6491555571556091,0.13505172729492188,0.6164289116859436,0.6145088076591492,0.13176725804805756,0.3555811047554016,0.4566091299057007,0.08035123348236084,0.38863295316696167,0.2953890562057495,0.07359428703784943,0.40497705340385437,0.17341673374176025,0.05995047092437744,0.4072229862213135,0.07290482521057129,0.04240971431136131,0.3235291838645935,0.4690627455711365,0.0026493724435567856,0.5289031863212585,0.3801116943359375,-0.02474740520119667,0.6237377524375916,0.4744583070278168,-0.036787550896406174,0.6472134590148926,0.5667715072631836,-0.04108836129307747,0.32004716992378235,0.520169198513031,-0.06811400502920151,0.5168060064315796,0.4274550974369049,-0.09233647584915161,0.5987503528594971,0.5215715169906616,-0.07797800004482269,0.6201640963554382,0.6046260595321655,-0.06555476784706116,0.340543657541275,0.5870288610458374,-0.1317698210477829,0.47587913274765015,0.5128141045570374,-0.15250453352928162,0.5488986968994141,0.5454950332641602,-0.14072425663471222,0.5859438180923462,0.5886618494987488,-0.12918195128440857
D,0.26055243611335754,0.9645426273345947,-1.2018018935577857e-07,0.4029637575149536,0.8264559507369995,0.0975666344165802,0.4868568181991577,0.712486982345581,0.12557141482830048,0.5511636137962341,0.6520572900772095,0.12571638822555542,0.6168292164802551,0.6193961501121521,0.12237980961799622,0.35791316628456116,0.4645022451877594,0.07506943494081497,0.3908870816230774,0.30347368121147156,0.06516211479902267,0.4072938561439514,0.18167811632156372,0.04934777319431305,0.40870988368988037,0.08258318901062012,0.03056776523590088,0.3237250745296478,0.4794529974460602,-0.00019277232058811933,0.5293185114860535,0.3881509304046631,-0.03366708755493164,0.6251790523529053,0.4815540015697479,-0.04957043007016182,0.6489198803901672,0.5750078558921814,-0.05504905804991722,0.3204696476459503,0.5306795835494995,-0.06909225881099701,0.5173728466033936,0.4309902787208557,-0.09952017664909363,0.6015550494194031,0.5257628560066223,-0.08901572227478027,0.6244417428970337,0.6102926731109619,-0.0773172453045845,0.34203290939331055,0.5961862802505493,-0.13130269944667816,0.47506627440452576,0.518126904964447,-0.15673473477363586,0.5478542447090149,0.550363302230835,-0.14805740118026733,0.5845823287963867,0.5932635068893433,-0.1378031075000763
D,0.2572498619556427,0.9498815536499023,-8.241048732315903e-08,0.4029982089996338,0.8092772364616394,0.10035958141088486,0.48629599809646606,0.7015442848205566,0.12710323929786682,0.5509248971939087,0.647847056388855,0.12447894364595413,0.6135305166244507,0.614063024520874,0.11679718643426895,0.35482263565063477,0.4460384249687195,0.07338736206293106,0.39100709557533264,0.2852700650691986,0.06147533655166626,0.4080321490764618,0.16640955209732056,0.04376484826207161,0.40998753905296326,0.06753724813461304,0.02281465381383896,0.31880098581314087,0.4623512029647827,-0.006301972549408674,0.5333672165870667,0.3790041208267212,-0.0460471548140049,0.6334295868873596,0.4823179244995117,-0.065814308822155,0.6596341133117676,0.5814528465270996,-0.07315516471862793,0.3134654462337494,0.5187791585922241,-0.07927383482456207,0.5184533596038818,0.4246608018875122,-0.11657355725765228,0.60765540599823,0.5243386626243591,-0.10840737819671631,0.6319618225097656,0.6110765933990479,-0.09740158915519714,0.3320571780204773,0.5892625451087952,-0.14507287740707397,0.46950334310531616,0.514092743396759,-0.17892415821552277,0.5442352294921875,0.5413491725921631,-0.17425623536109924,0.5821441411972046,0.5770384669303894,-0.16608896851539612
D,0.2636605203151703,0.9721916913986206,2.1192178678575146e-08,0.4038858711719513,0.8305822610855103,0.09976998716592789,0.4844289720058441,0.7183141708374023,0.12729740142822266,0.5499470233917236,0.6579254865646362,0.126355841755867,0.6178125143051147,0.620292067527771,0.1211371049284935,0.35540449619293213,0.4756986200809479,0.0800691619515419,0.3926432132720947,0.30860403180122375,0.07237498462200165,0.41074877977371216,0.18362978100776672,0.05635244399309158,0.4148579239845276,0.08262187242507935,0.037015579640865326,0.3234788775444031,0.490071177482605,0.0039580282755196095,0.5332460999488831,0.3936281204223633,-0.029437866061925888,0.6328452825546265,0.48671936988830566,-0.04962533712387085,0.662105917930603,0.5841073989868164,-0.057996757328510284,0.3189220428466797,0.5415750741958618,-0.0653558149933815,0.5201159119606018,0.43792641162872314,-0.09643919765949249,0.6060938835144043,0.5328214764595032,-0.09179729223251343,0.6332346796989441,0.6206713914871216,-0.08420080691576004,0.33749717473983765,0.6065489649772644,-0.12723785638809204,0.4740249514579773,0.5316866040229797,-0.15495648980140686,0.5505442023277283,0.5601071119308472,-0.15047407150268555,0.5927520990371704,0.5995369553565979,-0.14303803443908691
D,0.2509370446205139,0.9976645708084106,9.090577179904358e-09,0.3934629261493683,0.8496159315109253,0.08250374346971512,0.47628194093704224,0.7311723828315735,0.10229437798261642,0.5400280356407166,0.6703144907951355,0.09608233720064163,0.6050010919570923,0.6319417357444763,0.08677329123020172,0.3421759605407715,0.4849417209625244,0.06087617203593254,0.38370826840400696,0.31851041316986084,0.04211832210421562,0.39935168623924255,0.19204482436180115,0.020013857632875443,0.40108856558799744,0.08806127309799194,-0.002941211685538292,0.30539605021476746,0.5058341026306152,-0.010980121791362762,0.5193681120872498,0.40070396661758423,-0.05857032537460327,0.6199304461479187,0.49876195192337036,-0.08217111974954605,0.6496972441673279,0.5990396738052368,-0.08990016579627991,0.302160382270813,0.5625813603401184,-0.07780348509550095,0.5058938264846802,0.4541623592376709,-0.11982788145542145,0.5954601764678955,0.5496193170547485,-0.11418423801660538,0.6215362548828125,0.6373181343078613,-0.1028301790356636,0.322393000125885,0.6351757645606995,-0.13909418880939484,0.4621797502040863,0.5558390617370605,-0.1708676666021347,0.535528302192688,0.584822952747345,-0.1642923504114151,0.5697643160820007,0.623852014541626,-0.15432359278202057
D,0.24927419424057007,0.9945119619369507,-2.2132187638135292e-08,0.394032746553421,0.8454259037971497,0.087094247341156,0.47553399205207825,0.7295429110527039,0.10902389883995056,0.539913535118103,0.6702990531921387,0.10414942353963852,0.6037762761116028,0.6288958787918091,0.09584267437458038,0.343019962310791,0.4796139597892761,0.06459259986877441,0.38321688771247864,0.3171840310096741,0.047881003469228745,0.39801719784736633,0.19068223237991333,0.027494411915540695,0.3998807370662689,0.08595502376556396,0.005617931019514799,0.3053419888019562,0.5006119608879089,-0.009201343171298504,0.5169876217842102,0.3969462513923645,-0.05429238826036453,0.617838442325592,0.4943462610244751,-0.07710221409797668,0.6485143303871155,0.5946882963180542,-0.08489436656236649,0.3018304407596588,0.5591641664505005,-0.07757651060819626,0.5041322112083435,0.4523907005786896,-0.11836414784193039,0.594082236289978,0.5471086502075195,-0.11354295164346695,0.6195957660675049,0.63455730676651,-0.10324268788099289,0.32273364067077637,0.6321413516998291,-0.13989436626434326,0.46026238799095154,0.550909161567688,-0.1716523915529251,0.5332762002944946,0.5771118402481079,-0.16643597185611725,0.5680308938026428,0.6146256923675537,-0.15777988731861115
D,0.24786987900733948,1.0018706321716309,-8.521366368086092e-08,0.3923919200897217,0.851482093334198,0.09529497474431992,0.4736584424972534,0.7344183921813965,0.12333879619836807,0.5395282506942749,0.6767630577087402,0.1235664039850235,0.6082819700241089,0.6384162902832031,0.12063334882259369,0.3441629111766815,0.4810630679130554,0.0760483369231224,0.38540422916412354,0.3201841413974762,0.06425423920154572,0.40041637420654297,0.19503375887870789,0.04604432359337807,0.4041413962841034,0.09036391973495483,0.025407077744603157,0.3062792122364044,0.5030180811882019,0.0006960738683119416,0.5183518528938293,0.4090958833694458,-0.037451788783073425,0.619151771068573,0.5083401799201965,-0.058387015014886856,0.6523542404174805,0.6082092523574829,-0.06583910435438156,0.3044397234916687,0.5631960034370422,-0.06858591735363007,0.5055235028266907,0.4649619460105896,-0.1026102602481842,0.5961446762084961,0.559487521648407,-0.09728795289993286,0.624693751335144,0.6463531851768494,-0.08782708644866943,0.32823339104652405,0.6360093355178833,-0.1312423199415207,0.4682469069957733,0.5648215413093567,-0.15659558773040771,0.5415228605270386,0.6003809571266174,-0.1490349918603897,0.5776005983352661,0.6438191533088684,-0.13951338827610016
D,0.24591831862926483,1.008647084236145,-1.718305355780103e-07,0.3938869535923004,0.8503291010856628,0.1157478615641594,0.47478288412094116,0.7350377440452576,0.1518670618534088,0.5380198359489441,0.6761757731437683,0.1554543524980545,0.6042776107788086,0.6321525573730469,0.15431368350982666,0.345201313495636,0.4829214811325073,0.09610706567764282,0.385844349861145,0.3233841359615326,0.08871274441480637,0.4019324779510498,0.1989946961402893,0.07296819239854813,0.4063454866409302,0.09409451484680176,0.052553676068782806,0.3067851662635803,0.5048290491104126,0.009149598889052868,0.5209845304489136,0.4082098603248596,-0.029076633974909782,0.6215812563896179,0.5094759464263916,-0.049705058336257935,0.6525299549102783,0.6119141578674316,-0.05694154277443886,0.303494393825531,0.566677987575531,-0.07074703276157379,0.5046743154525757,0.4621210992336273,-0.10567498952150345,0.5957488417625427,0.5586094260215759,-0.09874284267425537,0.622873842716217,0.6470944285392761,-0.08844850212335587,0.32645082473754883,0.6374428272247314,-0.14244137704372406,0.46169817447662354,0.5588597059249878,-0.17343810200691223,0.5333237648010254,0.5883228778839111,-0.1694045513868332,0.5683236122131348,0.6254315972328186,-0.1620924323797226
D,0.25019901990890503,1.0159515142440796,-7.960314718502559e-08,0.39625662565231323,0.8572362661361694,0.11031311005353928,0.4736195504665375,0.7396080493927002,0.1416827142238617,0.537906289100647,0.6794531345367432,0.14056643843650818,0.6022167801856995,0.6377357840538025,0.13460449874401093,0.3463100492954254,0.4885232448577881,0.09377189725637436,0.38412585854530334,0.32744845747947693,0.08623628318309784,0.3988763689994812,0.20354053378105164,0.06941105425357819,0.40269312262535095,0.09776628017425537,0.0482623353600502,0.30802592635154724,0.5110986232757568,0.00958877895027399,0.5173174142837524,0.40861791372299194,-0.028393609449267387,0.6163504123687744,0.5114867687225342,-0.05035965144634247,0.6463107466697693,0.6165487766265869,-0.05836779251694679,0.3052056133747101,0.5735800266265869,-0.06758052110671997,0.5007498264312744,0.46262526512145996,-0.10053382068872452,0.5917220115661621,0.5584102869033813,-0.09450764209032059,0.6191867589950562,0.6513400077819824,-0.08499820530414581,0.3280104696750641,0.6452155709266663,-0.1370183676481247,0.4658443331718445,0.5699024796485901,-0.16268594563007355,0.542030394077301,0.6058182120323181,-0.1553817242383957,0.5802101492881775,0.6522833108901978,-0.1463690847158432
D,0.25295740365982056,1.019577145576477,-2.217872285825706e-08,0.3958452343940735,0.8607673048973083,0.10815690457820892,0.47621095180511475,0.7406982779502869,0.1385442018508911,0.5416260361671448,0.6784106492996216,0.13702651858329773,0.6074737310409546,0.6384605765342712,0.1314663141965866,0.33882802724838257,0.48377859592437744,0.0948771983385086,0.3799331486225128,0.3266563415527344,0.08847542107105255,0.3962516188621521,0.20271176099777222,0.07096658647060394,0.40091782808303833,0.09759378433227539,0.04973238334059715,0.30067670345306396,0.505524754524231,0.01201122161000967,0.5175187587738037,0.4076373875141144,-0.022790532559156418,0.6170446276664734,0.5099425315856934,-0.04376470670104027,0.646369457244873,0.615271806716919,-0.05094623193144798,0.3018444776535034,0.5682547092437744,-0.06387025862932205,0.5034560561180115,0.4619232714176178,-0.09278523176908493,0.5935230255126953,0.5590035319328308,-0.08436673879623413,0.6196353435516357,0.6526150107383728,-0.07322077453136444,0.32974541187286377,0.6418082118034363,-0.13257353007793427,0.4757859706878662,0.5666720271110535,-0.15220719575881958,0.5513826012611389,0.6064368486404419,-0.14006154239177704,0.5886245965957642,0.6565338373184204,-0.12750394642353058
D,0.2476494461297989,1.0177544355392456,3.017742500333043e-08,0.386976420879364,0.8658145070075989,0.08297494053840637,0.4673673212528229,0.7439880967140198,0.10191906988620758,0.5352112054824829,0.685465931892395,0.09467338025569916,0.603033721446991,0.6532156467437744,0.08388367295265198,0.33623477816581726,0.48655855655670166,0.06156761944293976,0.3793007731437683,0.3220840096473694,0.048351094126701355,0.3948691785335541,0.1985425055027008,0.02760501019656658,0.3981291949748993,0.09316062927246094,0.005353729240596294,0.2972874939441681,0.507456362247467,-0.0083778603002429,0.5125786662101746,0.4194360375404358,-0.04536554962396622,0.6110854148864746,0.5202098488807678,-0.06726713478565216,0.6421868801116943,0.6216495037078857,-0.07573820650577545,0.2983122169971466,0.5723979473114014,-0.07207008451223373,0.5040448904037476,0.48026546835899353,-0.1023956909775734,0.5912429094314575,0.5747365951538086,-0.09626439958810806,0.6181846857070923,0.6645033359527588,-0.08687903732061386,0.3244633674621582,0.6519066095352173,-0.13050003349781036,0.47594529390335083,0.5875396132469177,-0.14962714910507202,0.5528276562690735,0.6268083453178406,-0.13736800849437714,0.5929419994354248,0.6756467819213867,-0.12460988759994507
D,0.2530607283115387,1.0355427265167236,1.8092414677539637e-07,0.3860717713832855,0.8851307034492493,0.07900317013263702,0.4581499993801117,0.7633345723152161,0.100602887570858,0.5281311273574829,0.6969071626663208,0.09748587757349014,0.5935418605804443,0.6588535904884338,0.092656210064888,0.32982200384140015,0.5188180804252625,0.06519419699907303,0.3727467954158783,0.3395375907421112,0.05214592069387436,0.39111199975013733,0.2077726125717163,0.030769703909754753,0.3953723609447479,0.0970049500465393,0.010030364617705345,0.2930884063243866,0.5389681458473206,0.0025810960214585066,0.5080261826515198,0.4257547855377197,-0.03335566073656082,0.6134830713272095,0.5161963105201721,-0.057356443256139755,0.6503175497055054,0.6175951361656189,-0.06528759747743607,0.2990610897541046,0.5981252193450928,-0.053964465856552124,0.5027809739112854,0.4893440008163452,-0.08251120150089264,0.591352641582489,0.5762782096862793,-0.08183062076568604,0.6217505931854248,0.6663812398910522,-0.07419416308403015,0.33085599541664124,0.6669187545776367,-0.10495303571224213,0.49074703454971313,0.6047090888023376,-0.11509731411933899,0.5621356964111328,0.6502756476402283,-0.10035953670740128,0.5968335270881653,0.7074975371360779,-0.08567432314157486
D,0.25052762031555176,1.029981255531311,-5.450099926918028e-09,0.3842582106590271,0.8799346089363098,0.07806753367185593,0.4610498547554016,0.7572707533836365,0.09697407484054565,0.5275506377220154,0.6880868673324585,0.09138806164264679,0.596453070640564,0.6442890763282776,0.0830683708190918,0.3376224935054779,0.5239108800888062,0.059332940727472305,0.3828107714653015,0.34476572275161743,0.04363012686371803,0.3984706997871399,0.21415609121322632,0.023604078218340874,0.3980238139629364,0.1084091067314148,0.0033520867582410574,0.29921698570251465,0.5364965796470642,-0.005680837202817202,0.5112311244010925,0.4305599331855774,-0.05137434974312782,0.6116570830345154,0.5275406241416931,-0.07494204491376877,0.6451589465141296,0.6289592981338501,-0.08150928467512131,0.2950782775878906,0.5852668285369873,-0.0651392936706543,0.4934484362602234,0.4748136103153229,-0.10361072421073914,0.577277660369873,0.568078339099884,-0.10172663629055023,0.6069395542144775,0.6576464772224426,-0.0922577977180481,0.3150343596935272,0.6483173370361328,-0.1189851239323616,0.45007726550102234,0.5639596581459045,-0.14290019869804382,0.5100339651107788,0.5932924151420593,-0.1351614147424698,0.5384987592697144,0.6326069831848145,-0.12444249540567398
D,0.2610376477241516,1.029113531112671,5.5468152737603305e-08,0.3930431306362152,0.8788326978683472,0.07760154455900192,0.46609991788864136,0.7547047138214111,0.09685654938220978,0.5278509855270386,0.687540590763092,0.09194580465555191,0.5951647758483887,0.6472154855728149,0.08508311212062836,0.33484065532684326,0.5200873613357544,0.060280151665210724,0.3784128427505493,0.3473706543445587,0.04467803239822388,0.397079735994339,0.21935123205184937,0.023531800135970116,0.4016757607460022,0.11540240049362183,0.0023539531975984573,0.29788094758987427,0.539318859577179,-0.004268135409802198,0.5110880136489868,0.4269324243068695,-0.04882475361227989,0.6106389760971069,0.5219818353652954,-0.07387291640043259,0.641970157623291,0.6228082180023193,-0.08147276192903519,0.2998144030570984,0.5934089422225952,-0.06304658204317093,0.4959370195865631,0.4734838008880615,-0.09957577288150787,0.5811246633529663,0.5621464848518372,-0.09814721345901489,0.6097601056098938,0.6509901285171509,-0.0893169492483139,0.32620957493782043,0.6586518883705139,-0.11624361574649811,0.46711426973342896,0.5794204473495483,-0.13850663602352142,0.5328853130340576,0.6127558946609497,-0.12996777892112732,0.5639247894287109,0.6556771993637085,-0.11902689933776855
D,0.2536420226097107,1.0223931074142456,-7.882317021312701e-09,0.3889924883842468,0.8791214227676392,0.07189896702766418,0.4669412076473236,0.7552773356437683,0.08743376284837723,0.534493625164032,0.6920933723449707,0.07927808165550232,0.6070319414138794,0.6602174043655396,0.06800561398267746,0.3396460711956024,0.5221138000488281,0.05220089107751846,0.38587477803230286,0.3508968949317932,0.03456392511725426,0.40402722358703613,0.22337982058525085,0.014837894588708878,0.40582019090652466,0.12155187129974365,-0.004965841770172119,0.3002840280532837,0.5343660712242126,-0.011986814439296722,0.513425886631012,0.4240993857383728,-0.06239085644483566,0.6133471727371216,0.5212019085884094,-0.08774090558290482,0.6444200873374939,0.6239665150642395,-0.09375007450580597,0.2956995666027069,0.5839197039604187,-0.07091433554887772,0.49509215354919434,0.4655151963233948,-0.11496353149414062,0.5802839398384094,0.5566172003746033,-0.11515231430530548,0.6078823804855347,0.6436392664909363,-0.1049981340765953,0.3159838616847992,0.6475852131843567,-0.12438397109508514,0.44410330057144165,0.5514616966247559,-0.1534704566001892,0.501797616481781,0.5701809525489807,-0.14846697449684143,0.5270171165466309,0.6022410988807678,-0.13857723772525787
D,0.25602075457572937,1.0148760080337524,1.4066711173654767e-07,0.3886222541332245,0.8717842102050781,0.06982338428497314,0.4653699994087219,0.7531752586364746,0.08268000930547714,0.5290342569351196,0.6903737187385559,0.072855643928051,0.5963866710662842,0.649965763092041,0.060768768191337585,0.33751434087753296,0.511772632598877,0.04328196868300438,0.3795558214187622,0.3411450684070587,0.021841993555426598,0.39658215641975403,0.2119622528553009,-0.0021603356581181288,0.3997754752635956,0.10467875003814697,-0.02467341162264347,0.29938629269599915,0.5312001705169678,-0.020028378814458847,0.5122475624084473,0.42428144812583923,-0.06765813380479813,0.6133320331573486,0.5234382152557373,-0.09151134639978409,0.6462157964706421,0.6256493926048279,-0.09805037081241608,0.2993975877761841,0.5874009728431702,-0.0777311697602272,0.5017011165618896,0.4849601686000824,-0.11735524237155914,0.5866124033927917,0.5791974663734436,-0.11214151233434677,0.613610565662384,0.6673287153244019,-0.10012376308441162,0.32405680418014526,0.6593846678733826,-0.13061873614788055,0.4723799526691437,0.5880375504493713,-0.1529216170310974,0.5421268939971924,0.6259656548500061,-0.13982366025447845,0.5756403207778931,0.6706528663635254,-0.1252535879611969
D,0.2535244822502136,1.0102903842926025,2.5942373582665823e-08,0.38762491941452026,0.8703442811965942,0.07964251190423965,0.4613836109638214,0.7529740929603577,0.10039541125297546,0.5283591151237488,0.6922234892845154,0.09712837636470795,0.5990711450576782,0.6640385985374451,0.09145928919315338,0.34153425693511963,0.5160342454910278,0.05785836651921272,0.38260960578918457,0.34263738989830017,0.04387921094894409,0.3983364403247833,0.21556928753852844,0.02526230178773403,0.401834636926651,0.11187922954559326,0.005535915028303862,0.30030587315559387,0.5321168899536133,-0.007507322821766138,0.5107876658439636,0.42534339427948,-0.051836755126714706,0.6116315126419067,0.5223220586776733,-0.07488714903593063,0.6470401883125305,0.6249774694442749,-0.0810905173420906,0.2974625825881958,0.5848305225372314,-0.0667700320482254,0.49567699432373047,0.47575974464416504,-0.10304293781518936,0.5804094672203064,0.5663548111915588,-0.10146502405405045,0.6106311678886414,0.6540589928627014,-0.09272465109825134,0.3207828998565674,0.6495711803436279,-0.12024874240159988,0.4617982804775238,0.5723090171813965,-0.1419520527124405,0.5234957337379456,0.6084509491920471,-0.13388001918792725,0.553104043006897,0.654144287109375,-0.12360259145498276
D,0.2607104778289795,1.0101102590560913,2.567167456390962e-08,0.3967045545578003,0.8570907115936279,0.08424609899520874,0.47208499908447266,0.7434858083724976,0.10519901663064957,0.5361288785934448,0.6881850361824036,0.10088686645030975,0.6020287871360779,0.6564745903015137,0.09347368031740189,0.3442733585834503,0.5052712559700012,0.0561957024037838,0.3817712962627411,0.3332340121269226,0.03948589786887169,0.39676332473754883,0.20809346437454224,0.01894599385559559,0.401938796043396,0.10302227735519409,-0.0022155751939862967,0.3062744438648224,0.5302106142044067,-0.013803127221763134,0.5124212503433228,0.4304031729698181,-0.05627131834626198,0.6098706722259521,0.527420163154602,-0.07769341766834259,0.643182635307312,0.6266481280326843,-0.08465014398097992,0.30517578125,0.59445720911026,-0.07766927778720856,0.5036161541938782,0.4991028904914856,-0.11290852725505829,0.5879174470901489,0.5899052619934082,-0.10727304220199585,0.6162920594215393,0.6736690998077393,-0.09721433371305466,0.3300543427467346,0.6720286011695862,-0.13579627871513367,0.47227808833122253,0.6016385555267334,-0.1591210663318634,0.54347825050354,0.6340804696083069,-0.14981138706207275,0.5816340446472168,0.6740487813949585,-0.13902753591537476
D,0.2525813579559326,1.0167045593261719,1.300722942687571e-07,0.3867989182472229,0.8663355112075806,0.08274234086275101,0.46433454751968384,0.7499600648880005,0.10123390704393387,0.5320591330528259,0.6917938590049744,0.09437092393636703,0.599364697933197,0.6558994054794312,0.08470668643712997,0.33517923951148987,0.5043302774429321,0.05324232578277588,0.3762935698032379,0.3368505835533142,0.03413040563464165,0.3952597975730896,0.21095076203346252,0.010124271735548973,0.4026988744735718,0.10451018810272217,-0.012661387212574482,0.2960111200809479,0.5300990343093872,-0.015605829656124115,0.5108656287193298,0.42527979612350464,-0.05719614773988724,0.6139976978302002,0.5194790363311768,-0.07968751341104507,0.6478931903839111,0.6197889447212219,-0.08649833500385284,0.29960381984710693,0.5959742069244385,-0.07775407284498215,0.5053811073303223,0.4947744607925415,-0.1120704859495163,0.5951764583587646,0.5860397219657898,-0.10573825240135193,0.6227048635482788,0.6741827130317688,-0.09383850544691086,0.32917094230651855,0.6730020642280579,-0.1340550035238266,0.48582378029823303,0.608479917049408,-0.15217365324497223,0.5578680634498596,0.6523402333259583,-0.13677376508712769,0.5919213891029358,0.7026770710945129,-0.12073391675949097
D,0.2531469166278839,1.0281212329864502,1.192553327200585e-07,0.38274702429771423,0.8678013682365417,0.08024992048740387,0.45926859974861145,0.7516909241676331,0.09544043242931366,0.5287672877311707,0.6948360204696655,0.08636055886745453,0.5949088335037231,0.6646776795387268,0.07372681051492691,0.32865241169929504,0.4956427216529846,0.042947567999362946,0.3757082223892212,0.3221305310726166,0.021712981164455414,0.3955560028553009,0.19688478112220764,-0.002702046185731888,0.4038213789463043,0.09295237064361572,-0.0245808158069849,0.29095712304115295,0.5226292610168457,-0.023753441870212555,0.5054605007171631,0.43050748109817505,-0.06329309195280075,0.6060956716537476,0.5242065787315369,-0.08370059728622437,0.6417863965034485,0.6232759356498718,-0.09037628769874573,0.293321430683136,0.5936298966407776,-0.08346360176801682,0.5002943277359009,0.5038790702819824,-0.11850038170814514,0.59026038646698,0.5935973525047302,-0.1137516051530838,0.622492790222168,0.6801164150238037,-0.10307114571332932,0.3207544684410095,0.6781781315803528,-0.13701479136943817,0.47704267501831055,0.6138637661933899,-0.15619543194770813,0.5568736791610718,0.654035210609436,-0.14116184413433075,0.6003563404083252,0.7039581537246704,-0.1249450147151947
D,0.25011253356933594,1.0415064096450806,1.8807196511261282e-07,0.37931162118911743,0.8822654485702515,0.07676839828491211,0.45585641264915466,0.7651475071907043,0.08427548408508301,0.521718442440033,0.7085785269737244,0.06609790772199631,0.5850114822387695,0.6725478768348694,0.04416627436876297,0.33194026350975037,0.5069985389709473,0.03918374702334404,0.3716386556625366,0.33497491478919983,0.014076259918510914,0.39077380299568176,0.20899802446365356,-0.013774641789495945,0.39876410365104675,0.10306775569915771,-0.03773760795593262,0.29418253898620605,0.5347387790679932,-0.02777303196489811,0.5063173770904541,0.44163697957992554,-0.07103254646062851,0.6040483713150024,0.5376101732254028,-0.09429636597633362,0.634807825088501,0.6348174810409546,-0.10253623127937317,0.2955434024333954,0.6049088835716248,-0.08768397569656372,0.5017747282981873,0.512594997882843,-0.12409650534391403,0.5901854038238525,0.6059108972549438,-0.11806103587150574,0.617335319519043,0.6960643529891968,-0.10594121366739273,0.3207482397556305,0.6889454126358032,-0.14190781116485596,0.4786509573459625,0.6216149926185608,-0.15625910460948944,0.5556678771972656,0.66667240858078,-0.1356664001941681,0.5935498476028442,0.7206439971923828,-0.11605072766542435
D,0.25278425216674805,1.0564545392990112,1.1173521841101319e-07,0.38162022829055786,0.884053111076355,0.08187448978424072,0.4580121636390686,0.7647848129272461,0.0928599089384079,0.5229000449180603,0.7027114033699036,0.07787167280912399,0.5875293016433716,0.6600068807601929,0.0589589960873127,0.3216298818588257,0.51102215051651,0.03986503556370735,0.3665393590927124,0.33792218565940857,0.013594057410955429,0.3859714865684509,0.20827382802963257,-0.013505085371434689,0.39159858226776123,0.09893542528152466,-0.03701036795973778,0.28147390484809875,0.5343285799026489,-0.029174774885177612,0.5003254413604736,0.43868759274482727,-0.07484348863363266,0.6030946969985962,0.5389276742935181,-0.09586530178785324,0.6368421316146851,0.643084704875946,-0.10197275131940842,0.2845727205276489,0.6026504039764404,-0.09093548357486725,0.5002548098564148,0.5138993263244629,-0.13015636801719666,0.5880874395370483,0.6116129159927368,-0.12111038714647293,0.6170045137405396,0.7057923674583435,-0.10650523006916046,0.3110449016094208,0.6852730512619019,-0.1466475874185562,0.47866618633270264,0.6231327652931213,-0.16640911996364594,0.5542605519294739,0.6702109575271606,-0.1481276899576187,0.5941887497901917,0.7234973907470703,-0.12910987436771393
D,0.2504744529724121,1.0639731884002686,1.4030726447344932e-07,0.38220298290252686,0.8931366205215454,0.06911622732877731,0.4655831456184387,0.7719802260398865,0.07442706823348999,0.5340732932090759,0.7092447280883789,0.05655087158083916,0.5975167751312256,0.6686287522315979,0.03484027087688446,0.3224724233150482,0.5168642997741699,0.027636783197522163,0.3673054277896881,0.34426259994506836,0.0019243028946220875,0.38625356554985046,0.21610447764396667,-0.02167923003435135,0.3930560350418091,0.11092483997344971,-0.04277688264846802,0.2843095362186432,0.540105938911438,-0.03725689277052879,0.4994540214538574,0.44271963834762573,-0.08421243727207184,0.5982671976089478,0.538454532623291,-0.10455322265625,0.6306372284889221,0.6415977478027344,-0.11027075350284576,0.2839048504829407,0.6121320724487305,-0.09574972838163376,0.49464672803878784,0.5224138498306274,-0.1394035965204239,0.5834431052207947,0.6157810688018799,-0.13432037830352783,0.6161564588546753,0.7070121169090271,-0.12206286191940308,0.30577513575553894,0.7026816010475159,-0.1487879455089569,0.46662718057632446,0.638268768787384,-0.1763218492269516,0.546055257320404,0.6775749325752258,-0.16446411609649658,0.590542733669281,0.7278176546096802,-0.1494947224855423
D,0.3079362213611603,0.8187046051025391,1.2203178911818213e-08,0.4260234534740448,0.7206747531890869,0.09587876498699188,0.49367740750312805,0.6323612928390503,0.12397690862417221,0.5479484796524048,0.5832248330116272,0.12118525058031082,0.602453351020813,0.5491365194320679,0.11381002515554428,0.4021226763725281,0.4443106949329376,0.10337775200605392,0.42868268489837646,0.32062023878097534,0.10813955217599869,0.4456228017807007,0.2304791510105133,0.10523048788309097,0.45480871200561523,0.1579250991344452,0.09542141109704971,0.38527822494506836,0.44750258326530457,0.027227336540818214,0.5228965878486633,0.3742137551307678,-0.0006475656409747899,0.5957744717597961,0.44037267565727234,-0.013699340634047985,0.6139542460441589,0.5195432305335999,-0.014248080551624298,0.38457512855529785,0.47816598415374756,-0.044745538383722305,0.5176177620887756,0.40358197689056396,-0.07089586555957794,0.5828870534896851,0.47350233793258667,-0.06076148524880409,0.5988674163818359,0.5422190427780151,-0.04662391170859337,0.39988505840301514,0.521511435508728,-0.11087572574615479,0.5021836161613464,0.45999619364738464,-0.12965421378612518,0.5615692138671875,0.49242204427719116,-0.11935243755578995,0.5886459946632385,0.538255512714386,-0.10710787028074265
D,0.2939452528953552,0.8558106422424316,-7.82416194056168e-08,0.4168214201927185,0.7464990615844727,0.10960353165864944,0.4848679304122925,0.6535171270370483,0.14507462084293365,0.5383347868919373,0.6033287048339844,0.1493479162454605,0.5931901335716248,0.5736083388328552,0.15035100281238556,0.39309459924697876,0.45660340785980225,0.10270371288061142,0.42243513464927673,0.32514864206314087,0.10134176164865494,0.44076991081237793,0.22971373796463013,0.09448808431625366,0.4509342908859253,0.15216341614723206,0.08296326547861099,0.3723960816860199,0.46990644931793213,0.02083493024110794,0.5153241157531738,0.38397037982940674,-0.011952166445553303,0.5911769270896912,0.4563632309436798,-0.024044688791036606,0.6100353598594666,0.5401639342308044,-0.02252001129090786,0.3715353310108185,0.5096032619476318,-0.0556984543800354,0.5091055035591125,0.42185336351394653,-0.08627812564373016,0.580780565738678,0.4942172169685364,-0.07524818927049637,0.6006203293800354,0.5637308359146118,-0.059061869978904724,0.3888648748397827,0.5592076778411865,-0.12465714663267136,0.4965744614601135,0.4982909560203552,-0.14646242558956146,0.5602596998214722,0.5291569232940674,-0.13689377903938293,0.5896097421646118,0.5694812536239624,-0.12454888224601746
D,0.28149905800819397,0.8694498538970947,3.057702713249455e-08,0.40508902072906494,0.7593715786933899,0.0796109288930893,0.4741285741329193,0.6645894646644592,0.09838271886110306,0.5282604694366455,0.6123939752578735,0.09191111475229263,0.5830423831939697,0.5802562236785889,0.0836692601442337,0.37726712226867676,0.4735449552536011,0.06925690174102783,0.40964218974113464,0.3407710790634155,0.0596400611102581,0.42768096923828125,0.2422690987586975,0.04655378684401512,0.43346941471099854,0.15938398241996765,0.03177164867520332,0.3541889786720276,0.48535865545272827,0.0037345350719988346,0.508155345916748,0.40095072984695435,-0.027000999078154564,0.5824284553527832,0.4767652451992035,-0.039046503603458405,0.5986472368240356,0.5529783368110657,-0.0397331565618515,0.3527774214744568,0.5233911275863647,-0.05754082649946213,0.5024295449256897,0.4346969723701477,-0.08041562885046005,0.5695614814758301,0.5081498622894287,-0.06495266407728195,0.5829610824584961,0.5758821964263916,-0.049036312848329544,0.3698810935020447,0.5748600363731384,-0.11440698057413101,0.48479726910591125,0.5174287557601929,-0.12560594081878662,0.544487714767456,0.5488936305046082,-0.10850735008716583,0.5661881566047668,0.5863696932792664,-0.09270070493221283
D,0.2760956883430481,0.8885599970817566,4.193624292270215e-08,0.4025549292564392,0.7763060331344604,0.0834665521979332,0.47269511222839355,0.6808323264122009,0.0989779680967331,0.528282642364502,0.6299688816070557,0.0865628719329834,0.5857563018798828,0.5975358486175537,0.07021854817867279,0.3734770119190216,0.4865071773529053,0.06570327281951904,0.4067471921443939,0.3537096679210663,0.05269070342183113,0.426446795463562,0.2517405152320862,0.03899671137332916,0.4330095946788788,0.16912078857421875,0.022777430713176727,0.3490142822265625,0.5011836886405945,-0.006977347191423178,0.5005262494087219,0.412026047706604,-0.043229877948760986,0.5789707899093628,0.4891029894351959,-0.05620339512825012,0.5959149599075317,0.5654177069664001,-0.0578727088868618,0.34502217173576355,0.5435037016868591,-0.07544999569654465,0.492307186126709,0.44764015078544617,-0.10675879567861557,0.5671066641807556,0.5233193635940552,-0.09267827123403549,0.5838290452957153,0.593923807144165,-0.07727255672216415,0.3579895496368408,0.6003517508506775,-0.13892504572868347,0.46717989444732666,0.5336490273475647,-0.16264565289020538,0.5351856350898743,0.5614570379257202,-0.1519285887479782,0.5647186636924744,0.5994440913200378,-0.13997192680835724
D,0.3461243510246277,0.9042270183563232,-1.539417837648216e-07,0.46471571922302246,0.8359416723251343,-0.03406785801053047,0.5683132410049438,0.7214092016220093,-0.057542961090803146,0.5984618663787842,0.6061657667160034,-0.0852692723274231,0.5250478386878967,0.5796545743942261,-0.1087351143360138,0.4834277033805847,0.4795546233654022,-0.008584658615291119,0.4889247417449951,0.31371307373046875,-0.06730455905199051,0.5084775686264038,0.36223477125167847,-0.11000354588031769,0.5098815560340881,0.4569043815135956,-0.12789373099803925,0.40425407886505127,0.47929298877716064,-0.022164495661854744,0.3988983631134033,0.27464693784713745,-0.07806166261434555,0.4260421097278595,0.3607589602470398,-0.1073109433054924,0.436310738325119,0.4654999077320099,-0.1134655699133873,0.33008188009262085,0.505969762802124,-0.04398086667060852,0.3175571858882904,0.32058221101760864,-0.09266343712806702,0.35132473707199097,0.40184876322746277,-0.09782201051712036,0.3651190400123596,0.4934768080711365,-0.08918938040733337,0.25373977422714233,0.5600022673606873,-0.07031537592411041,0.25146710872650146,0.4526611566543579,-0.10392288863658905,0.2837532162666321,0.5099448561668396,-0.10103873163461685,0.3010910749435425,0.580378532409668,-0.09091955423355103
D,0.3465035557746887,0.8989097476005554,-2.4872144877008395e-07,0.46463942527770996,0.8266107439994812,-0.02716743014752865,0.5683457851409912,0.7093535661697388,-0.046464331448078156,0.6005145907402039,0.6014009714126587,-0.07090665400028229,0.5339580178260803,0.5765357613563538,-0.09176024049520493,0.478413462638855,0.4889144003391266,-0.00817070621997118,0.49106383323669434,0.32746243476867676,-0.06740780919790268,0.5141716599464417,0.3834807276725769,-0.11366163939237595,0.5157761573791504,0.4791184365749359,-0.13411511480808258,0.4014855921268463,0.49179017543792725,-0.023184556514024734,0.40140897035598755,0.2976782023906708,-0.077805295586586,0.43298250436782837,0.3832372725009918,-0.1104135513305664,0.4411483407020569,0.4917580485343933,-0.12071117758750916,0.3290099799633026,0.516731858253479,-0.0454523004591465,0.31757068634033203,0.33503907918930054,-0.08912122994661331,0.35469919443130493,0.40987345576286316,-0.0973864197731018,0.3686528205871582,0.5020310282707214,-0.09259021282196045,0.2559427320957184,0.5627867579460144,-0.07159794121980667,0.25321322679519653,0.44539639353752136,-0.09901164472103119,0.28929436206817627,0.49458977580070496,-0.0960414782166481,0.30861222743988037,0.5645347833633423,-0.08735056221485138
D,0.34741702675819397,0.8989015817642212,-1.717988311611407e-07,0.4623112678527832,0.8282605409622192,-0.03120730258524418,0.5631554126739502,0.7161105871200562,-0.05502386391162872,0.5979697704315186,0.6076194643974304,-0.08366871625185013,0.5313193202018738,0.5721005797386169,-0.1085418313741684,0.4771907329559326,0.4860314726829529,-0.012462438084185123,0.4894866943359375,0.3233450949192047,-0.07371433824300766,0.5085246562957764,0.38048139214515686,-0.11877387017011642,0.5103463530540466,0.4749312102794647,-0.13756327331066132,0.39905405044555664,0.4851625859737396,-0.026697250083088875,0.3992118239402771,0.28583940863609314,-0.08302080631256104,0.42695242166519165,0.3745042681694031,-0.11247428506612778,0.4385799765586853,0.4810565114021301,-0.1188545674085617,0.32534122467041016,0.5098887085914612,-0.048669103533029556,0.31531819701194763,0.33023059368133545,-0.09492482244968414,0.3512769341468811,0.4115747809410095,-0.09898275882005692,0.3689574599266052,0.5032414197921753,-0.08973847329616547,0.2508062720298767,0.5581442713737488,-0.07490786910057068,0.24709452688694,0.4444674551486969,-0.10464565455913544,0.28277844190597534,0.4979609549045563,-0.09934914112091064,0.3047547936439514,0.5684190392494202,-0.08754801750183105
D,0.3344121277332306,0.9032915234565735,-2.176176536750063e-07,0.4517964720726013,0.8333835601806641,-0.03170566260814667,0.5564114451408386,0.7188361883163452,-0.054429199546575546,0.5913936495780945,0.6087772846221924,-0.08175816386938095,0.5240997076034546,0.5706409811973572,-0.10540198534727097,0.4696040749549866,0.48346656560897827,-0.00930683221668005,0.4809345602989197,0.3235383629798889,-0.07004068791866302,0.5020610094070435,0.38310712575912476,-0.11716987192630768,0.5046571493148804,0.47864121198654175,-0.13818590342998505,0.3915698230266571,0.4808424711227417,-0.022713998332619667,0.39197105169296265,0.28807610273361206,-0.0792640671133995,0.42096614837646484,0.37757188081741333,-0.11202871054410934,0.4313070774078369,0.4858956038951874,-0.12143401056528091,0.3171067237854004,0.5037559866905212,-0.043932076543569565,0.30675193667411804,0.3222125470638275,-0.09069358557462692,0.34323692321777344,0.4042375087738037,-0.09771130234003067,0.35929638147354126,0.4978175759315491,-0.09115087240934372,0.2417295277118683,0.5521544814109802,-0.06934307515621185,0.23936675488948822,0.44429218769073486,-0.10145919024944305,0.2761935591697693,0.5013833045959473,-0.09903576225042343,0.2978168725967407,0.5721216201782227,-0.08933602273464203
D,0.33461031317710876,0.9036166071891785,-2.452076728332031e-07,0.45297563076019287,0.8284982442855835,-0.03187882527709007,0.5567063689231873,0.7092885375022888,-0.054090194404125214,0.5854076147079468,0.5992196798324585,-0.08115963637828827,0.5171791315078735,0.5704717040061951,-0.10429714620113373,0.46354785561561584,0.4798070192337036,-0.006662057247012854,0.4731719493865967,0.3215271532535553,-0.06848350167274475,0.49378353357315063,0.38238322734832764,-0.11647191643714905,0.497216135263443,0.48127949237823486,-0.1376792937517166,0.38582563400268555,0.48484334349632263,-0.020508859306573868,0.38300204277038574,0.2940405309200287,-0.07788677513599396,0.41153600811958313,0.38547247648239136,-0.11112125962972641,0.4216810166835785,0.4952666759490967,-0.12066931277513504,0.31267768144607544,0.5132004618644714,-0.04263894632458687,0.2993302345275879,0.33628028631210327,-0.09011871367692947,0.333920955657959,0.4195263385772705,-0.09662241488695145,0.3481491506099701,0.5139853954315186,-0.08907915651798248,0.2393663227558136,0.5646898150444031,-0.06920702755451202,0.2334115207195282,0.4510970711708069,-0.09977000951766968,0.26829826831817627,0.5081794261932373,-0.09551625698804855,0.2872041165828705,0.5805209279060364,-0.08471111953258514
D,0.33498308062553406,0.9068748950958252,-2.9188311145844636e-07,0.45314764976501465,0.832565188407898,-0.029709136113524437,0.5562266707420349,0.7161216735839844,-0.05080975592136383,0.5838028788566589,0.6084426045417786,-0.07687652856111526,0.5140396356582642,0.5720884203910828,-0.09903987497091293,0.4643990397453308,0.483908087015152,-0.0029877498745918274,0.4737549126148224,0.32596147060394287,-0.06498169898986816,0.49671751260757446,0.38953861594200134,-0.11505184322595596,0.500117301940918,0.48627668619155884,-0.13819009065628052,0.3867615759372711,0.4875372648239136,-0.017439179122447968,0.38307833671569824,0.296517014503479,-0.07332952320575714,0.4132743179798126,0.3899989128112793,-0.10805457085371017,0.42227867245674133,0.4960978925228119,-0.11968396604061127,0.31303635239601135,0.5136433839797974,-0.04004324972629547,0.29718470573425293,0.3401300311088562,-0.08572301268577576,0.33351707458496094,0.42694956064224243,-0.09237338602542877,0.34710270166397095,0.5177457928657532,-0.08613518625497818,0.2391177862882614,0.5639291405677795,-0.06693864613771439,0.23283499479293823,0.45559749007225037,-0.09603388607501984,0.268332302570343,0.5173717737197876,-0.09080439060926437,0.2862187325954437,0.5873408317565918,-0.08014193177223206
D,0.33909672498703003,0.9033876657485962,-2.7271863700661925e-07,0.4566619396209717,0.8338369727134705,-0.026660917326807976,0.5545487999916077,0.7168493270874023,-0.048048049211502075,0.5964630842208862,0.6056575179100037,-0.07524431496858597,0.5285159349441528,0.5872572660446167,-0.0983213558793068,0.4637870192527771,0.48334166407585144,-0.010039927437901497,0.4782275855541229,0.3206910192966461,-0.06992387771606445,0.5047048926353455,0.3946343660354614,-0.1145983636379242,0.5040263533592224,0.49374133348464966,-0.13375194370746613,0.38647061586380005,0.4885275959968567,-0.026020193472504616,0.3873600959777832,0.2970676124095917,-0.08077269792556763,0.4266406297683716,0.3995412588119507,-0.10931257158517838,0.4359550476074219,0.5062600374221802,-0.11651550233364105,0.31262698769569397,0.5143692493438721,-0.049190226942300797,0.30208006501197815,0.3370767831802368,-0.093744657933712,0.348260760307312,0.43371257185935974,-0.09483223408460617,0.3631673753261566,0.5296769738197327,-0.0843900814652443,0.23853158950805664,0.5604287981987,-0.07652655988931656,0.23719191551208496,0.4444020092487335,-0.10436036437749863,0.2782701253890991,0.5088114738464355,-0.09617625176906586,0.29690250754356384,0.5839618444442749,-0.08319409936666489
D,0.3425569236278534,0.8981485962867737,-2.2220993400878797e-07,0.4576174020767212,0.8247997760772705,-0.028583142906427383,0.5539131164550781,0.7089067697525024,-0.052899278700351715,0.5957443118095398,0.5998826622962952,-0.08305592834949493,0.5326892733573914,0.5730114579200745,-0.1095731258392334,0.4634414315223694,0.4829780161380768,-0.01339259184896946,0.4808696508407593,0.32552313804626465,-0.0755670890212059,0.5061030983924866,0.3953196704387665,-0.12175298482179642,0.5070714950561523,0.4932329058647156,-0.141378715634346,0.38745853304862976,0.4870198667049408,-0.02950846403837204,0.39354366064071655,0.2925225496292114,-0.08573511242866516,0.42998772859573364,0.39100807905197144,-0.11511704325675964,0.4389100670814514,0.49828416109085083,-0.12215110659599304,0.3140343427658081,0.5125091671943665,-0.053037580102682114,0.3085435926914215,0.33763647079467773,-0.09800229221582413,0.35295188426971436,0.42792490124702454,-0.10015332698822021,0.3668816089630127,0.5227296948432922,-0.08985965698957443,0.24047592282295227,0.5580604672431946,-0.08081024140119553,0.24258117377758026,0.43452849984169006,-0.10745786875486374,0.28376150131225586,0.4910646677017212,-0.09886031597852707,0.3017449676990509,0.5643590688705444,-0.08551269769668579
D,0.33836662769317627,0.9029824733734131,-2.443922255679354e-07,0.4571716785430908,0.831199049949646,-0.027122849598526955,0.5637677907943726,0.7164542078971863,-0.04891151562333107,0.5991960763931274,0.6061220765113831,-0.0759691521525383,0.5336117744445801,0.577410101890564,-0.09894854575395584,0.4682600498199463,0.48113301396369934,-0.009912354871630669,0.483174592256546,0.3235310912132263,-0.0698118507862091,0.5104303956031799,0.3885844945907593,-0.11358959972858429,0.5143669843673706,0.48656192421913147,-0.1315508782863617,0.3901037275791168,0.4845357835292816,-0.025241436436772346,0.3921751081943512,0.29474446177482605,-0.08152597397565842,0.43129223585128784,0.39448082447052,-0.11029517650604248,0.44294723868370056,0.5037245750427246,-0.11634551733732224,0.31630703806877136,0.5094856023788452,-0.047644052654504776,0.3064652681350708,0.3339986801147461,-0.09277232736349106,0.35204586386680603,0.4284156262874603,-0.09314296394586563,0.36908045411109924,0.5248024463653564,-0.08117809891700745,0.2421589344739914,0.5552065372467041,-0.07415303587913513,0.24289220571517944,0.43637987971305847,-0.10174035280942917,0.28367531299591064,0.4968392550945282,-0.09249699860811234,0.30333855748176575,0.5689690709114075,-0.07773782312870026
D,0.3439086675643921,0.9063701629638672,-2.3485478095608414e-07,0.46093815565109253,0.8371217250823975,-0.027158809825778008,0.5681957602500916,0.7280896902084351,-0.04953937605023384,0.6053186058998108,0.6246838569641113,-0.07771982252597809,0.5408948063850403,0.5959215760231018,-0.10225451737642288,0.47295287251472473,0.4824944734573364,-0.010227085091173649,0.4829075336456299,0.316802442073822,-0.07219285517930984,0.5073084831237793,0.3856189250946045,-0.11860821396112442,0.5126478672027588,0.4842626750469208,-0.13862328231334686,0.39460399746894836,0.4888160526752472,-0.026675892993807793,0.39629265666007996,0.2976445257663727,-0.08510244637727737,0.4296504855155945,0.399187833070755,-0.11615650355815887,0.43992123007774353,0.5092551708221436,-0.12400860339403152,0.3197172284126282,0.5171295404434204,-0.0503404438495636,0.30933308601379395,0.3384692668914795,-0.09766019880771637,0.35095682740211487,0.4373877942562103,-0.09802577644586563,0.3679860234260559,0.5359576940536499,-0.08600712567567825,0.24353492259979248,0.5670731663703918,-0.07814405858516693,0.24116787314414978,0.45085346698760986,-0.10858596861362457,0.2821204662322998,0.5152484774589539,-0.09987635910511017,0.30396029353141785,0.5886958837509155,-0.08512318134307861
D,0.34900590777397156,0.9073688983917236,-2.117036359550184e-07,0.4680730104446411,0.8357605934143066,-0.03410728648304939,0.5785070657730103,0.7237337827682495,-0.059634141623973846,0.6073574423789978,0.6158071756362915,-0.08959956467151642,0.5386123657226562,0.5759814381599426,-0.11508965492248535,0.47958090901374817,0.48083430528640747,-0.010774851776659489,0.49465128779411316,0.3216513991355896,-0.07662828266620636,0.5198096036911011,0.39062586426734924,-0.12680935859680176,0.523210346698761,0.4888940751552582,-0.14851263165473938,0.39970678091049194,0.4863166809082031,-0.024265887215733528,0.40254849195480347,0.2958400845527649,-0.08368281275033951,0.4375776946544647,0.3952293395996094,-0.11689391732215881,0.44813087582588196,0.5028865337371826,-0.12602320313453674,0.3240441083908081,0.5143022537231445,-0.04614217206835747,0.31579864025115967,0.33496952056884766,-0.09703332185745239,0.3576390743255615,0.432776540517807,-0.09998414665460587,0.3723812401294708,0.5295167565345764,-0.0889749601483345,0.24764083325862885,0.5661346316337585,-0.07249438762664795,0.25192368030548096,0.4510622024536133,-0.10632660239934921,0.29208803176879883,0.520261287689209,-0.0985599160194397,0.3105369508266449,0.5953418612480164,-0.08390402793884277
D,0.35192012786865234,0.8974294662475586,-2.0601952144261304e-07,0.46912842988967896,0.8316047191619873,-0.031358502805233,0.5780256986618042,0.7236430644989014,-0.056579310446977615,0.6141998171806335,0.6210348010063171,-0.08611900359392166,0.5504964590072632,0.5880603790283203,-0.1118641272187233,0.4838593304157257,0.48508507013320923,-0.01938796043395996,0.4990823566913605,0.32039356231689453,-0.08274917304515839,0.5252086520195007,0.38639044761657715,-0.12904158234596252,0.5273972749710083,0.4834378957748413,-0.14885114133358002,0.4044296145439148,0.48617929220199585,-0.03409566730260849,0.4090285003185272,0.29224923253059387,-0.09395529329776764,0.4459350109100342,0.3926377296447754,-0.1262769252061844,0.45390158891677856,0.5023546814918518,-0.135398730635643,0.3287929892539978,0.510630190372467,-0.05596292018890381,0.3186720907688141,0.32285982370376587,-0.1049640104174614,0.36431214213371277,0.41370320320129395,-0.11055654287338257,0.3805118799209595,0.5089702606201172,-0.10285582393407822,0.25251758098602295,0.5584045648574829,-0.08172668516635895,0.25095540285110474,0.442067950963974,-0.11467752605676651,0.2935577630996704,0.5036341547966003,-0.11097411066293716,0.3144839406013489,0.575373113155365,-0.1005241796374321
D,0.34798699617385864,0.8991537094116211,-2.2811808264577849e-07,0.4654747545719147,0.8344472646713257,-0.033441293984651566,0.5754895806312561,0.7266502380371094,-0.05913558229804039,0.6134968996047974,0.6247609257698059,-0.08897719532251358,0.5506306886672974,0.5879873633384705,-0.11463660001754761,0.4807301163673401,0.480351060628891,-0.01633666642010212,0.4947410821914673,0.3198190927505493,-0.07953941822052002,0.5205643773078918,0.3847240209579468,-0.12639644742012024,0.5231451988220215,0.4805220365524292,-0.14686068892478943,0.4023262560367584,0.481266051530838,-0.030299173668026924,0.4068394899368286,0.28981441259384155,-0.09047611057758331,0.4426983892917633,0.39474058151245117,-0.12338633090257645,0.45007315278053284,0.5031126737594604,-0.13247466087341309,0.32780522108078003,0.5057021975517273,-0.05180157721042633,0.3198401629924774,0.32432568073272705,-0.10094790905714035,0.362677663564682,0.42161324620246887,-0.10475599765777588,0.3759381175041199,0.5154756307601929,-0.09550388902425766,0.25220051407814026,0.5543234348297119,-0.07757501304149628,0.2522251605987549,0.4408866763114929,-0.10977758467197418,0.2929757237434387,0.5062649250030518,-0.10387158393859863,0.3116845190525055,0.5755583643913269,-0.0916866734623909
D,0.3455905616283417,0.8893641233444214,-1.9763911041081883e-07,0.46119192242622375,0.8246971368789673,-0.03418119251728058,0.569923460483551,0.721172571182251,-0.061180319637060165,0.6112686991691589,0.6239320039749146,-0.09266868978738785,0.5524057745933533,0.5876344442367554,-0.11984267085790634,0.47910651564598083,0.4754543602466583,-0.018571624532341957,0.4923006594181061,0.3099205195903778,-0.08270109444856644,0.5170403122901917,0.3762154281139374,-0.1300668865442276,0.5177842974662781,0.4744987189769745,-0.15040728449821472,0.4006628692150116,0.47598689794540405,-0.03272419422864914,0.4021124541759491,0.2785065770149231,-0.09320352971553802,0.4360376298427582,0.378223717212677,-0.12648290395736694,0.44396382570266724,0.48769649863243103,-0.13572795689105988,0.32646751403808594,0.5004366040229797,-0.05460118502378464,0.31510868668556213,0.31215551495552063,-0.10296372324228287,0.35581427812576294,0.4002215266227722,-0.10862065851688385,0.37087371945381165,0.4941647946834564,-0.1008351668715477,0.2515830397605896,0.5493167638778687,-0.08095666766166687,0.24679167568683624,0.4340912997722626,-0.112996406853199,0.285938560962677,0.49169716238975525,-0.10958343744277954,0.3069297671318054,0.5611129999160767,-0.09921488910913467
D,0.3406861126422882,0.8900866508483887,-2.2759149942430668e-07,0.458714097738266,0.8217329978942871,-0.031082333996891975,0.5663444399833679,0.7123734951019287,-0.05589458346366882,0.6054677367210388,0.6120390892028809,-0.08562292158603668,0.542411744594574,0.5816263556480408,-0.11143428832292557,0.47698917984962463,0.4725967347621918,-0.016964634880423546,0.48761722445487976,0.30619102716445923,-0.07972463965415955,0.5125306248664856,0.3699561357498169,-0.1256883144378662,0.5138520002365112,0.46892932057380676,-0.1453782618045807,0.397447407245636,0.4741787612438202,-0.03211649879813194,0.3996109664440155,0.27775952219963074,-0.09080210328102112,0.4327066242694855,0.3783315420150757,-0.12264108657836914,0.43990233540534973,0.48721569776535034,-0.13175207376480103,0.322433739900589,0.4986782968044281,-0.05457672104239464,0.313493013381958,0.3139410614967346,-0.10200433433055878,0.353588342666626,0.40796834230422974,-0.10581065714359283,0.3676425814628601,0.5040543079376221,-0.09735182672739029,0.24600768089294434,0.5466919541358948,-0.08127762377262115,0.24317684769630432,0.4329395294189453,-0.11262204498052597,0.28310972452163696,0.4939689338207245,-0.10743621736764908,0.30393537878990173,0.5642898678779602,-0.09625156968832016
D,0.3369767665863037,0.8904354572296143,-2.018906570810941e-07,0.4550766348838806,0.8202676773071289,-0.031147945672273636,0.5642032623291016,0.7114956378936768,-0.056083038449287415,0.5998379588127136,0.6058875918388367,-0.08551143109798431,0.5333142280578613,0.5732386708259583,-0.11078400164842606,0.47327911853790283,0.4719487428665161,-0.013458087109029293,0.48607003688812256,0.3142324388027191,-0.0728466585278511,0.5119718909263611,0.3712541460990906,-0.11575179547071457,0.5143572092056274,0.46815475821495056,-0.13361631333827972,0.3938678205013275,0.4722321927547455,-0.027623485773801804,0.3979301452636719,0.28286293148994446,-0.08322685211896896,0.43143361806869507,0.3830146789550781,-0.11204732209444046,0.43795245885849,0.49054133892059326,-0.11898251622915268,0.3189809322357178,0.4948576092720032,-0.049108050763607025,0.3093719482421875,0.3136501908302307,-0.09500507265329361,0.3496100902557373,0.40761759877204895,-0.09700749814510345,0.3620057702064514,0.5035530924797058,-0.08733315020799637,0.24167400598526,0.5415816307067871,-0.07477393746376038,0.23967307806015015,0.4300414025783539,-0.10577287524938583,0.2793580889701843,0.493497759103775,-0.09961507469415665,0.2987385094165802,0.5649581551551819,-0.08748586475849152
D,0.3379746675491333,0.8952022790908813,-1.9214856195048924e-07,0.4577140808105469,0.8244109153747559,-0.03329259529709816,0.5667802095413208,0.7123222351074219,-0.05771462991833687,0.5947349071502686,0.6012192964553833,-0.08645661920309067,0.5235903859138489,0.5619716048240662,-0.11097875982522964,0.4735296070575714,0.4737802743911743,-0.010545323602855206,0.4887421727180481,0.31759899854660034,-0.0725744366645813,0.5129818916320801,0.3787685036659241,-0.11817119270563126,0.5150008797645569,0.47632402181625366,-0.13712078332901,0.39315739274024963,0.47499188780784607,-0.023418759927153587,0.39516890048980713,0.2859172821044922,-0.08070158958435059,0.43018007278442383,0.38567689061164856,-0.11052834242582321,0.4398454427719116,0.4929603338241577,-0.11718655377626419,0.3176317811012268,0.499971866607666,-0.0442296601831913,0.3086809515953064,0.3231930732727051,-0.09343650192022324,0.35104307532310486,0.4240665137767792,-0.09385154396295547,0.3653828501701355,0.5223711133003235,-0.08127786219120026,0.23994086682796478,0.5497113466262817,-0.0694645494222641,0.24334406852722168,0.43720653653144836,-0.10279665142297745,0.2830687165260315,0.5063534379005432,-0.09462920576334,0.3007507622241974,0.5813827514648438,-0.07968830317258835
D,0.3411857485771179,0.8941564559936523,-2.0972572656319244e-07,0.459038108587265,0.8263758420944214,-0.032100047916173935,0.5670875906944275,0.719646155834198,-0.05720365792512894,0.602717399597168,0.6092944741249084,-0.08655867725610733,0.5338088274002075,0.5697351694107056,-0.11178502440452576,0.4787200689315796,0.47748997807502747,-0.011426650919020176,0.4942673146724701,0.31850069761276245,-0.07145698368549347,0.517360508441925,0.3802318274974823,-0.11525402218103409,0.5182087421417236,0.47556719183921814,-0.1334514170885086,0.3994746506214142,0.47622939944267273,-0.025322595611214638,0.4035666584968567,0.28096631169319153,-0.07987596094608307,0.43549883365631104,0.3821101188659668,-0.10729223489761353,0.4434313178062439,0.488204687833786,-0.11257033050060272,0.32412081956863403,0.5009477138519287,-0.04688437655568123,0.3169308304786682,0.32271456718444824,-0.09381099790334702,0.35659655928611755,0.4190073013305664,-0.09323631227016449,0.3691730499267578,0.5118630528450012,-0.08074852079153061,0.2472514808177948,0.5523282885551453,-0.07271916419267654,0.2510022222995758,0.44100987911224365,-0.10404343158006668,0.2894265651702881,0.5106256604194641,-0.09480887651443481,0.3060838580131531,0.5844036936759949,-0.07981997728347778
D,0.33854788541793823,0.8904465436935425,-1.9464312117634108e-07,0.4590612053871155,0.8222535848617554,-0.032968346029520035,0.5677537322044373,0.71662437915802,-0.05947204679250717,0.6073669791221619,0.6116998791694641,-0.09103015065193176,0.5399903655052185,0.5760651230812073,-0.11882788687944412,0.4774405062198639,0.4760007858276367,-0.016611607745289803,0.49253934621810913,0.31039994955062866,-0.08139222860336304,0.5178166627883911,0.37403959035873413,-0.12978185713291168,0.5197324156761169,0.4725021421909332,-0.1510973423719406,0.39883989095687866,0.4770157039165497,-0.031617093831300735,0.40430644154548645,0.2813296914100647,-0.09320075809955597,0.43887266516685486,0.38413578271865845,-0.12759634852409363,0.4470762610435486,0.49368080496788025,-0.1379336416721344,0.32409054040908813,0.4993603825569153,-0.054155003279447556,0.31622302532196045,0.31241244077682495,-0.10433661192655563,0.3568042516708374,0.4123665690422058,-0.10889637470245361,0.3702332675457001,0.5129804611206055,-0.10032407194375992,0.24767710268497467,0.5456240177154541,-0.08116378635168076,0.2486848682165146,0.433199405670166,-0.11505398899316788,0.2876604497432709,0.5003066658973694,-0.11070030182600021,0.3063054084777832,0.5758559703826904,-0.099667988717556
D,0.3407503068447113,0.8904785513877869,-1.4915863744136004e-07,0.46230220794677734,0.8203116655349731,-0.03569093719124794,0.5740712285041809,0.7114564776420593,-0.0620945580303669,0.5997452735900879,0.6004682779312134,-0.09242471307516098,0.5286893248558044,0.5598095059394836,-0.11839475482702255,0.4780483543872833,0.47047126293182373,-0.014701356180012226,0.49184650182724,0.3106100261211395,-0.07806173712015152,0.5186664462089539,0.3701413869857788,-0.12377704679965973,0.5215080380439758,0.46857064962387085,-0.14247168600559235,0.3988545536994934,0.4713304340839386,-0.027248259633779526,0.40168941020965576,0.27932003140449524,-0.08568097651004791,0.4356226623058319,0.3791753649711609,-0.11599217355251312,0.44293808937072754,0.4861260652542114,-0.1229700818657875,0.32403889298439026,0.495868444442749,-0.047879040241241455,0.3150973320007324,0.31616684794425964,-0.09760195016860962,0.3537602126598358,0.4128381013870239,-0.09910786896944046,0.3645947575569153,0.5094922184944153,-0.08757110685110092,0.24588745832443237,0.545074462890625,-0.0730852410197258,0.24673578143119812,0.4320957362651825,-0.10623890161514282,0.2853253185749054,0.4980640411376953,-0.09908612817525864,0.30216026306152344,0.5717200636863708,-0.08526536077260971
D,0.3388480544090271,0.8954023718833923,-1.9845502663429215e-07,0.4594081938266754,0.8258673548698425,-0.034231677651405334,0.5711402297019958,0.7149114012718201,-0.05947156250476837,0.6011261940002441,0.6036787033081055,-0.08864697813987732,0.5316555500030518,0.5702648162841797,-0.11343203485012054,0.4778258800506592,0.4740079343318939,-0.014230628497898579,0.4939095079898834,0.31501999497413635,-0.07712642848491669,0.5183759927749634,0.3803156912326813,-0.12300252914428711,0.5193221569061279,0.47695720195770264,-0.14243733882904053,0.39807701110839844,0.474187970161438,-0.027899207547307014,0.4030458331108093,0.2795603275299072,-0.08629223704338074,0.4359489977359772,0.3848842978477478,-0.1158977672457695,0.44263124465942383,0.4936389923095703,-0.12230852246284485,0.32214635610580444,0.49851688742637634,-0.04939597100019455,0.3163454234600067,0.31577491760253906,-0.09928503632545471,0.3541257977485657,0.4183505177497864,-0.09927394986152649,0.3646748960018158,0.5154480338096619,-0.08644159138202667,0.24375267326831818,0.5472137331962585,-0.07532340288162231,0.24551258981227875,0.43415290117263794,-0.108599953353405,0.284076452255249,0.5036079287528992,-0.10013894736766815,0.3013502359390259,0.5761603116989136,-0.0852593258023262
D,0.3401050567626953,0.8893624544143677,-1.8242691623981955e-07,0.46015629172325134,0.8220504522323608,-0.03345892205834389,0.5710300207138062,0.7116683721542358,-0.05880273878574371,0.6026637554168701,0.6007272005081177,-0.08816363662481308,0.5299206376075745,0.5712167620658875,-0.11333370953798294,0.4776117503643036,0.46851474046707153,-0.014470688998699188,0.4921748638153076,0.31089431047439575,-0.07618974149227142,0.5179763436317444,0.37555694580078125,-0.12017754465341568,0.5188269019126892,0.4736786484718323,-0.13823717832565308,0.39773744344711304,0.46766340732574463,-0.028537549078464508,0.3994726836681366,0.27078863978385925,-0.08553129434585571,0.4343005120754242,0.37630388140678406,-0.11328309029340744,0.4413835406303406,0.4852444529533386,-0.1183570921421051,0.322196900844574,0.49306488037109375,-0.05018685385584831,0.31414568424224854,0.3126554489135742,-0.09956735372543335,0.3547995686531067,0.4177902340888977,-0.09780671447515488,0.3659144639968872,0.5157753825187683,-0.08363625407218933,0.2439052164554596,0.5445641875267029,-0.07618517428636551,0.2466878443956375,0.42915114760398865,-0.10931698977947235,0.2864161729812622,0.5001576542854309,-0.09948234260082245,0.3027716875076294,0.575013279914856,-0.08351404964923859
D,0.3437519967556,0.8878719210624695,-1.9106578008631914e-07,0.461895227432251,0.8183093667030334,-0.03163972496986389,0.5712523460388184,0.710624635219574,-0.056429386138916016,0.6020776629447937,0.6051737666130066,-0.08560158312320709,0.5344416499137878,0.57179194688797,-0.11062084138393402,0.4794589877128601,0.46960723400115967,-0.014845624566078186,0.49532565474510193,0.3096151351928711,-0.07734472304582596,0.5217545032501221,0.3761747479438782,-0.12329712510108948,0.5242277979850769,0.47269776463508606,-0.14289532601833344,0.40019461512565613,0.47098425030708313,-0.029398275539278984,0.40507352352142334,0.278369277715683,-0.08664844185113907,0.4399227201938629,0.3804393410682678,-0.11659606546163559,0.4470938742160797,0.48745086789131165,-0.12408100068569183,0.3246549963951111,0.4960933327674866,-0.051369115710258484,0.3176506757736206,0.3158229887485504,-0.09963139146566391,0.35716354846954346,0.4168255627155304,-0.10005941241979599,0.3683474659919739,0.5132970809936523,-0.08825260400772095,0.2472306489944458,0.5454310178756714,-0.07760590314865112,0.24894176423549652,0.43240517377853394,-0.10953778773546219,0.2874121069908142,0.500929594039917,-0.10102229565382004,0.30378130078315735,0.5735583901405334,-0.08656415343284607
D,0.3411889672279358,0.8858048915863037,-1.789775581073627e-07,0.4591900706291199,0.8154757022857666,-0.0351065956056118,0.5684893727302551,0.7112085223197937,-0.06373162567615509,0.6000034809112549,0.6041862964630127,-0.09693402051925659,0.5296452641487122,0.563790500164032,-0.125947043299675,0.4794827997684479,0.4681832790374756,-0.015218257904052734,0.4958118200302124,0.30913054943084717,-0.07982639223337173,0.5187246799468994,0.3740890324115753,-0.1268501579761505,0.5199715495109558,0.4715164303779602,-0.14663442969322205,0.3998560905456543,0.4686388671398163,-0.028888976201415062,0.40724655985832214,0.2773764431476593,-0.08860229700803757,0.43847620487213135,0.38315144181251526,-0.11919637024402618,0.4456073045730591,0.4905132055282593,-0.12596124410629272,0.3243809938430786,0.4923652410507202,-0.0506039634346962,0.318084180355072,0.3129972219467163,-0.1000150814652443,0.35661324858665466,0.4135536253452301,-0.10045532882213593,0.3689098656177521,0.5106305480003357,-0.08800917863845825,0.247232124209404,0.5407458543777466,-0.07698085159063339,0.24910129606723785,0.4286513924598694,-0.1091773509979248,0.28747236728668213,0.49621015787124634,-0.10088739544153214,0.3050078749656677,0.5690435171127319,-0.08616553992033005
D,0.34388235211372375,0.8826324939727783,-1.3708805113310518e-07,0.45921432971954346,0.8131833076477051,-0.034123629331588745,0.5670149326324463,0.7066538333892822,-0.06139982119202614,0.6031622886657715,0.6019367575645447,-0.09326998889446259,0.5347538590431213,0.5696882009506226,-0.12102106958627701,0.477664977312088,0.4658750295639038,-0.01715952716767788,0.49370813369750977,0.30599188804626465,-0.08087123185396194,0.5218748450279236,0.36889350414276123,-0.1273559033870697,0.5255927443504333,0.4653927683830261,-0.14718452095985413,0.3991706371307373,0.4672001004219055,-0.031448714435100555,0.4066348969936371,0.27655625343322754,-0.08998633176088333,0.44170689582824707,0.37957459688186646,-0.12022694945335388,0.44842955470085144,0.4850880801677704,-0.12787075340747833,0.3240564465522766,0.49199435114860535,-0.05344754830002785,0.3190634548664093,0.3125901222229004,-0.10287296772003174,0.3584597706794739,0.4150722026824951,-0.10307773947715759,0.36897140741348267,0.5123370289802551,-0.09113921970129013,0.24635440111160278,0.5410280823707581,-0.08008118718862534,0.25114870071411133,0.4297958016395569,-0.11309503763914108,0.28966468572616577,0.4985096752643585,-0.10511931031942368,0.3056161403656006,0.5715546607971191,-0.0911145806312561
D,0.33980366587638855,0.8799232244491577,-1.5769460048886685e-07,0.4563390612602234,0.8137909173965454,-0.03472285717725754,0.5619736313819885,0.7039089798927307,-0.061896294355392456,0.5993829965591431,0.6001361608505249,-0.09365005791187286,0.5318216681480408,0.57056725025177,-0.12134180217981339,0.47531014680862427,0.4690028429031372,-0.021214161068201065,0.49073874950408936,0.3053901195526123,-0.08628308773040771,0.5185264348983765,0.3702220320701599,-0.13377048075199127,0.520185649394989,0.46979090571403503,-0.15440678596496582,0.39698538184165955,0.470127671957016,-0.035909805446863174,0.40243321657180786,0.275707483291626,-0.09770277887582779,0.4376846253871918,0.37776631116867065,-0.13077741861343384,0.4448283910751343,0.48682230710983276,-0.14015284180641174,0.3223285973072052,0.4935813844203949,-0.05819680914282799,0.3150833547115326,0.3102007508277893,-0.10924297571182251,0.3558734953403473,0.4077962338924408,-0.11398996412754059,0.36896198987960815,0.5062069892883301,-0.10541372746229172,0.24583765864372253,0.5407199263572693,-0.08497191220521927,0.24837201833724976,0.43013566732406616,-0.11919703334569931,0.28706008195877075,0.49571219086647034,-0.11527806520462036,0.30502739548683167,0.5701565146446228,-0.10478155314922333
D,0.33746257424354553,0.8799737691879272,-1.574801160586503e-07,0.45540130138397217,0.8151605725288391,-0.03715373948216438,0.5643478631973267,0.7067647576332092,-0.06563780456781387,0.5981476902961731,0.6011288166046143,-0.09773994237184525,0.5281859636306763,0.5643748044967651,-0.12580063939094543,0.4748194217681885,0.46643584966659546,-0.021919742226600647,0.49280688166618347,0.30607154965400696,-0.08845506608486176,0.5163539052009583,0.37299349904060364,-0.13576573133468628,0.5166661739349365,0.47132784128189087,-0.15577849745750427,0.3951686918735504,0.4652535915374756,-0.03555719926953316,0.40389832854270935,0.270887166261673,-0.09842338413000107,0.43494749069213867,0.37974315881729126,-0.12982456386089325,0.44091546535491943,0.4879012107849121,-0.1367868334054947,0.3191533088684082,0.4892178773880005,-0.057108502835035324,0.31517934799194336,0.3072764277458191,-0.11133819073438644,0.3523496985435486,0.41356074810028076,-0.1125868633389473,0.3625972270965576,0.5102482438087463,-0.09997561573982239,0.24186921119689941,0.5388815999031067,-0.0830744206905365,0.24656912684440613,0.42750152945518494,-0.12037183344364166,0.28414058685302734,0.5011509656906128,-0.11340373009443283,0.29962170124053955,0.5746985077857971,-0.09916912019252777
D,0.3327627182006836,0.8753032684326172,-2.2263442644998577e-07,0.45285943150520325,0.8106287717819214,-0.03247399255633354,0.5617502927780151,0.6987335681915283,-0.0567796491086483,0.5980648398399353,0.5874009728431702,-0.08529282361268997,0.5277866125106812,0.5582784414291382,-0.10981415212154388,0.47583961486816406,0.46217307448387146,-0.015198921784758568,0.4911003112792969,0.3027215003967285,-0.07772906869649887,0.5163554549217224,0.36640238761901855,-0.12243101000785828,0.5168775320053101,0.46365633606910706,-0.14116062223911285,0.3960603177547455,0.4599454402923584,-0.029590371996164322,0.4023754298686981,0.2644166052341461,-0.0887211263179779,0.43429896235466003,0.37178629636764526,-0.11743755638599396,0.4394911527633667,0.48136600852012634,-0.12279214709997177,0.3208385407924652,0.48238417506217957,-0.051563624292612076,0.3154100775718689,0.3032819628715515,-0.10133085399866104,0.35294032096862793,0.40641918778419495,-0.1010676771402359,0.36323297023773193,0.5026300549507141,-0.08812181651592255,0.24363455176353455,0.5295794010162354,-0.07785525172948837,0.24629545211791992,0.419561505317688,-0.11079390347003937,0.28339552879333496,0.4892522692680359,-0.10263396799564362,0.2996155619621277,0.5616528987884521,-0.088318832218647
D,0.3338121175765991,0.866606593132019,-1.8257470912885765e-07,0.4517849087715149,0.8014706373214722,-0.033066119998693466,0.5587543845176697,0.6975376605987549,-0.05993153527379036,0.5962864756584167,0.5947798490524292,-0.09130392223596573,0.5298581719398499,0.5562557578086853,-0.11864068359136581,0.4767324924468994,0.45619258284568787,-0.016434798017144203,0.4936973750591278,0.3001444339752197,-0.08088745176792145,0.5172362923622131,0.36522790789604187,-0.12721848487854004,0.5154339075088501,0.4623938500881195,-0.146616593003273,0.39673110842704773,0.4529557228088379,-0.031129470095038414,0.4037596881389618,0.26040321588516235,-0.09033268690109253,0.43323054909706116,0.36854732036590576,-0.11957403272390366,0.4366149306297302,0.476421982049942,-0.12552718818187714,0.3205043077468872,0.47479039430618286,-0.053512394428253174,0.3150457441806793,0.29926174879074097,-0.10324022173881531,0.3497842848300934,0.4057771563529968,-0.10205644369125366,0.35809749364852905,0.5022097826004028,-0.08858182281255722,0.24289923906326294,0.5218244791030884,-0.08032337576150894,0.24373795092105865,0.41657376289367676,-0.11333583295345306,0.2804681360721588,0.4879750907421112,-0.10440170019865036,0.2965022325515747,0.5590081214904785,-0.08930592983961105
D,0.3320974111557007,0.8783692717552185,-1.595878984517185e-07,0.45342308282852173,0.812518835067749,-0.03505421429872513,0.5625923871994019,0.7043479084968567,-0.06162232533097267,0.6021110415458679,0.5991798639297485,-0.09270461648702621,0.535747230052948,0.5615408420562744,-0.1195300966501236,0.47584789991378784,0.4657829701900482,-0.017663436010479927,0.4951794743537903,0.3005785346031189,-0.08501894026994705,0.519539475440979,0.36183619499206543,-0.13411633670330048,0.5208234190940857,0.45961859822273254,-0.15505018830299377,0.39698025584220886,0.46463966369628906,-0.032100606709718704,0.40913626551628113,0.2656703293323517,-0.0967555120587349,0.438559889793396,0.3717450499534607,-0.12981334328651428,0.4436127245426178,0.4819003939628601,-0.13753286004066467,0.3217788338661194,0.4852617383003235,-0.054556503891944885,0.3230587840080261,0.3009069859981537,-0.10871642827987671,0.3568512797355652,0.408042311668396,-0.11036153882741928,0.3654938340187073,0.5087562203407288,-0.09789320826530457,0.2445686310529709,0.5288678407669067,-0.08161892741918564,0.25397932529449463,0.4174213111400604,-0.11751914769411087,0.2877662479877472,0.4908357858657837,-0.11033734679222107,0.30142942070961,0.5668048858642578,-0.09614557772874832
D,0.3361106216907501,0.8811644315719604,-1.0318293419686597e-07,0.4555228650569916,0.8183215856552124,-0.03657717630267143,0.561461329460144,0.7114216089248657,-0.06484479457139969,0.6044228672981262,0.6046737432479858,-0.0975193902850151,0.5361005067825317,0.5655986070632935,-0.12677611410617828,0.47841644287109375,0.47551220655441284,-0.022154374048113823,0.4960801303386688,0.31284838914871216,-0.08827091753482819,0.5197500586509705,0.3623735010623932,-0.13452506065368652,0.5218086838722229,0.45780235528945923,-0.15352852642536163,0.3998648524284363,0.4706180691719055,-0.036063484847545624,0.41160574555397034,0.27030161023139954,-0.09881862998008728,0.43879234790802,0.3669753968715668,-0.12898048758506775,0.4446870982646942,0.4741459786891937,-0.13492941856384277,0.32503175735473633,0.49188318848609924,-0.058035559952259064,0.3235138952732086,0.3077746629714966,-0.11159597337245941,0.3562298119068146,0.4010888338088989,-0.11483130604028702,0.365930438041687,0.49732089042663574,-0.103971928358078,0.24667194485664368,0.5385021567344666,-0.08454727381467819,0.25314652919769287,0.42568257451057434,-0.12091614305973053,0.28712961077690125,0.4899913966655731,-0.11643043160438538,0.3024630546569824,0.5652213096618652,-0.10468199104070663
D,0.3427753150463104,0.886676549911499,-9.92303412772344e-08,0.46249568462371826,0.8216298818588257,-0.03582428768277168,0.571404218673706,0.7133750915527344,-0.06249924749135971,0.6103712320327759,0.6058757305145264,-0.09323083609342575,0.5431970953941345,0.5630754828453064,-0.11987592279911041,0.4839869439601898,0.47298911213874817,-0.020567022264003754,0.5024646520614624,0.30658411979675293,-0.08467888832092285,0.526351273059845,0.35526353120803833,-0.1282770335674286,0.5299007892608643,0.44830355048179626,-0.1457316279411316,0.4056520164012909,0.47017383575439453,-0.0344204306602478,0.41833069920539856,0.26769784092903137,-0.09696608036756516,0.44735831022262573,0.3676760196685791,-0.1260843425989151,0.4547451436519623,0.47622695565223694,-0.13087521493434906,0.3305370509624481,0.4934694468975067,-0.056068453937768936,0.33055901527404785,0.3057786822319031,-0.11094292253255844,0.364716112613678,0.40730997920036316,-0.11208447068929672,0.3758922517299652,0.5074285268783569,-0.09890972822904587,0.25149163603782654,0.5423818826675415,-0.0820392593741417,0.2588984966278076,0.4287325441837311,-0.12088795751333237,0.2943651080131531,0.49881571531295776,-0.11541341245174408,0.3109532296657562,0.5759056806564331,-0.10185761004686356
D,0.33759987354278564,0.8837026357650757,-8.956062202969406e-08,0.4594844877719879,0.815558910369873,-0.03465219587087631,0.5674204230308533,0.7092270255088806,-0.06110677123069763,0.6069806814193726,0.6006059646606445,-0.09221183508634567,0.5397847890853882,0.5536108016967773,-0.11952108889818192,0.483506977558136,0.4723950922489166,-0.018466481938958168,0.5013043880462646,0.3026178479194641,-0.08182093501091003,0.5256983041763306,0.3463761806488037,-0.1254507601261139,0.5298765897750854,0.43943560123443604,-0.14294275641441345,0.4053342640399933,0.4693357050418854,-0.032409749925136566,0.41761407256126404,0.2677088677883148,-0.09343207627534866,0.4460756480693817,0.3625801205635071,-0.12351170182228088,0.453366219997406,0.468853622674942,-0.1299290806055069,0.3303806781768799,0.49176913499832153,-0.05413011088967323,0.33022743463516235,0.3055548071861267,-0.1069035455584526,0.363569974899292,0.4005897641181946,-0.11050831526517868,0.37445712089538574,0.4987785220146179,-0.10025827586650848,0.2507847249507904,0.5396680235862732,-0.08013302832841873,0.258794903755188,0.426458477973938,-0.11707648634910583,0.2933524250984192,0.49167412519454956,-0.11323654651641846,0.3094956576824188,0.5680133700370789,-0.10181278735399246
D,0.33816128969192505,0.8773970603942871,-8.266081863439467e-08,0.4585203528404236,0.8147289752960205,-0.03319166228175163,0.5638275146484375,0.7049902677536011,-0.05759819969534874,0.6049069166183472,0.5960127711296082,-0.08632045239210129,0.53843092918396,0.5531970262527466,-0.11170000582933426,0.4787678122520447,0.4729945659637451,-0.02082838863134384,0.4945245385169983,0.3023039698600769,-0.08256308734416962,0.5197510719299316,0.34339776635169983,-0.1250995397567749,0.5237303376197815,0.43499448895454407,-0.14193017780780792,0.40096619725227356,0.46695929765701294,-0.034293998032808304,0.41010531783103943,0.26175206899642944,-0.09206806868314743,0.43959805369377136,0.3505377173423767,-0.12003379315137863,0.44610705971717834,0.4552983045578003,-0.12566551566123962,0.3267024755477905,0.48798102140426636,-0.05489654839038849,0.3255527913570404,0.298348605632782,-0.10465794801712036,0.358810156583786,0.3923453092575073,-0.1059420108795166,0.368823379278183,0.49051743745803833,-0.09472756832838058,0.2480066418647766,0.5343002676963806,-0.07967104017734528,0.25380751490592957,0.42028915882110596,-0.11558186262845993,0.28842926025390625,0.4839058816432953,-0.1108311340212822,0.304468035697937,0.5594872832298279,-0.09871216863393784
D,0.3387362062931061,0.8907973170280457,-1.437765604350716e-07,0.46102797985076904,0.819538414478302,-0.029850903898477554,0.5673785209655762,0.7185217142105103,-0.056024737656116486,0.605652391910553,0.6158487200737,-0.08781533688306808,0.5376197099685669,0.5933108329772949,-0.11574315279722214,0.4759851396083832,0.47607091069221497,-0.009687116369605064,0.4864948093891144,0.31735771894454956,-0.07156457751989365,0.5155178904533386,0.3820142149925232,-0.11897756904363632,0.5193954110145569,0.48043766617774963,-0.14006681740283966,0.3991767466068268,0.4761330783367157,-0.02637045457959175,0.4026237428188324,0.27405378222465515,-0.08110175281763077,0.43748700618743896,0.37040719389915466,-0.11157342046499252,0.4447426497936249,0.4763324558734894,-0.12018357962369919,0.3255401849746704,0.5002681016921997,-0.050728797912597656,0.31834450364112854,0.3155060410499573,-0.09722777456045151,0.3577103018760681,0.40968650579452515,-0.10027463734149933,0.36842429637908936,0.5045003294944763,-0.09115332365036011,0.24984323978424072,0.5508161187171936,-0.07942761480808258,0.25416696071624756,0.43793755769729614,-0.10953943431377411,0.2925274670124054,0.503877580165863,-0.10227104276418686,0.3086332082748413,0.5790850520133972,-0.089909628033638
D,0.3410005569458008,0.9189350008964539,-8.435274878593191e-08,0.4616849422454834,0.8339112401008606,-0.03353322669863701,0.5476945638656616,0.7087874412536621,-0.057876236736774445,0.5216342806816101,0.6190847158432007,-0.08671750873327255,0.4304875135421753,0.6505944728851318,-0.11222425103187561,0.4817466139793396,0.49424171447753906,-0.0069677578285336494,0.49359795451164246,0.3377925157546997,-0.06218874454498291,0.5148046612739563,0.415753036737442,-0.10771884024143219,0.5172429084777832,0.5123213529586792,-0.1312141716480255,0.4078797698020935,0.4892558753490448,-0.01997757889330387,0.4141334593296051,0.2972910404205322,-0.06868058443069458,0.439298540353775,0.3918987810611725,-0.0978512093424797,0.44266417622566223,0.4931902587413788,-0.10780502110719681,0.33477672934532166,0.513193666934967,-0.04088498279452324,0.3290329873561859,0.33702778816223145,-0.08255749940872192,0.35997703671455383,0.4395586848258972,-0.08640661090612411,0.36578369140625,0.5380867123603821,-0.0784938633441925,0.2598540186882019,0.5647238492965698,-0.06649462133646011,0.26598262786865234,0.45298612117767334,-0.0927668884396553,0.3013571798801422,0.5188085436820984,-0.08527439832687378,0.3154222071170807,0.5935064554214478,-0.07402868568897247
D,0.3391861617565155,0.9192705154418945,-6.522122220076199e-08,0.4565143883228302,0.8394046425819397,-0.038212038576602936,0.5382604598999023,0.7136644721031189,-0.06484398245811462,0.5082482695579529,0.6198821663856506,-0.09568002074956894,0.41725608706474304,0.6418583989143372,-0.12319544702768326,0.48534098267555237,0.489244282245636,-0.008462713100016117,0.49951452016830444,0.3376234173774719,-0.0642213448882103,0.5204888582229614,0.41329991817474365,-0.11014024913311005,0.5204153060913086,0.5091635584831238,-0.1340639889240265,0.4128417670726776,0.48267751932144165,-0.020087830722332,0.4198409616947174,0.2935439646244049,-0.0703359916806221,0.44550609588623047,0.38583528995513916,-0.10135411471128464,0.449227511882782,0.486192524433136,-0.11240474879741669,0.3402356505393982,0.5076758861541748,-0.040159497410058975,0.33542346954345703,0.33306190371513367,-0.08453724533319473,0.36663109064102173,0.4367281198501587,-0.09076956659555435,0.37314340472221375,0.5375199317932129,-0.08411867171525955,0.26464998722076416,0.5631627440452576,-0.06525390595197678,0.27113035321235657,0.45779380202293396,-0.09571488201618195,0.30614620447158813,0.5239934325218201,-0.09177786856889725,0.3205336928367615,0.5994770526885986,-0.08261899650096893
D,0.33523839712142944,0.9155194163322449,-5.574076666903238e-08,0.4516145586967468,0.8411463499069214,-0.037343040108680725,0.5364872813224792,0.7164301872253418,-0.06360835582017899,0.5104491114616394,0.6207290887832642,-0.09358135610818863,0.42056888341903687,0.639914870262146,-0.12008903175592422,0.4802742004394531,0.49041855335235596,-0.014417425729334354,0.4959423840045929,0.3343018889427185,-0.06988967210054398,0.5193476676940918,0.4068097174167633,-0.11367945373058319,0.5195796489715576,0.5015976428985596,-0.13585492968559265,0.4078347384929657,0.48289954662323,-0.026035906746983528,0.41633668541908264,0.29075151681900024,-0.0744674801826477,0.4434727430343628,0.3819652199745178,-0.10233721137046814,0.44660133123397827,0.48122739791870117,-0.11165694147348404,0.3359975218772888,0.5084479451179504,-0.045518528670072556,0.33040738105773926,0.33246850967407227,-0.08821289241313934,0.3628023862838745,0.4349055588245392,-0.09184736013412476,0.3699168562889099,0.5348484516143799,-0.08403095602989197,0.26109325885772705,0.5652395486831665,-0.06982915848493576,0.26707279682159424,0.45585671067237854,-0.09959986060857773,0.303625226020813,0.5192855596542358,-0.0943353995680809,0.3192196190357208,0.5943935513496399,-0.084353007376194
D,0.3332257568836212,0.9200673699378967,-3.680578331000106e-08,0.4501687288284302,0.8472138047218323,-0.038319095969200134,0.5354794859886169,0.7250566482543945,-0.0662073940038681,0.5147740840911865,0.6323937177658081,-0.0980396568775177,0.42733073234558105,0.6491406559944153,-0.12616996467113495,0.4782552123069763,0.49331554770469666,-0.01392123568803072,0.49518197774887085,0.3414074778556824,-0.07312717288732529,0.5181777477264404,0.41561177372932434,-0.11929462105035782,0.518406093120575,0.5112437009811401,-0.1422930806875229,0.40575021505355835,0.48730847239494324,-0.025885367766022682,0.4146379232406616,0.29695260524749756,-0.07932115346193314,0.44278058409690857,0.3941238522529602,-0.10827112942934036,0.44634658098220825,0.494221031665802,-0.11674392223358154,0.33327656984329224,0.5123059153556824,-0.04613558202981949,0.3298582136631012,0.3377322554588318,-0.09383588284254074,0.36190691590309143,0.4489566683769226,-0.0953945517539978,0.36680763959884644,0.5486935973167419,-0.08432883769273758,0.2575186491012573,0.567116379737854,-0.07134079188108444,0.2677547037601471,0.4604295790195465,-0.10340239852666855,0.3027462959289551,0.5327392816543579,-0.09574409574270248,0.31477081775665283,0.6073621511459351,-0.08296134322881699
D,0.32049989700317383,0.9126016497612,-3.5681726018310655e-08,0.438190221786499,0.8442769050598145,-0.03435175493359566,0.525998592376709,0.7273526191711426,-0.06089538335800171,0.5102974772453308,0.6319655179977417,-0.09144099056720734,0.42384999990463257,0.6425158381462097,-0.11799543350934982,0.47441402077674866,0.4972895383834839,-0.015731386840343475,0.49034854769706726,0.33223047852516174,-0.07240182906389236,0.5151299238204956,0.4019598960876465,-0.11444830894470215,0.5151535272598267,0.4990456700325012,-0.13421806693077087,0.40040701627731323,0.48870012164115906,-0.02863791398704052,0.4078401029109955,0.28782355785369873,-0.07852689921855927,0.439195454120636,0.38291674852371216,-0.10252895206212997,0.44306543469429016,0.483986496925354,-0.10787535458803177,0.327853798866272,0.5114224553108215,-0.049109648913145065,0.3247225880622864,0.3323574662208557,-0.09297382086515427,0.35948723554611206,0.44121816754341125,-0.09004001319408417,0.36504560708999634,0.5382567644119263,-0.07696732878684998,0.2519397735595703,0.5641487240791321,-0.07432778179645538,0.26251500844955444,0.457755446434021,-0.10389962792396545,0.29809945821762085,0.529272735118866,-0.0937732607126236,0.30945879220962524,0.6027782559394836,-0.07956743985414505
D,0.32648423314094543,0.9213517904281616,-1.1499578533857857e-07,0.4429885149002075,0.8537033796310425,-0.03546488657593727,0.5321539640426636,0.7240682244300842,-0.05894932150840759,0.5093563199043274,0.6186951398849487,-0.08644432574510574,0.4194085896015167,0.6405547857284546,-0.11012398451566696,0.48091089725494385,0.494964063167572,-0.009211711585521698,0.4992370009422302,0.336317777633667,-0.0631752461194992,0.5200659036636353,0.41191959381103516,-0.10660622268915176,0.5168889760971069,0.5100010633468628,-0.12846817076206207,0.4081357717514038,0.4865117073059082,-0.02094108611345291,0.41675904393196106,0.29444417357444763,-0.06740295141935349,0.4436322748661041,0.38427799940109253,-0.09392344951629639,0.44571682810783386,0.4855470657348633,-0.10239012539386749,0.33601298928260803,0.5107473134994507,-0.0408175066113472,0.33125874400138855,0.3311973810195923,-0.08147277683019638,0.3652917146682739,0.43007227778434753,-0.0849413275718689,0.37307193875312805,0.5297264456748962,-0.07751773297786713,0.25917938351631165,0.5651351809501648,-0.06560838222503662,0.26417234539985657,0.4578501582145691,-0.09413124620914459,0.3012465238571167,0.5194303393363953,-0.08971486240625381,0.3168218433856964,0.5939192175865173,-0.08060774207115173
D,0.3333476185798645,0.9272531270980835,-8.809701057543862e-08,0.4522286355495453,0.8578840494155884,-0.03433677554130554,0.5391919016838074,0.7332208156585693,-0.05982702970504761,0.5202297568321228,0.6322730779647827,-0.08945859968662262,0.4304870069026947,0.6518349051475525,-0.1153397336602211,0.48170074820518494,0.5000451803207397,-0.01435238029807806,0.5002781748771667,0.3440614938735962,-0.07166507095098495,0.5232758522033691,0.42460668087005615,-0.1164168193936348,0.5216102600097656,0.5215651392936707,-0.13921475410461426,0.4094742238521576,0.493396520614624,-0.02815089374780655,0.41992223262786865,0.2974390387535095,-0.07781632989645004,0.44758203625679016,0.3964446187019348,-0.10362432152032852,0.449192613363266,0.4967057704925537,-0.11119917780160904,0.33700108528137207,0.5188904404640198,-0.04965683072805405,0.3338865637779236,0.3424449563026428,-0.09384377300739288,0.36718401312828064,0.454306423664093,-0.09284655004739761,0.37244346737861633,0.5536329746246338,-0.08141456544399261,0.26099693775177,0.5739009380340576,-0.07588501274585724,0.26970916986465454,0.4654804766178131,-0.10628770291805267,0.30673032999038696,0.5375357270240784,-0.09760774672031403,0.3202463388442993,0.6128517985343933,-0.08486692607402802
D,0.3274580240249634,0.9248961210250854,-1.1803888355643721e-07,0.45093294978141785,0.8567836880683899,-0.03580448031425476,0.54189532995224,0.7307747006416321,-0.060543399304151535,0.5315988063812256,0.6278197169303894,-0.08952809125185013,0.44278085231781006,0.6420052647590637,-0.11469510942697525,0.4815259575843811,0.49824953079223633,-0.011686572805047035,0.5006425380706787,0.3449779152870178,-0.07304330915212631,0.5227988362312317,0.4289069175720215,-0.12236694991588593,0.5214356184005737,0.5262894630432129,-0.1480545550584793,0.40904709696769714,0.4933679699897766,-0.025825602933764458,0.41829660534858704,0.2989232540130615,-0.08224431425333023,0.4466632306575775,0.4000678062438965,-0.11456194519996643,0.4500579237937927,0.5025303959846497,-0.12559174001216888,0.33518677949905396,0.5181047916412354,-0.04821382835507393,0.33330559730529785,0.33913561701774597,-0.0989537164568901,0.3677193224430084,0.4541053771972656,-0.1024843230843544,0.3739769756793976,0.5553257465362549,-0.09284131228923798,0.25882887840270996,0.5708043575286865,-0.07532757520675659,0.2725926637649536,0.46563899517059326,-0.11107150465250015,0.3084200620651245,0.5413546562194824,-0.1059100329875946,0.32008522748947144,0.6173596978187561,-0.09497088938951492
D,0.3415173292160034,0.9269750118255615,-6.280156839011397e-08,0.46041664481163025,0.8559050559997559,-0.03672031685709953,0.5486776828765869,0.7349317073822021,-0.06446491926908493,0.5318853259086609,0.6415688991546631,-0.09654654562473297,0.4415523111820221,0.6561673879623413,-0.12461905926465988,0.4881740212440491,0.4968790113925934,-0.015450717881321907,0.506673276424408,0.3436867594718933,-0.07929328083992004,0.5284392833709717,0.4247441291809082,-0.1282629519701004,0.528089165687561,0.5234079360961914,-0.15266360342502594,0.4132941663265228,0.49047330021858215,-0.029532769694924355,0.4257522523403168,0.2962554693222046,-0.08601676672697067,0.45111146569252014,0.3993791937828064,-0.11459632217884064,0.45413315296173096,0.5001211762428284,-0.12214336544275284,0.33863967657089233,0.5147517919540405,-0.052021730691194534,0.33825188875198364,0.337971031665802,-0.10190700739622116,0.3677777945995331,0.4604250192642212,-0.09901279211044312,0.3731078803539276,0.5601751804351807,-0.08443382382392883,0.26139897108078003,0.5697672963142395,-0.07956266403198242,0.2746543884277344,0.46997809410095215,-0.11288821697235107,0.3079701066017151,0.5496314167976379,-0.10226130485534668,0.31994348764419556,0.6216587424278259,-0.08688081800937653
D,0.33996209502220154,0.9354711771011353,2.9737648787886428e-08,0.4613499343395233,0.867152214050293,-0.047701120376586914,0.5520711541175842,0.7467811107635498,-0.08280406147241592,0.5329342484474182,0.6481310725212097,-0.12088446319103241,0.4393702745437622,0.6701040267944336,-0.15434511005878448,0.49120771884918213,0.5001533031463623,-0.024801088497042656,0.5105220079421997,0.3504219055175781,-0.0920015424489975,0.5362799763679504,0.43207740783691406,-0.14290215075016022,0.5368845462799072,0.5332478284835815,-0.16849187016487122,0.41634470224380493,0.4951684772968292,-0.03638484328985214,0.4285522699356079,0.30308616161346436,-0.09866448491811752,0.4576699733734131,0.406543493270874,-0.13152103126049042,0.4620021879673004,0.5076289176940918,-0.1413310319185257,0.3418055474758148,0.5207284092903137,-0.05720632150769234,0.3414643108844757,0.3455861806869507,-0.11303380131721497,0.37530791759490967,0.4655117988586426,-0.11566804349422455,0.3813088834285736,0.5671980977058411,-0.10399937629699707,0.26510870456695557,0.5764395594596863,-0.08388767391443253,0.28031665086746216,0.4777678847312927,-0.12230322510004044,0.31624823808670044,0.5562216639518738,-0.11645699292421341,0.32817643880844116,0.630913496017456,-0.10419275611639023
D,0.33694759011268616,0.9503026008605957,-5.3479933370681465e-08,0.4543144702911377,0.8855373859405518,-0.04611365124583244,0.5439916253089905,0.7600622177124023,-0.0785045251250267,0.5212587714195251,0.6568388342857361,-0.11358852684497833,0.4258033037185669,0.6733312010765076,-0.14352087676525116,0.4920026659965515,0.5100534558296204,-0.023508165031671524,0.5139498114585876,0.36588650941848755,-0.08737415820360184,0.537874162197113,0.4542028605937958,-0.13475413620471954,0.5382516384124756,0.5524612665176392,-0.158741295337677,0.4160977602005005,0.5004384517669678,-0.03449484333395958,0.43312278389930725,0.31805408000946045,-0.09412828087806702,0.46180811524391174,0.4265158474445343,-0.12320516258478165,0.46398141980171204,0.5289454460144043,-0.1305709183216095,0.34072476625442505,0.5254562497138977,-0.054454416036605835,0.34020596742630005,0.3544866144657135,-0.10943228006362915,0.37588393688201904,0.48113712668418884,-0.1094553992152214,0.38419681787490845,0.5854113698005676,-0.09574444591999054,0.2630040645599365,0.5836581587791443,-0.07995902001857758,0.2774401903152466,0.48797523975372314,-0.11968249827623367,0.31717389822006226,0.5687780380249023,-0.11390724778175354,0.333223819732666,0.644586443901062,-0.10087256133556366
D,0.34717193245887756,0.9547151923179626,-3.648659685495659e-07,0.47324180603027344,0.8896301984786987,-0.04265984147787094,0.5828999280929565,0.7584784030914307,-0.06896036863327026,0.5843048095703125,0.6626542210578918,-0.09734461456537247,0.49886563420295715,0.6836450695991516,-0.11883309483528137,0.503812849521637,0.5108866691589355,-0.014520050026476383,0.5242063403129578,0.39730679988861084,-0.07739250361919403,0.5342133045196533,0.5134034752845764,-0.12263350933790207,0.5212866067886353,0.6112342476844788,-0.14514440298080444,0.42312654852867126,0.5023804903030396,-0.027801882475614548,0.43664929270744324,0.3347061276435852,-0.09142336994409561,0.4602300226688385,0.4640113115310669,-0.12027797847986221,0.4556017220020294,0.5714109539985657,-0.12532632052898407,0.345611035823822,0.5253564715385437,-0.05047197639942169,0.3442927896976471,0.3629404902458191,-0.10891737788915634,0.3839046359062195,0.49490872025489807,-0.1102013811469078,0.39218655228614807,0.5913203954696655,-0.09604409337043762,0.2654106616973877,0.5816096067428589,-0.07798340916633606,0.2829935848712921,0.49098485708236694,-0.11698850244283676,0.3254484534263611,0.5799107551574707,-0.11057665199041367,0.3402658998966217,0.6521707773208618,-0.09713159501552582
D,0.35118168592453003,0.953201413154602,-3.602113451961486e-07,0.46777406334877014,0.8953498601913452,-0.036095377057790756,0.5733328461647034,0.7783530950546265,-0.06250833719968796,0.5971804857254028,0.6851301193237305,-0.09338261187076569,0.5272234082221985,0.7053486704826355,-0.11890231817960739,0.5041488409042358,0.5280727744102478,-0.01584172621369362,0.5323032736778259,0.4092000424861908,-0.07724948972463608,0.542925238609314,0.5184948444366455,-0.12093866616487503,0.5329387784004211,0.6167489290237427,-0.14223457872867584,0.4254857897758484,0.5178859233856201,-0.03184368833899498,0.44967660307884216,0.34654584527015686,-0.0919390544295311,0.4691334664821625,0.47112029790878296,-0.11764977872371674,0.46383190155029297,0.580707311630249,-0.12121792137622833,0.347469300031662,0.5390724539756775,-0.056415971368551254,0.346915066242218,0.3625543713569641,-0.10923746973276138,0.38151222467422485,0.4854883551597595,-0.10985396057367325,0.3911767899990082,0.5859112739562988,-0.09644332528114319,0.2651670575141907,0.5925230979919434,-0.08540643006563187,0.27032989263534546,0.4838939309120178,-0.11981216818094254,0.31189534068107605,0.5618394613265991,-0.11293014883995056,0.3325686454772949,0.6382956504821777,-0.09982672333717346
D,0.3457529544830322,0.9571654796600342,-3.638296846020239e-07,0.46236899495124817,0.9003608226776123,-0.03937029093503952,0.5741202235221863,0.7893603444099426,-0.06758996099233627,0.5925678014755249,0.6953686475753784,-0.09874705970287323,0.5126744508743286,0.7144162654876709,-0.12379821389913559,0.5006824731826782,0.5405526161193848,-0.01962251216173172,0.5246893167495728,0.4158727526664734,-0.08126121759414673,0.5360251665115356,0.5267603397369385,-0.12227154523134232,0.5261363387107849,0.6219482421875,-0.14126962423324585,0.4217342436313629,0.5300053358078003,-0.03374245762825012,0.4436030089855194,0.3637353777885437,-0.09473118185997009,0.46523916721343994,0.5012578368186951,-0.11781856417655945,0.45901939272880554,0.6082437038421631,-0.11884143203496933,0.34304699301719666,0.5475422739982605,-0.05640377849340439,0.34451374411582947,0.37857165932655334,-0.11084452271461487,0.3802182674407959,0.511797308921814,-0.10597845911979675,0.3853534460067749,0.6101722121238708,-0.08804452419281006,0.25854164361953735,0.5950059294700623,-0.0836600661277771,0.26836609840393066,0.4903092384338379,-0.11924182623624802,0.30959153175354004,0.5771216750144958,-0.10828062146902084,0.3247348666191101,0.6535574793815613,-0.09120000153779984
D,0.35307878255844116,0.9512988328933716,-3.0910308623788296e-07,0.4669417142868042,0.893336296081543,-0.04032821208238602,0.5779799222946167,0.7814452052116394,-0.069857157766819,0.5905562043190002,0.6926975250244141,-0.10266910493373871,0.5076877474784851,0.7188270688056946,-0.13010647892951965,0.500730037689209,0.532861590385437,-0.01851479522883892,0.5244972705841064,0.40557318925857544,-0.08349453657865524,0.5358668565750122,0.5153631567955017,-0.12933212518692017,0.5287923216819763,0.6168220639228821,-0.15060405433177948,0.4221009612083435,0.5249049067497253,-0.0320545919239521,0.44180068373680115,0.36139488220214844,-0.09484926611185074,0.4638098478317261,0.494576096534729,-0.12158425897359848,0.46099454164505005,0.6058220267295837,-0.12460537999868393,0.34445419907569885,0.5435580015182495,-0.0546720065176487,0.3441299498081207,0.3749721348285675,-0.10963913798332214,0.3792523145675659,0.5010132789611816,-0.10827327519655228,0.38598138093948364,0.6013587117195129,-0.09209650754928589,0.26245951652526855,0.5905943512916565,-0.08207502961158752,0.2725493907928467,0.48003020882606506,-0.11658383905887604,0.3118956685066223,0.5633981823921204,-0.10652592033147812,0.32612237334251404,0.6424501538276672,-0.0898645892739296
D,0.3499075174331665,0.9592386484146118,-2.8449622391235607e-07,0.4680512547492981,0.8976520299911499,-0.03565124422311783,0.57993483543396,0.7796822190284729,-0.06093878298997879,0.5906808376312256,0.6790766716003418,-0.08920837193727493,0.5012897849082947,0.7021478414535522,-0.11182262003421783,0.49885112047195435,0.5364888906478882,-0.01395373698323965,0.5262649655342102,0.4109266400337219,-0.07083538174629211,0.5446324348449707,0.512800931930542,-0.11066359281539917,0.5322628617286682,0.6072999835014343,-0.12945455312728882,0.42139932513237,0.5235567092895508,-0.02817845717072487,0.4418812096118927,0.3565179705619812,-0.08378111571073532,0.4729984402656555,0.48467007279396057,-0.1084643006324768,0.46385157108306885,0.5890098810195923,-0.11218536645174026,0.34524261951446533,0.5397253632545471,-0.050059664994478226,0.34622085094451904,0.37435027956962585,-0.09976103156805038,0.390259712934494,0.502554714679718,-0.09697620570659637,0.3923163414001465,0.5980333685874939,-0.08206070214509964,0.2624201774597168,0.5858074426651001,-0.07611111551523209,0.2789008617401123,0.48260223865509033,-0.10834129899740219,0.3249775767326355,0.5652573704719543,-0.09732556343078613,0.33682525157928467,0.6383262276649475,-0.08133948594331741
D,0.3522498905658722,0.9576879739761353,-2.6527754926064517e-07,0.4717160761356354,0.9011442065238953,-0.035266559571027756,0.5860614776611328,0.7863136529922485,-0.05920034646987915,0.6015492677688599,0.6870825886726379,-0.08586035668849945,0.5131087303161621,0.7053996324539185,-0.10713539272546768,0.5048423409461975,0.5371914505958557,-0.012389404699206352,0.5330994725227356,0.4147048592567444,-0.06940339505672455,0.5516847968101501,0.5124388933181763,-0.11143390089273453,0.5385876893997192,0.6057351231575012,-0.1319389045238495,0.42630988359451294,0.521649181842804,-0.02620738185942173,0.44622594118118286,0.35340553522109985,-0.07988254725933075,0.47658947110176086,0.4767164885997772,-0.10478346049785614,0.46781089901924133,0.5804315209388733,-0.10939551889896393,0.34854790568351746,0.5362029075622559,-0.04767264425754547,0.35125789046287537,0.3811705410480499,-0.09587989747524261,0.3926798105239868,0.5088781118392944,-0.09191100299358368,0.39452069997787476,0.6019564270973206,-0.07656791061162949,0.2653895914554596,0.5808707475662231,-0.07350396364927292,0.28424668312072754,0.4841023087501526,-0.10312525928020477,0.32702958583831787,0.5676723718643188,-0.08994418382644653,0.33705851435661316,0.6378793716430664,-0.07300547510385513
D,0.34742236137390137,0.9565830230712891,-2.797364970774652e-07,0.46808844804763794,0.9094292521476746,-0.040234994143247604,0.5859427452087402,0.801223635673523,-0.06670856475830078,0.6056532859802246,0.7034553289413452,-0.09631828218698502,0.5186629295349121,0.7172877192497253,-0.11986318230628967,0.5130400657653809,0.5507028698921204,-0.015120912343263626,0.5388175845146179,0.4226953685283661,-0.07875194400548935,0.5509980320930481,0.5253951549530029,-0.12336602807044983,0.539571225643158,0.6226212978363037,-0.14417797327041626,0.43181949853897095,0.5363473892211914,-0.027990475296974182,0.4499066174030304,0.37112748622894287,-0.0934189185500145,0.47589975595474243,0.4960903823375702,-0.12332184612751007,0.4726228713989258,0.6040343046188354,-0.12821467220783234,0.3530806303024292,0.5504686832427979,-0.049813948571681976,0.352655827999115,0.38701552152633667,-0.10641277581453323,0.39317524433135986,0.5136358737945557,-0.10808157175779343,0.40319424867630005,0.6125263571739197,-0.0941343680024147,0.27133747935295105,0.5934712886810303,-0.07638805359601974,0.288571834564209,0.5032424926757812,-0.11282165348529816,0.3311649262905121,0.5857694149017334,-0.1072026938199997,0.3485430181026459,0.6591441631317139,-0.09396934509277344
D,0.33576351404190063,0.9567452669143677,-3.464615474513266e-07,0.4632757604122162,0.9112705588340759,-0.03451552987098694,0.5831974148750305,0.8007173538208008,-0.056248631328344345,0.6062418222427368,0.7035166621208191,-0.0818004310131073,0.5220174789428711,0.7195084095001221,-0.10099685937166214,0.5120967626571655,0.5475170612335205,-0.00968830194324255,0.5393245816230774,0.4286956787109375,-0.07072557508945465,0.5459785461425781,0.5434796810150146,-0.11213430762290955,0.5322332382202148,0.6394621133804321,-0.13100910186767578,0.42947158217430115,0.5341222882270813,-0.024377889931201935,0.44866594672203064,0.37817031145095825,-0.08845514059066772,0.47338593006134033,0.5121883153915405,-0.11428627371788025,0.4711841642856598,0.6208255887031555,-0.11614178866147995,0.3491312861442566,0.549034833908081,-0.04771645739674568,0.35228830575942993,0.3912222385406494,-0.1057802364230156,0.3920861482620239,0.5312525629997253,-0.10479776561260223,0.40433093905448914,0.6348443031311035,-0.08807539939880371,0.2666923701763153,0.5941382646560669,-0.07504992187023163,0.28748828172683716,0.5060315728187561,-0.11348232626914978,0.3297259509563446,0.5986491441726685,-0.10708965361118317,0.3486713171005249,0.6774670481681824,-0.09240807592868805
D,0.33842021226882935,0.9556876420974731,-2.1739803912623756e-07,0.4654511511325836,0.9099407196044922,-0.0332908108830452,0.5827464461326599,0.8052352666854858,-0.056499581784009933,0.6136844754219055,0.6983917355537415,-0.08428721129894257,0.5343803763389587,0.7110708355903625,-0.10647431761026382,0.5025503635406494,0.5541419982910156,-0.008528567850589752,0.5323624610900879,0.4230162501335144,-0.070031076669693,0.5482631921768188,0.5241243243217468,-0.11375686526298523,0.537857174873352,0.6281048655509949,-0.13350312411785126,0.4250108301639557,0.5434180498123169,-0.023792685940861702,0.44618552923202515,0.37840569019317627,-0.08859417587518692,0.4788101315498352,0.5040719509124756,-0.11756390333175659,0.4805622696876526,0.6213816404342651,-0.12132994830608368,0.34863901138305664,0.5587214231491089,-0.04751458764076233,0.3572750389575958,0.40063369274139404,-0.1055055782198906,0.40146517753601074,0.5302409529685974,-0.10866938531398773,0.41311612725257874,0.6384298205375671,-0.09475754201412201,0.2690044343471527,0.6027535796165466,-0.07539261132478714,0.2937362790107727,0.5180523991584778,-0.11550099402666092,0.33850377798080444,0.6042667031288147,-0.11287854611873627,0.3570424020290375,0.6855025291442871,-0.10083814710378647
D,0.3348735272884369,0.9552738070487976,-3.4434827966833836e-07,0.4629715085029602,0.9238816499710083,-0.04020177200436592,0.5868642926216125,0.8191680908203125,-0.06381696462631226,0.6227267384529114,0.720554530620575,-0.09093717485666275,0.5411985516548157,0.7353624105453491,-0.11165423691272736,0.5173508524894714,0.5602356791496277,-0.00953924935311079,0.5410846471786499,0.44646352529525757,-0.07467874884605408,0.545453667640686,0.5593894124031067,-0.119587741792202,0.5303102135658264,0.6612207293510437,-0.14027079939842224,0.43361833691596985,0.5436350703239441,-0.02317390963435173,0.44826972484588623,0.38169288635253906,-0.09447292983531952,0.47277483344078064,0.5117425322532654,-0.12476357817649841,0.4727037847042084,0.6307733058929443,-0.1272883266210556,0.35240310430526733,0.5571730136871338,-0.0464228019118309,0.35725995898246765,0.4112377166748047,-0.11260105669498444,0.3969375789165497,0.556250274181366,-0.11563458293676376,0.4099981188774109,0.6666991114616394,-0.09900420159101486,0.2702719569206238,0.6034075617790222,-0.07423640042543411,0.29515036940574646,0.5336182713508606,-0.12028773128986359,0.3341820538043976,0.6309758424758911,-0.11844681948423386,0.3517087996006012,0.7125435471534729,-0.10552438348531723
D,0.33391037583351135,0.9526336193084717,-2.4532539555366384e-07,0.46413934230804443,0.9183824062347412,-0.039189256727695465,0.5834478735923767,0.8170830011367798,-0.06340029835700989,0.6042377948760986,0.7282000780105591,-0.09107266366481781,0.5213391184806824,0.743797242641449,-0.11244777590036392,0.5179640054702759,0.5567644238471985,-0.011159232817590237,0.5417572259902954,0.44777002930641174,-0.07770659774541855,0.54490065574646,0.5642688274383545,-0.12252522259950638,0.529642641544342,0.6664623022079468,-0.14280366897583008,0.43342092633247375,0.5399097800254822,-0.02534548006951809,0.4488893449306488,0.3848711848258972,-0.09874530136585236,0.4723718762397766,0.520906388759613,-0.1300187110900879,0.47198790311813354,0.6391876339912415,-0.1325441151857376,0.3511260151863098,0.5528567433357239,-0.04875661060214043,0.3552497327327728,0.4139726161956787,-0.11725752055644989,0.39284053444862366,0.5650948882102966,-0.12054380774497986,0.40521934628486633,0.6743425726890564,-0.10317777842283249,0.26738977432250977,0.5982111692428589,-0.0762677937746048,0.2907414138317108,0.536205530166626,-0.1227416843175888,0.3293035626411438,0.6383624076843262,-0.11951193958520889,0.34722816944122314,0.7173181772232056,-0.10490711033344269
D,0.3439038395881653,0.9593477249145508,-2.1771009528492868e-07,0.4615696668624878,0.9177862405776978,-0.04342036694288254,0.5592683553695679,0.8142864108085632,-0.07201605290174484,0.5367189645767212,0.7335591316223145,-0.1029527485370636,0.44867396354675293,0.7375326156616211,-0.12711027264595032,0.5187397599220276,0.5713499188423157,-0.02117038704454899,0.5456589460372925,0.45367133617401123,-0.08726299554109573,0.5451875925064087,0.5661062598228455,-0.12976697087287903,0.5274863839149475,0.6658965349197388,-0.1483307033777237,0.43581685423851013,0.5539405941963196,-0.03279520571231842,0.45683589577674866,0.3909989595413208,-0.10353901982307434,0.47294899821281433,0.5233100652694702,-0.13369755446910858,0.46932095289230347,0.6363725066184998,-0.13682721555233002,0.3545687198638916,0.5666232109069824,-0.053563885390758514,0.36453646421432495,0.41357165575027466,-0.11911783367395401,0.39488786458969116,0.561168372631073,-0.12201500684022903,0.40353235602378845,0.6703079342842102,-0.10581087321043015,0.271889865398407,0.6122173070907593,-0.07845064252614975,0.3007274270057678,0.5413668155670166,-0.12336505949497223,0.33830419182777405,0.6394922137260437,-0.12028734385967255,0.3550163805484772,0.7173054814338684,-0.10669488459825516
D,0.338264524936676,0.9612478017807007,-2.548608790675644e-07,0.46083375811576843,0.9218192100524902,-0.04342447221279144,0.5610190629959106,0.8156725168228149,-0.07137766480445862,0.5381733775138855,0.7275515794754028,-0.10136044770479202,0.4487890601158142,0.7311574816703796,-0.12470634281635284,0.5158097147941589,0.570143461227417,-0.02245522104203701,0.5440188050270081,0.44982028007507324,-0.08678726106882095,0.5457846522331238,0.564118504524231,-0.12824596464633942,0.5270832777023315,0.6670994162559509,-0.14651693403720856,0.43541762232780457,0.5551987886428833,-0.03370008245110512,0.4556959569454193,0.3905460238456726,-0.10299001634120941,0.47466596961021423,0.5205227732658386,-0.1344958394765854,0.4705449342727661,0.6357569694519043,-0.13963188230991364,0.3556845486164093,0.5695027112960815,-0.053785745054483414,0.36722859740257263,0.41509461402893066,-0.11821381747722626,0.4012092053890228,0.5592696070671082,-0.12378203868865967,0.4096718728542328,0.671144425868988,-0.1104455292224884,0.27312400937080383,0.6163416504859924,-0.07789868116378784,0.30285704135894775,0.5440230965614319,-0.1230703815817833,0.34266936779022217,0.6393877267837524,-0.12294398248195648,0.35936978459358215,0.7178308367729187,-0.11236255615949631
D,0.3391466736793518,0.9631379842758179,-1.9901035841485282e-07,0.457437664270401,0.9189434051513672,-0.042334090918302536,0.5516543984413147,0.8146836161613464,-0.07042963057756424,0.5277823805809021,0.7297694683074951,-0.10072663426399231,0.4401721954345703,0.7324023246765137,-0.12369432300329208,0.5151636004447937,0.5757026076316833,-0.022937851026654243,0.5421504378318787,0.4632130265235901,-0.08524465560913086,0.5416863560676575,0.577972948551178,-0.12269263714551926,0.5196679830551147,0.6753572225570679,-0.13819751143455505,0.433855801820755,0.5578432679176331,-0.03469793125987053,0.4538779854774475,0.39413297176361084,-0.10309180617332458,0.473893940448761,0.5233995318412781,-0.13027305901050568,0.4679425358772278,0.6336336731910706,-0.1319858729839325,0.35385099053382874,0.5702525973320007,-0.0550466887652874,0.36314132809638977,0.4144062399864197,-0.11871640384197235,0.396325021982193,0.5619120597839355,-0.11985310912132263,0.4024040997028351,0.6699779033660889,-0.10306467115879059,0.2703060507774353,0.6150432825088501,-0.07934635132551193,0.2993444800376892,0.5426435470581055,-0.12300252169370651,0.33869481086730957,0.6388693451881409,-0.11962614953517914,0.35390177369117737,0.7156531810760498,-0.10626062750816345
D,0.331198126077652,0.9565550088882446,-2.3883555400061596e-07,0.4542721211910248,0.9168946146965027,-0.04260863736271858,0.5541569590568542,0.8164180517196655,-0.07027996331453323,0.5367308259010315,0.7295930981636047,-0.09998589754104614,0.45304936170578003,0.7244942784309387,-0.12271931767463684,0.5148329734802246,0.5723581910133362,-0.024567779153585434,0.5416797399520874,0.46346569061279297,-0.08729154616594315,0.5405853986740112,0.5796942114830017,-0.1255401372909546,0.5186643004417419,0.6768785715103149,-0.14198032021522522,0.4342578947544098,0.5540064573287964,-0.03642125055193901,0.45475518703460693,0.3911539912223816,-0.10457950085401535,0.47389888763427734,0.5177047252655029,-0.13378651440143585,0.46828997135162354,0.6272611021995544,-0.13797371089458466,0.35490646958351135,0.5662150382995605,-0.05671488493680954,0.36288779973983765,0.4147728979587555,-0.12084055691957474,0.39739716053009033,0.560439944267273,-0.12502321600914001,0.4061190187931061,0.6688346862792969,-0.11119107156991959,0.27175629138946533,0.6119004487991333,-0.08084052801132202,0.30031800270080566,0.542473554611206,-0.12578532099723816,0.340082049369812,0.6393293142318726,-0.12489670515060425,0.3565608263015747,0.717415988445282,-0.11394193023443222
D,0.33629944920539856,0.9570630788803101,-2.0675636847045098e-07,0.45434531569480896,0.9067425727844238,-0.04112229123711586,0.5540494322776794,0.8119596838951111,-0.06919219344854355,0.5390119552612305,0.7246392965316772,-0.0991760864853859,0.4562413692474365,0.7232822179794312,-0.12270857393741608,0.5127143859863281,0.5702009201049805,-0.021773073822259903,0.5381741523742676,0.4543120861053467,-0.08014237880706787,0.539536714553833,0.5593770146369934,-0.11858411878347397,0.5184370279312134,0.6527999043464661,-0.13604280352592468,0.43501269817352295,0.5484164953231812,-0.032911088317632675,0.45380720496177673,0.38267195224761963,-0.09205295145511627,0.47218090295791626,0.4985436797142029,-0.11879263818264008,0.46601513028144836,0.6043993830680847,-0.12362208962440491,0.35815489292144775,0.5596650242805481,-0.05203808471560478,0.36246705055236816,0.401676744222641,-0.10755503177642822,0.3955667316913605,0.5335788726806641,-0.11073807626962662,0.4043068587779999,0.6395002603530884,-0.09869273751974106,0.2763546407222748,0.6055393218994141,-0.07520125806331635,0.2983558475971222,0.5301305651664734,-0.11620460450649261,0.3393736779689789,0.6179892420768738,-0.11462131887674332,0.35969078540802,0.6962859630584717,-0.10377739369869232
D,0.3347932696342468,0.9516792297363281,-2.8058005341335956e-07,0.45169153809547424,0.8994606733322144,-0.03596065193414688,0.5503994226455688,0.8034049868583679,-0.06303869932889938,0.5472214818000793,0.7203741669654846,-0.09355399012565613,0.47136902809143066,0.712622880935669,-0.11754615604877472,0.5119021534919739,0.5611125826835632,-0.017788825556635857,0.5340686440467834,0.4412009119987488,-0.0798240527510643,0.5367392897605896,0.5482814311981201,-0.12177539616823196,0.5194457173347473,0.6425620317459106,-0.140532448887825,0.43062824010849,0.5436122417449951,-0.031143348664045334,0.4485577940940857,0.3799873888492584,-0.09226347506046295,0.467620313167572,0.5031052827835083,-0.11853282153606415,0.4628339111804962,0.609362781047821,-0.12235896289348602,0.3511199951171875,0.5557835102081299,-0.05259259417653084,0.3549806475639343,0.3942815065383911,-0.10769916325807571,0.38926541805267334,0.5298646688461304,-0.1075303852558136,0.4000239074230194,0.6356055736541748,-0.09291127324104309,0.26932597160339355,0.6012347340583801,-0.07793707400560379,0.29012781381607056,0.5213262438774109,-0.11679911613464355,0.3313707709312439,0.611050546169281,-0.11194270849227905,0.35258010029792786,0.6890533566474915,-0.09842542558908463
E,0.21265679597854614,1.0157514810562134,-2.468831326041254e-07,0.30411776900291443,0.9841272830963135,-0.05413423851132393,0.3897065818309784,0.8921383619308472,-0.08444277197122574,0.35418128967285156,0.7891823649406433,-0.11472847312688828,0.2634020745754242,0.7624432444572449,-0.13902100920677185,0.363395094871521,0.6555211544036865,-0.026416663080453873,0.37169280648231506,0.5071150064468384,-0.08381912857294083,0.3643655776977539,0.5790985822677612,-0.1202346533536911,0.3575451374053955,0.6626074314117432,-0.1358051300048828,0.2827349901199341,0.6412829160690308,-0.02626112475991249,0.28276655077934265,0.501900315284729,-0.08464418351650238,0.27944979071617126,0.6093779802322388,-0.11109525710344315,0.2811061441898346,0.7003418207168579,-0.11456121504306793,0.21139095723628998,0.6563384532928467,-0.03549287095665932,0.2052556872367859,0.5147961378097534,-0.08736788481473923,0.20866376161575317,0.6144861578941345,-0.0859566405415535,0.21035629510879517,0.7039681673049927,-0.07009405642747879,0.13994242250919342,0.6959840059280396,-0.05023127421736717,0.1364859640598297,0.610077977180481,-0.08293911814689636,0.14942045509815216,0.6604876518249512,-0.07631423324346542,0.15761640667915344,0.7170875072479248,-0.06104779243469238
E,0.2125614583492279,1.0134625434875488,-2.977289454975107e-07,0.30981335043907166,0.9771906137466431,-0.04983165115118027,0.3926961123943329,0.8855278491973877,-0.07933036237955093,0.3586043417453766,0.7888197898864746,-0.10992840677499771,0.2683347165584564,0.7722518444061279,-0.13476724922657013,0.3650961220264435,0.651766300201416,-0.02690393477678299,0.37452632188796997,0.5024152994155884,-0.08631223440170288,0.36757805943489075,0.5837934613227844,-0.12471791356801987,0.35823819041252136,0.6778465509414673,-0.14126984775066376,0.28230512142181396,0.6414651274681091,-0.0299319326877594,0.2818552553653717,0.489580363035202,-0.09016332775354385,0.28352081775665283,0.603621780872345,-0.11733555793762207,0.28574568033218384,0.7032657265663147,-0.120999775826931,0.20967411994934082,0.6592656970024109,-0.041857924312353134,0.20167851448059082,0.5174073576927185,-0.09317319840192795,0.21040239930152893,0.621716320514679,-0.09224114567041397,0.21426260471343994,0.7138006091117859,-0.07674599438905716,0.13808056712150574,0.7001466155052185,-0.059146277606487274,0.13261623680591583,0.6127102971076965,-0.08795672655105591,0.15081393718719482,0.6642943024635315,-0.08004108816385269,0.1628008633852005,0.723299503326416,-0.06506127119064331
E,0.21795180439949036,1.013246774673462,-2.8518729777715635e-07,0.311570942401886,0.97849440574646,-0.05452160909771919,0.39200925827026367,0.8858578205108643,-0.08775971084833145,0.356256365776062,0.7922935485839844,-0.12110298871994019,0.2679423689842224,0.7757337093353271,-0.14768826961517334,0.36628150939941406,0.6415631771087646,-0.03319118171930313,0.3704468607902527,0.49352920055389404,-0.09719391912221909,0.3653232157230377,0.5825839042663574,-0.13604655861854553,0.35883376002311707,0.6759051084518433,-0.15221615135669708,0.28066980838775635,0.6331481337547302,-0.03594039008021355,0.2787052392959595,0.474796861410141,-0.10202795267105103,0.2817603349685669,0.6012377738952637,-0.12762434780597687,0.28562605381011963,0.6999748945236206,-0.12817753851413727,0.2056565284729004,0.6534767746925354,-0.048281535506248474,0.19389691948890686,0.5087053179740906,-0.10576318204402924,0.20427285134792328,0.6205267310142517,-0.10207051038742065,0.20925351977348328,0.7094910740852356,-0.0827513337135315,0.13272154331207275,0.6980370283126831,-0.06624060124158859,0.12418846786022186,0.610440194606781,-0.0989527776837349,0.14376713335514069,0.6680877208709717,-0.08946853131055832,0.15646743774414062,0.7260835766792297,-0.07210812717676163
E,0.21283695101737976,1.0177357196807861,-2.9062738349239225e-07,0.307553231716156,0.9796239137649536,-0.054333094507455826,0.38957706093788147,0.8815869092941284,-0.0852542519569397,0.35441192984580994,0.7874166369438171,-0.11640963703393936,0.2640315592288971,0.7801721692085266,-0.1403147578239441,0.36520272493362427,0.6346625685691833,-0.020722711458802223,0.37045690417289734,0.5014709830284119,-0.08023124188184738,0.36667871475219727,0.595305323600769,-0.11866401880979538,0.3622356355190277,0.682607114315033,-0.13599205017089844,0.2832607924938202,0.6237186789512634,-0.02242913655936718,0.2822357714176178,0.48390424251556396,-0.08480532467365265,0.2848753333091736,0.6070386171340942,-0.11041249334812164,0.28718140721321106,0.7007577419281006,-0.11184582114219666,0.20951373875141144,0.6423808336257935,-0.03441587835550308,0.2010091245174408,0.5101659297943115,-0.09095675498247147,0.21065114438533783,0.6273350119590759,-0.08689545840024948,0.2139195054769516,0.7173079252243042,-0.06720850616693497,0.13763746619224548,0.6862066388130188,-0.052206117659807205,0.14132502675056458,0.6031069159507751,-0.08460072427988052,0.1584480106830597,0.6676883697509766,-0.074202761054039,0.16705992817878723,0.7284974455833435,-0.05613410100340843
E,0.20920564234256744,1.0087943077087402,-2.8291725584495e-07,0.30610647797584534,0.9762661457061768,-0.057182613760232925,0.3879501223564148,0.8830665349960327,-0.09067989885807037,0.357721209526062,0.7897700667381287,-0.12436521053314209,0.27302318811416626,0.7758349776268005,-0.15137356519699097,0.35851919651031494,0.6317516565322876,-0.03299447521567345,0.3671233057975769,0.49367353320121765,-0.09927812963724136,0.36719459295272827,0.591181218624115,-0.14182551205158234,0.3647197186946869,0.6846071481704712,-0.16037486493587494,0.2760797441005707,0.6220021843910217,-0.035200342535972595,0.2735895812511444,0.4721371829509735,-0.1017896980047226,0.27760183811187744,0.5950696468353271,-0.13031108677387238,0.2834243178367615,0.6941722631454468,-0.13330627977848053,0.20266535878181458,0.6429563164710999,-0.04751913249492645,0.18937095999717712,0.4961896240711212,-0.10690855979919434,0.19931623339653015,0.61097651720047,-0.10562533885240555,0.20717765390872955,0.7085076570510864,-0.08739037066698074,0.13300512731075287,0.690680980682373,-0.06572353839874268,0.1238580197095871,0.6024595499038696,-0.10227381438016891,0.1414794623851776,0.660557210445404,-0.0955701619386673,0.15521053969860077,0.7236635088920593,-0.07934349030256271
E,0.21205303072929382,1.0104176998138428,-2.5213441290361516e-07,0.30654239654541016,0.9783735275268555,-0.051762938499450684,0.38964584469795227,0.8818893432617188,-0.0816878080368042,0.3614266812801361,0.7902352809906006,-0.11272380501031876,0.27340054512023926,0.7776918411254883,-0.1372164636850357,0.36329561471939087,0.6368373036384583,-0.02585568092763424,0.3734954297542572,0.49572890996932983,-0.0890890434384346,0.3711453676223755,0.5919659733772278,-0.12866611778736115,0.3654736876487732,0.6825148463249207,-0.1453227996826172,0.2831147611141205,0.6251117587089539,-0.02943338267505169,0.28470271825790405,0.47683876752853394,-0.09235073626041412,0.28962066769599915,0.5966493487358093,-0.11772646754980087,0.29347607493400574,0.6898128390312195,-0.1190439909696579,0.20994743704795837,0.6446245908737183,-0.042924437671899796,0.19940780103206635,0.49798673391342163,-0.09995771944522858,0.20940706133842468,0.6154893636703491,-0.0959094911813736,0.21483032405376434,0.7077983617782593,-0.07629852741956711,0.13785144686698914,0.6902288198471069,-0.0618363618850708,0.13240830600261688,0.6023783087730408,-0.09637875854969025,0.15040478110313416,0.6651777625083923,-0.08715225756168365,0.16224262118339539,0.7257565855979919,-0.06950050592422485
E,0.20901896059513092,1.0033442974090576,-3.0435549547291885e-07,0.3040870428085327,0.9743653535842896,-0.06277551501989365,0.3870062232017517,0.8831044435501099,-0.1009264886379242,0.36457741260528564,0.791244387626648,-0.13805575668811798,0.2808679938316345,0.7690358757972717,-0.16725847125053406,0.37911510467529297,0.6207716464996338,-0.040012724697589874,0.3815450966358185,0.48971542716026306,-0.11326801031827927,0.3742319643497467,0.5965032577514648,-0.157662034034729,0.3675474524497986,0.6876748204231262,-0.17629428207874298,0.2947571873664856,0.6112295389175415,-0.04127512872219086,0.28873705863952637,0.4629267454147339,-0.11822661012411118,0.2894873023033142,0.5973361134529114,-0.14781971275806427,0.29417669773101807,0.6951883435249329,-0.14887353777885437,0.21737010776996613,0.6317148804664612,-0.05329148843884468,0.207516610622406,0.4954552948474884,-0.12388356029987335,0.21610791981220245,0.6225098967552185,-0.12073079496622086,0.22089368104934692,0.715721607208252,-0.09822101145982742,0.1425948590040207,0.6770715117454529,-0.07116778939962387,0.14406482875347137,0.5960917472839355,-0.11458098143339157,0.16040851175785065,0.6672348976135254,-0.10640270262956619,0.17053338885307312,0.7288784980773926,-0.08732900023460388
E,0.20722365379333496,0.9937286376953125,-2.5203277687069203e-07,0.2982352375984192,0.9639087915420532,-0.055354759097099304,0.37992238998413086,0.8739954233169556,-0.08709067106246948,0.3560211658477783,0.7805152535438538,-0.11862267553806305,0.27384108304977417,0.7692471742630005,-0.14269477128982544,0.3583832383155823,0.6236486434936523,-0.028943289071321487,0.36499205231666565,0.4836164116859436,-0.09273893386125565,0.3591879904270172,0.5753504037857056,-0.1307242065668106,0.351412832736969,0.6656415462493896,-0.14552026987075806,0.27703359723091125,0.6141208410263062,-0.030783502385020256,0.2742407023906708,0.4590070843696594,-0.09657146036624908,0.2760263681411743,0.5826420783996582,-0.1206761971116066,0.28026002645492554,0.6791738867759705,-0.11883482336997986,0.20393139123916626,0.6356132626533508,-0.04267028346657753,0.19276316463947296,0.5014950037002563,-0.10132849216461182,0.2012522667646408,0.6135706901550293,-0.09688691049814224,0.20628640055656433,0.6995602250099182,-0.07513751834630966,0.13311564922332764,0.6824158430099487,-0.06026338040828705,0.12873081862926483,0.598433792591095,-0.09254291653633118,0.14556512236595154,0.6565718650817871,-0.08201876282691956,0.15624843537807465,0.7118970155715942,-0.06297024339437485
E,0.20182088017463684,0.9890242218971252,-2.7337841856933665e-07,0.2931172251701355,0.9555474519729614,-0.05287788063287735,0.37227219343185425,0.8637953996658325,-0.08344323933124542,0.3488902151584625,0.7708727121353149,-0.11469302326440811,0.2698870301246643,0.7551406621932983,-0.13963380455970764,0.3515295088291168,0.6165454983711243,-0.024677950888872147,0.3576377034187317,0.4852079749107361,-0.0859593078494072,0.35498273372650146,0.5747653245925903,-0.12535862624645233,0.35035091638565063,0.6614809036254883,-0.14232172071933746,0.2713797986507416,0.6052207350730896,-0.027563447132706642,0.2732653021812439,0.4625086784362793,-0.09037748724222183,0.274211049079895,0.5820528864860535,-0.11637547612190247,0.27558645606040955,0.6760967969894409,-0.11753219366073608,0.19774691760540009,0.6240255832672119,-0.04029161110520363,0.1908387541770935,0.4848671555519104,-0.09763310849666595,0.19719406962394714,0.5963680744171143,-0.09541908651590347,0.19924473762512207,0.6869075298309326,-0.0763545036315918,0.126548632979393,0.6694255471229553,-0.058464713394641876,0.12568488717079163,0.5802323818206787,-0.0932675451040268,0.13936084508895874,0.6392963528633118,-0.08503932505846024,0.14624755084514618,0.6983683109283447,-0.06775952875614166
E,0.20672857761383057,0.9722867012023926,-3.2937413152467343e-07,0.2975728511810303,0.9429154396057129,-0.049885548651218414,0.37603873014450073,0.8484365940093994,-0.0773153007030487,0.34767264127731323,0.7505793571472168,-0.10550567507743835,0.26598599553108215,0.7367838025093079,-0.1277114301919937,0.3468706011772156,0.6061996221542358,-0.024081449955701828,0.3464789092540741,0.46294039487838745,-0.08251241594552994,0.3444962501525879,0.5455547571182251,-0.11874812841415405,0.3434225916862488,0.6300532221794128,-0.13419446349143982,0.2661551237106323,0.5932949185371399,-0.0275407787412405,0.26972687244415283,0.4388153553009033,-0.08779068291187286,0.26766109466552734,0.5548239350318909,-0.1105150431394577,0.26841500401496887,0.6473792791366577,-0.10990618914365768,0.1950511634349823,0.6119629144668579,-0.04026615247130394,0.1837884485721588,0.4680292010307312,-0.09462098777294159,0.18871544301509857,0.5794593691825867,-0.09014728665351868,0.193602055311203,0.6695433855056763,-0.0702512264251709,0.1265408992767334,0.6575166583061218,-0.05823836103081703,0.11760634183883667,0.5675008296966553,-0.09104140102863312,0.1312197595834732,0.6249629259109497,-0.08179139345884323,0.14136706292629242,0.6840082406997681,-0.06426560878753662
E,0.20917542278766632,0.9562891721725464,-2.2042574698843964e-07,0.29958224296569824,0.9284208416938782,-0.047716908156871796,0.38067397475242615,0.8246325850486755,-0.07302054762840271,0.35217827558517456,0.7200778126716614,-0.09901738166809082,0.26352250576019287,0.7081748247146606,-0.12027765810489655,0.34335559606552124,0.604023277759552,-0.020070642232894897,0.3452230393886566,0.45091739296913147,-0.07629328966140747,0.34926772117614746,0.5075538158416748,-0.11431652307510376,0.34854453802108765,0.5939631462097168,-0.1307252049446106,0.2664666771888733,0.5906822681427002,-0.023396749049425125,0.27201467752456665,0.4272196292877197,-0.08052466064691544,0.27427560091018677,0.520828902721405,-0.10662049055099487,0.27426648139953613,0.6146658658981323,-0.10900173336267471,0.19911281764507294,0.6062424182891846,-0.035616859793663025,0.1907036006450653,0.4660571217536926,-0.085450179874897,0.19706155359745026,0.5594096183776855,-0.08610770851373672,0.20026464760303497,0.6452142000198364,-0.07122509926557541,0.1330530345439911,0.6445602178573608,-0.053159449249506,0.12823933362960815,0.555270791053772,-0.08167097717523575,0.13947781920433044,0.6020876169204712,-0.07433244585990906,0.14568938314914703,0.6552816033363342,-0.05996230989694595
E,0.21266353130340576,0.9493222832679749,-2.066007311896101e-07,0.3043586015701294,0.9179028868675232,-0.046048954129219055,0.3804703652858734,0.8190575838088989,-0.07255242764949799,0.3510250151157379,0.7193765640258789,-0.10027124732732773,0.2646130323410034,0.7002465128898621,-0.12397613376379013,0.3431973457336426,0.5978382229804993,-0.024163661524653435,0.3464723825454712,0.4412683844566345,-0.08143290132284164,0.3508451581001282,0.49240779876708984,-0.11968377977609634,0.3488582670688629,0.5793898701667786,-0.1360185146331787,0.2670328915119171,0.5864000916481018,-0.028909223154187202,0.27064695954322815,0.4115403890609741,-0.0861075222492218,0.27212685346603394,0.5021792650222778,-0.11198126524686813,0.2722592353820801,0.5972899198532104,-0.1146622747182846,0.2007482349872589,0.6044444441795349,-0.04206709936261177,0.1902501881122589,0.45866623520851135,-0.09141068905591965,0.1992339789867401,0.5478267669677734,-0.09304548799991608,0.20492501556873322,0.6339859962463379,-0.07956359535455704,0.13494256138801575,0.6459688544273376,-0.0603158213198185,0.1289142370223999,0.5560262203216553,-0.08964396268129349,0.1446526050567627,0.6012948155403137,-0.08367127925157547,0.15485826134681702,0.6571695804595947,-0.07069042325019836
E,0.20953314006328583,0.9479265213012695,-1.9916340932013554e-07,0.30070069432258606,0.9192878007888794,-0.0483795702457428,0.3806524872779846,0.8210995197296143,-0.07537394762039185,0.35473543405532837,0.72116619348526,-0.10324009507894516,0.267249196767807,0.6977719068527222,-0.12674899399280548,0.34749099612236023,0.5959020256996155,-0.02383439801633358,0.35069796442985535,0.4403797388076782,-0.08260265737771988,0.3544527590274811,0.4937783479690552,-0.12203490734100342,0.3520112931728363,0.5800081491470337,-0.13889583945274353,0.2700059115886688,0.5799582600593567,-0.027627617120742798,0.27314433455467224,0.40426111221313477,-0.08724946528673172,0.27549445629119873,0.4952338933944702,-0.11453428864479065,0.27609166502952576,0.5923358798027039,-0.1171419769525528,0.20236922800540924,0.5948998928070068,-0.04013249650597572,0.1923694908618927,0.44790390133857727,-0.09276183694601059,0.20017953217029572,0.5440467000007629,-0.09457878023386002,0.20532110333442688,0.6332082748413086,-0.07972414046525955,0.1354164183139801,0.6342498064041138,-0.05781995877623558,0.1322239190340042,0.5462895631790161,-0.08997119963169098,0.14593935012817383,0.5953793525695801,-0.08424072712659836,0.15451954305171967,0.6523172855377197,-0.07024738192558289
E,0.21871915459632874,0.9401740431785583,-9.051655069924891e-08,0.31106841564178467,0.8951911330223083,-0.0350014865398407,0.3863672614097595,0.7875088453292847,-0.05226954072713852,0.3634152114391327,0.6837902069091797,-0.07241272181272507,0.27915218472480774,0.681637167930603,-0.08973491936922073,0.352893590927124,0.5838419795036316,-0.006275973282754421,0.35428646206855774,0.42463773488998413,-0.049901001155376434,0.3568526804447174,0.45013225078582764,-0.08328081667423248,0.3550660014152527,0.5248738527297974,-0.09859994053840637,0.2782253921031952,0.5740012526512146,-0.012933975085616112,0.27734270691871643,0.39896631240844727,-0.05409042909741402,0.2832271456718445,0.4554537534713745,-0.07937232404947281,0.2844589054584503,0.54215008020401,-0.08683692663908005,0.21254263818264008,0.5933741927146912,-0.026814982295036316,0.20215485990047455,0.4379717707633972,-0.06104494258761406,0.2143198698759079,0.503779411315918,-0.06588394939899445,0.22060787677764893,0.5884048938751221,-0.05993536859750748,0.14538532495498657,0.6351088881492615,-0.04561416804790497,0.13728639483451843,0.5378383994102478,-0.06629407405853271,0.15299123525619507,0.5647151470184326,-0.06338512152433395,0.1649864912033081,0.6163118481636047,-0.05595719814300537
E,0.21810922026634216,0.954398512840271,-1.4333106435060472e-07,0.31769758462905884,0.9097306728363037,-0.03489863499999046,0.39966773986816406,0.8116917610168457,-0.058619655668735504,0.383405864238739,0.7076056599617004,-0.08597981184720993,0.29934102296829224,0.6908223628997803,-0.11028566211462021,0.367212176322937,0.5787616968154907,-0.016450123861432076,0.3606644570827484,0.4031454622745514,-0.07275008410215378,0.3618810772895813,0.4366898834705353,-0.11042014509439468,0.3606339395046234,0.5179481506347656,-0.12663625180721283,0.29157596826553345,0.5700552463531494,-0.02797585353255272,0.2871447503566742,0.37680181860923767,-0.08252665400505066,0.2933149039745331,0.4571789503097534,-0.10760784149169922,0.29542773962020874,0.5487166047096252,-0.11089564114809036,0.22158633172512054,0.5921882390975952,-0.04654192924499512,0.21017828583717346,0.4445694088935852,-0.09835433214902878,0.22455517947673798,0.5458263158798218,-0.09386532753705978,0.22899675369262695,0.6293487548828125,-0.07611432671546936,0.14954683184623718,0.6399363279342651,-0.06902427971363068,0.14807134866714478,0.541235625743866,-0.09999705106019974,0.17073754966259003,0.6092033386230469,-0.08555782586336136,0.18255510926246643,0.6712535619735718,-0.06621826440095901
E,0.21680715680122375,0.9553447365760803,-1.5980192813458416e-07,0.3219532072544098,0.9114631414413452,-0.02923332154750824,0.40675926208496094,0.8117254972457886,-0.04915878549218178,0.393002986907959,0.7047658562660217,-0.07341505587100983,0.3139202892780304,0.6808223128318787,-0.09536173194646835,0.36572253704071045,0.5816819667816162,-0.009985838085412979,0.3654482960700989,0.41810983419418335,-0.06384021788835526,0.3799191117286682,0.4630022943019867,-0.1035219132900238,0.3817668855190277,0.548065721988678,-0.12153033912181854,0.29251793026924133,0.5716245174407959,-0.022679485380649567,0.29079747200012207,0.3744680881500244,-0.07233472168445587,0.30684271454811096,0.4506327509880066,-0.09911994636058807,0.30711063742637634,0.5460032820701599,-0.10549109429121017,0.22242537140846252,0.5919318199157715,-0.041719790548086166,0.2151680737733841,0.4368918538093567,-0.09031828492879868,0.23441073298454285,0.5398385524749756,-0.08810435980558395,0.23524019122123718,0.629941999912262,-0.07312722504138947,0.14796876907348633,0.6376201510429382,-0.06410031020641327,0.14912331104278564,0.5367827415466309,-0.09540814906358719,0.1758851706981659,0.6074296236038208,-0.08265634626150131,0.18618062138557434,0.6749274730682373,-0.06489111483097076
E,0.214834064245224,0.95953369140625,-1.6390698931445513e-07,0.3200858235359192,0.9175111055374146,-0.03483811765909195,0.4033443331718445,0.8186358213424683,-0.059073641896247864,0.3843051493167877,0.709291398525238,-0.08701101690530777,0.3007320165634155,0.6945521235466003,-0.11182107031345367,0.3585982918739319,0.5823600888252258,-0.019732167944312096,0.36125683784484863,0.4116876721382141,-0.07722306996583939,0.37151435017585754,0.46854764223098755,-0.11699169874191284,0.36996638774871826,0.5594778656959534,-0.1347789615392685,0.2847527861595154,0.5740596652030945,-0.032284241169691086,0.28778204321861267,0.3690968453884125,-0.08460339903831482,0.3004978895187378,0.4529751241207123,-0.1096116304397583,0.3008665144443512,0.5482703447341919,-0.11430802196264267,0.21536532044410706,0.5976642966270447,-0.05183320865035057,0.20845210552215576,0.43482348322868347,-0.10145118087530136,0.22556152939796448,0.5385227203369141,-0.0986299216747284,0.22716782987117767,0.6275519132614136,-0.08336921036243439,0.1429404318332672,0.6476742625236511,-0.07539662718772888,0.14398668706417084,0.5470404028892517,-0.10633493959903717,0.16929224133491516,0.6137996912002563,-0.09442256391048431,0.17940300703048706,0.6789247989654541,-0.0778922587633133
E,0.20247545838356018,0.9669781923294067,-1.7544364538935042e-07,0.30676883459091187,0.9307617545127869,-0.03447215259075165,0.39262598752975464,0.8336371779441833,-0.05875212326645851,0.38023948669433594,0.7205162048339844,-0.08650213479995728,0.29842597246170044,0.7069337368011475,-0.11056523770093918,0.3418057858943939,0.5927608609199524,-0.019466888159513474,0.34099531173706055,0.4192580580711365,-0.07625917345285416,0.35407620668411255,0.4765999913215637,-0.11389032751321793,0.35296204686164856,0.5633114576339722,-0.13030041754245758,0.2719794809818268,0.5877601504325867,-0.031761351972818375,0.27223238348960876,0.38931983709335327,-0.0855775699019432,0.29134196043014526,0.4823373854160309,-0.10958698391914368,0.2941287159919739,0.5735523104667664,-0.11292783170938492,0.20569327473640442,0.6130240559577942,-0.05090292915701866,0.19585640728473663,0.4599362015724182,-0.10258013010025024,0.21831455826759338,0.5718613266944885,-0.09669556468725204,0.22259026765823364,0.6568945050239563,-0.07852258533239365,0.13592253625392914,0.663931667804718,-0.07389070093631744,0.13509288430213928,0.56987065076828,-0.10476919263601303,0.16229596734046936,0.642002284526825,-0.09085710346698761,0.17321732640266418,0.7023879289627075,-0.07271894067525864
E,0.19880563020706177,0.9674774408340454,-1.704545837810656e-07,0.30786141753196716,0.929668128490448,-0.03452606499195099,0.39542078971862793,0.8278181552886963,-0.05617062747478485,0.3805156946182251,0.7200958728790283,-0.08153633028268814,0.29588744044303894,0.7116556167602539,-0.10287262499332428,0.3447037935256958,0.5790969729423523,-0.009700546972453594,0.3445391356945038,0.41946783661842346,-0.06492643803358078,0.35211244225502014,0.4821788966655731,-0.10229480266571045,0.35251471400260925,0.5670509338378906,-0.11915292590856552,0.27274927496910095,0.5745129585266113,-0.021684149280190468,0.27329668402671814,0.3891264796257019,-0.07592469453811646,0.28832030296325684,0.4840907156467438,-0.10169446468353271,0.2927670180797577,0.575454831123352,-0.10558091849088669,0.20440030097961426,0.601026177406311,-0.04116367548704147,0.19419226050376892,0.45318353176116943,-0.09502875059843063,0.2140043079853058,0.5697615742683411,-0.09097418934106827,0.22055858373641968,0.6568325757980347,-0.072792187333107,0.1337653249502182,0.6556680798530579,-0.06437990814447403,0.1319582313299179,0.5647895932197571,-0.09746216982603073,0.15725503861904144,0.6415108442306519,-0.08464386314153671,0.17017094790935516,0.7042180895805359,-0.06629479676485062
E,0.20164945721626282,0.9654130935668945,-2.8950017849638243e-07,0.3077753782272339,0.931516170501709,-0.039950840175151825,0.39532291889190674,0.833545446395874,-0.06520871818065643,0.37289151549339294,0.7224621176719666,-0.09273961186408997,0.2844702899456024,0.707169771194458,-0.11620540171861649,0.3527747094631195,0.5910287499427795,-0.02075224183499813,0.35504066944122314,0.4312533736228943,-0.07867667824029922,0.3561576306819916,0.49518126249313354,-0.1158725917339325,0.35069993138313293,0.5800942182540894,-0.13278034329414368,0.27505868673324585,0.5827715992927551,-0.031131859868764877,0.27416518330574036,0.39514756202697754,-0.08870793879032135,0.280595064163208,0.4966481328010559,-0.11229502409696579,0.28267282247543335,0.5911734104156494,-0.11397235095500946,0.20486053824424744,0.6079649925231934,-0.049244266003370285,0.191651850938797,0.4535946547985077,-0.10481081157922745,0.20648738741874695,0.5701165199279785,-0.09823695570230484,0.21434612572193146,0.6579850316047668,-0.07843830436468124,0.1333816945552826,0.6618667840957642,-0.0714963749051094,0.1282166987657547,0.5743926167488098,-0.10700926184654236,0.1503387987613678,0.6481960415840149,-0.09472353011369705,0.1655733585357666,0.7083226442337036,-0.07646936923265457
E,0.20034566521644592,0.9706920385360718,-2.726479237935564e-07,0.3079218864440918,0.9300912618637085,-0.03955228254199028,0.3945847153663635,0.8321090936660767,-0.06343834102153778,0.37786054611206055,0.7314690947532654,-0.09051082283258438,0.29220902919769287,0.7132229208946228,-0.11398870497941971,0.35770487785339355,0.580852210521698,-0.011316420510411263,0.3518727421760559,0.43338996171951294,-0.06320039182901382,0.3451877236366272,0.4786004424095154,-0.098391592502594,0.34154215455055237,0.545127272605896,-0.11639715731143951,0.2792244553565979,0.5761460661888123,-0.02041405253112316,0.27238860726356506,0.4271908402442932,-0.08122677356004715,0.27686646580696106,0.540971040725708,-0.10876068472862244,0.28246816992759705,0.6359326243400574,-0.11299390345811844,0.20641660690307617,0.6022199392318726,-0.037269797176122665,0.1881975531578064,0.4604763090610504,-0.09531324356794357,0.20415183901786804,0.5761409997940063,-0.09354966133832932,0.21433836221694946,0.6664896011352539,-0.07686624675989151,0.13233953714370728,0.6559879779815674,-0.05824573338031769,0.12429147958755493,0.5708781480789185,-0.09723552316427231,0.14749062061309814,0.644066572189331,-0.09024889022111893,0.16423600912094116,0.7080796957015991,-0.07513441890478134
E,0.2050107717514038,0.9688122272491455,-2.4702524115127744e-07,0.3083561658859253,0.9271782636642456,-0.03670736402273178,0.39424607157707214,0.8297595977783203,-0.06020422279834747,0.37680941820144653,0.7231965661048889,-0.08657410740852356,0.28863725066185,0.7125990390777588,-0.10866285860538483,0.3406890630722046,0.5953779220581055,-0.014844265766441822,0.34786659479141235,0.44784003496170044,-0.0702839121222496,0.34922710061073303,0.5129094123840332,-0.10511462390422821,0.34411874413490295,0.5939145088195801,-0.11990273743867874,0.2646089494228363,0.5868501663208008,-0.025583703070878983,0.2678186595439911,0.4062919616699219,-0.08085285872220993,0.27348655462265015,0.508075475692749,-0.10048939287662506,0.27593955397605896,0.6016955375671387,-0.09866292774677277,0.19717304408550262,0.611139714717865,-0.04420331120491028,0.1833614706993103,0.46098726987838745,-0.09597963839769363,0.19998270273208618,0.5733038783073425,-0.08905263245105743,0.21112413704395294,0.6606988906860352,-0.06874381005764008,0.12822015583515167,0.6638602614402771,-0.06690884381532669,0.1208367645740509,0.5746137499809265,-0.09751710295677185,0.14319981634616852,0.6435431838035583,-0.08497069031000137,0.16024698317050934,0.7059786915779114,-0.06679997593164444
E,0.20316556096076965,0.9624029397964478,-2.0879016915387183e-07,0.3069270849227905,0.9313565492630005,-0.04156683385372162,0.39502790570259094,0.8331331610679626,-0.06731923669576645,0.38046926259994507,0.727961540222168,-0.09548366814851761,0.29154685139656067,0.7138429284095764,-0.11983043700456619,0.3387587368488312,0.5915549397468567,-0.01818542741239071,0.34618476033210754,0.43906012177467346,-0.07918069511651993,0.34979069232940674,0.49612778425216675,-0.11837144941091537,0.3452470302581787,0.581683337688446,-0.13502465188503265,0.26124683022499084,0.5816522240638733,-0.027159815654158592,0.26450300216674805,0.3984937369823456,-0.08756174892187119,0.26827526092529297,0.4989616274833679,-0.1099931001663208,0.2702162265777588,0.5969643592834473,-0.1088789775967598,0.19470563530921936,0.6061767339706421,-0.04490269720554352,0.17974528670310974,0.4498084783554077,-0.1011071652173996,0.19367733597755432,0.5642948150634766,-0.09534231573343277,0.20549790561199188,0.6552485227584839,-0.07484988123178482,0.12627844512462616,0.6607933044433594,-0.0670657604932785,0.11953501403331757,0.5759256482124329,-0.10276342928409576,0.14008773863315582,0.6461297869682312,-0.0925033763051033,0.15761448442935944,0.7079323530197144,-0.07504644244909286
E,0.20911715924739838,0.9485288858413696,-1.8536786683398532e-07,0.3132884204387665,0.9141236543655396,-0.04536173865199089,0.4025591015815735,0.8161685466766357,-0.07380539178848267,0.3825026750564575,0.7156573534011841,-0.10415569692850113,0.29260367155075073,0.6994932889938354,-0.1300951987504959,0.35910719633102417,0.5713485479354858,-0.02553299255669117,0.36283597350120544,0.4001005291938782,-0.09239934384822845,0.35502976179122925,0.4451056718826294,-0.13403739035129547,0.346582293510437,0.5363711714744568,-0.15030014514923096,0.2738048732280731,0.564284086227417,-0.03342144191265106,0.26506584882736206,0.3781951069831848,-0.10053950548171997,0.2596217691898346,0.4781050682067871,-0.12520147860050201,0.2650235891342163,0.5822995901107788,-0.12361807376146317,0.20082178711891174,0.5915067195892334,-0.05051298812031746,0.1803387850522995,0.4340309202671051,-0.10863622277975082,0.18680164217948914,0.5421513319015503,-0.10210166126489639,0.20144034922122955,0.6346690058708191,-0.0800253376364708,0.12977775931358337,0.6472646594047546,-0.07261302322149277,0.11359338462352753,0.55854332447052,-0.10746528953313828,0.13043834269046783,0.6206668615341187,-0.09580270200967789,0.15218183398246765,0.6796181797981262,-0.07628439366817474
E,0.22991618514060974,0.9180558919906616,-8.659129235866203e-08,0.3303206264972687,0.8724639415740967,-0.03577641397714615,0.4179408848285675,0.7750259041786194,-0.05962112918496132,0.41154909133911133,0.677785336971283,-0.08704766631126404,0.33212003111839294,0.6500667333602905,-0.11187466233968735,0.37677353620529175,0.5354748964309692,-0.014865780249238014,0.3809201717376709,0.3717334270477295,-0.0743703618645668,0.3827859163284302,0.39806556701660156,-0.1174745038151741,0.38264283537864685,0.4772731363773346,-0.13590207695960999,0.293158620595932,0.5267566442489624,-0.025321675464510918,0.29253047704696655,0.3399718403816223,-0.08083666115999222,0.29189062118530273,0.4073580503463745,-0.10925335437059402,0.29462406039237976,0.5052939057350159,-0.11433599144220352,0.21858593821525574,0.5517011880874634,-0.04361409321427345,0.20185866951942444,0.3930491805076599,-0.09067796915769577,0.21642756462097168,0.4739680290222168,-0.09274183958768845,0.2321353405714035,0.5636532306671143,-0.08095715194940567,0.14523866772651672,0.605049192905426,-0.06631435453891754,0.13787078857421875,0.5097675919532776,-0.09544532746076584,0.15757502615451813,0.5578067898750305,-0.08801643550395966,0.17641544342041016,0.6197608113288879,-0.07388678193092346
E,0.25950583815574646,0.928113579750061,-2.581779483534774e-07,0.3657577633857727,0.8946943283081055,-0.04494724050164223,0.462859183549881,0.8045974969863892,-0.07993514090776443,0.47199898958206177,0.7021906971931458,-0.11855112016201019,0.3935644030570984,0.669963538646698,-0.15236720442771912,0.4170248508453369,0.5303515791893005,-0.03022952564060688,0.426205575466156,0.3593354821205139,-0.10709434002637863,0.4391525089740753,0.42329519987106323,-0.15725655853748322,0.4327939450740814,0.5261268615722656,-0.17740249633789062,0.33093494176864624,0.5301576256752014,-0.04292893037199974,0.3350936770439148,0.3288557827472687,-0.11655108630657196,0.3479931354522705,0.4488976001739502,-0.14677205681800842,0.3491775393486023,0.5563755035400391,-0.14857272803783417,0.255060613155365,0.5578112006187439,-0.0648839920759201,0.24069519340991974,0.40111637115478516,-0.128928542137146,0.2639279365539551,0.5257736444473267,-0.12425167858600616,0.2745356261730194,0.6214094161987305,-0.10297112166881561,0.17848649621009827,0.6136365532875061,-0.09185826778411865,0.17158257961273193,0.519288182258606,-0.12986202538013458,0.2026616632938385,0.5975154638290405,-0.11667507886886597,0.22280284762382507,0.6627779006958008,-0.09626956284046173
E,0.2617519497871399,0.9226401448249817,-2.8161329623799247e-07,0.3714824914932251,0.885568380355835,-0.042647454887628555,0.4661513566970825,0.7972638607025146,-0.07320722937583923,0.46570542454719543,0.693992555141449,-0.10716268420219421,0.38560330867767334,0.6600331664085388,-0.13670803606510162,0.4308561682701111,0.5214301943778992,-0.021950269117951393,0.43866413831710815,0.3537904620170593,-0.09399969130754471,0.4432920813560486,0.40963539481163025,-0.1403430551290512,0.434625506401062,0.5084872841835022,-0.15844684839248657,0.34403035044670105,0.5163590908050537,-0.03350461274385452,0.3471858501434326,0.32341939210891724,-0.1037629097700119,0.3490518033504486,0.44242656230926514,-0.1306529939174652,0.34882110357284546,0.5519163608551025,-0.12969860434532166,0.2657583951950073,0.5423229336738586,-0.054416559636592865,0.253025084733963,0.39141857624053955,-0.11821199208498001,0.26492375135421753,0.515513002872467,-0.11301931738853455,0.27318963408470154,0.610963761806488,-0.09034257382154465,0.18498045206069946,0.5963881611824036,-0.07983044534921646,0.17693442106246948,0.5036358833312988,-0.11897816509008408,0.1999761313199997,0.585627019405365,-0.10549470782279968,0.2186640501022339,0.6534148454666138,-0.08367771655321121
E,0.2588927745819092,0.9379366636276245,-3.9057539424902643e-07,0.3665308952331543,0.8917683362960815,-0.03862544149160385,0.4573155641555786,0.8018722534179688,-0.06731259077787399,0.4500412344932556,0.706231951713562,-0.0995059609413147,0.3680986762046814,0.6773605942726135,-0.12704569101333618,0.4163401424884796,0.5278764963150024,-0.018344206735491753,0.4202485978603363,0.3619305491447449,-0.08617749810218811,0.42419204115867615,0.42659592628479004,-0.1294754147529602,0.4166659116744995,0.5255898833274841,-0.14687040448188782,0.32809439301490784,0.5234163999557495,-0.031183553859591484,0.3292723298072815,0.33195698261260986,-0.09867498278617859,0.33355793356895447,0.46335455775260925,-0.12355438619852066,0.33593103289604187,0.577595591545105,-0.12172472476959229,0.24935919046401978,0.5527974963188171,-0.05281314253807068,0.23262783885002136,0.40389326214790344,-0.111983522772789,0.2498062551021576,0.5311994552612305,-0.10608299821615219,0.26346850395202637,0.6238009333610535,-0.08430086076259613,0.16849642992019653,0.6125183701515198,-0.07858499139547348,0.1556757241487503,0.5189217329025269,-0.11293718218803406,0.1826123148202896,0.6013967990875244,-0.09781601279973984,0.2050458788871765,0.668205201625824,-0.07616168260574341
E,0.2596330940723419,0.9351434111595154,-2.6086527782354096e-07,0.370131254196167,0.9024852514266968,-0.050600286573171616,0.46384283900260925,0.8077034950256348,-0.08351139724254608,0.4482322931289673,0.704619288444519,-0.11798007786273956,0.36260199546813965,0.674461305141449,-0.14737150073051453,0.4202481806278229,0.5234655141830444,-0.028834786266088486,0.4270043671131134,0.35491302609443665,-0.1072678416967392,0.43132492899894714,0.4156202971935272,-0.1576864868402481,0.42054665088653564,0.5206632018089294,-0.17717736959457397,0.32926180958747864,0.5187706351280212,-0.038063183426856995,0.3287089169025421,0.3213808536529541,-0.11569347232580185,0.33298954367637634,0.4434686303138733,-0.1467592865228653,0.3340553939342499,0.5621105432510376,-0.14636766910552979,0.24819430708885193,0.5493366122245789,-0.057611264288425446,0.2320833057165146,0.4103558361530304,-0.1284942328929901,0.2474285513162613,0.5356705188751221,-0.1286337971687317,0.2590247690677643,0.6324478983879089,-0.10708779841661453,0.16658873856067657,0.6108332276344299,-0.08190251141786575,0.15687067806720734,0.5243555307388306,-0.1253110021352768,0.1826363503932953,0.6074679493904114,-0.11436547338962555,0.20368117094039917,0.6755833029747009,-0.09303970634937286
E,0.24543657898902893,0.9355280995368958,-3.486951243303338e-07,0.3569622337818146,0.8939063549041748,-0.04961668699979782,0.451871395111084,0.793461799621582,-0.08185447752475739,0.43104425072669983,0.6937994360923767,-0.11568005383014679,0.3418526351451874,0.6652019619941711,-0.14427420496940613,0.4110763967037201,0.5170629620552063,-0.025499388575553894,0.4139691889286041,0.3529650866985321,-0.10178960859775543,0.4087337553501129,0.41622549295425415,-0.1509367972612381,0.40017491579055786,0.5196695327758789,-0.17129634320735931,0.31833410263061523,0.5135459899902344,-0.03463404253125191,0.31565383076667786,0.32566893100738525,-0.11323697865009308,0.3129708170890808,0.45681536197662354,-0.1440221518278122,0.317553848028183,0.5763128995895386,-0.14348900318145752,0.2364681363105774,0.5449506044387817,-0.05400308594107628,0.21712376177310944,0.39889585971832275,-0.12458213418722153,0.22976404428482056,0.5273449420928955,-0.1219690814614296,0.24637466669082642,0.6249358654022217,-0.09904143959283829,0.15620467066764832,0.6070767641067505,-0.07815204560756683,0.14354969561100006,0.5225915312767029,-0.12222783267498016,0.16780753433704376,0.6072362065315247,-0.11066783964633942,0.19228029251098633,0.674583911895752,-0.08890030533075333
E,0.25203508138656616,0.936539888381958,-3.078003771861404e-07,0.36251896619796753,0.8949963450431824,-0.04758283495903015,0.44660133123397827,0.7871761322021484,-0.0763327106833458,0.41863197088241577,0.6846399903297424,-0.1070840135216713,0.33034130930900574,0.6589731574058533,-0.13325291872024536,0.4087119698524475,0.5152405500411987,-0.02096019871532917,0.40743517875671387,0.35011354088783264,-0.09216102957725525,0.4053954482078552,0.40918052196502686,-0.13679435849189758,0.39835068583488464,0.5098917484283447,-0.15465107560157776,0.31623342633247375,0.5099837779998779,-0.030257729813456535,0.3128809928894043,0.3187948763370514,-0.10437601804733276,0.3100127577781677,0.445588082075119,-0.13154077529907227,0.312375545501709,0.5618534684181213,-0.12890666723251343,0.23613685369491577,0.544323205947876,-0.049719154834747314,0.21662867069244385,0.39428800344467163,-0.11758729070425034,0.22864125669002533,0.5219554305076599,-0.11428118497133255,0.2432449609041214,0.6191655993461609,-0.0911199226975441,0.1554827243089676,0.6123261451721191,-0.0737990140914917,0.14182797074317932,0.5256052017211914,-0.11737064272165298,0.1666920930147171,0.6063693761825562,-0.10670832544565201,0.19098344445228577,0.6733571290969849,-0.08573417365550995
E,0.2443569004535675,0.9376195669174194,-2.5146846382995136e-07,0.3512411117553711,0.8945587873458862,-0.05138862505555153,0.42709824442863464,0.785494327545166,-0.08516960591077805,0.3831110894680023,0.6914214491844177,-0.12069793045520782,0.30228686332702637,0.6562448143959045,-0.1522163301706314,0.41045868396759033,0.524797797203064,-0.033274490386247635,0.4112297296524048,0.350569486618042,-0.10453476011753082,0.4082987606525421,0.40854117274284363,-0.15252269804477692,0.4042176604270935,0.5121776461601257,-0.1748015135526657,0.3184835910797119,0.5200346112251282,-0.042952969670295715,0.3211716413497925,0.32207295298576355,-0.11881481856107712,0.320113867521286,0.438721239566803,-0.1564602255821228,0.3223160207271576,0.5549800992012024,-0.16384217143058777,0.23548121750354767,0.5504273176193237,-0.061703573912382126,0.22058314085006714,0.3925500512123108,-0.13335855305194855,0.23456288874149323,0.5202775597572327,-0.1405889093875885,0.24789944291114807,0.6263285875320435,-0.12611082196235657,0.15446150302886963,0.61406409740448,-0.08479616045951843,0.1502152532339096,0.5209261775016785,-0.13576097786426544,0.17722487449645996,0.6061697006225586,-0.13235890865325928,0.19949942827224731,0.6809547543525696,-0.11708762496709824
E,0.24495050311088562,0.9364864826202393,-2.5076332121898304e-07,0.35173866152763367,0.8936734795570374,-0.051666807383298874,0.42779386043548584,0.7847815752029419,-0.08600722253322601,0.3851705491542816,0.6917418241500854,-0.12213993072509766,0.30520346760749817,0.6577407717704773,-0.15410730242729187,0.40869349241256714,0.5238240361213684,-0.03447137773036957,0.4108489155769348,0.3489028811454773,-0.10674284398555756,0.4081991910934448,0.41101381182670593,-0.15544630587100983,0.40371814370155334,0.5155680775642395,-0.17819039523601532,0.31706923246383667,0.5202494263648987,-0.04462430253624916,0.32104814052581787,0.32075655460357666,-0.1215662956237793,0.3212336599826813,0.43906888365745544,-0.16024693846702576,0.3237733542919159,0.5551022291183472,-0.16838045418262482,0.23411914706230164,0.5510281920433044,-0.06384750455617905,0.22069591283798218,0.39391446113586426,-0.13601836562156677,0.23680782318115234,0.5222384333610535,-0.143984854221344,0.251076340675354,0.6283588409423828,-0.13005736470222473,0.15377910435199738,0.6148824691772461,-0.08745069801807404,0.1500183492898941,0.5227276086807251,-0.1381911039352417,0.17896680533885956,0.6075780391693115,-0.13511289656162262,0.20249338448047638,0.6815358400344849,-0.1203281432390213
E,0.24564287066459656,0.9446170926094055,-2.5141639525827486e-07,0.3543529510498047,0.8981413245201111,-0.04790904372930527,0.4306447207927704,0.7872896194458008,-0.07982389628887177,0.3854474127292633,0.6877122521400452,-0.11387398093938828,0.30327489972114563,0.6501461267471313,-0.1432645618915558,0.41277602314949036,0.524499237537384,-0.02833111770451069,0.41362929344177246,0.3497607409954071,-0.10049902647733688,0.41312268376350403,0.40726983547210693,-0.14853888750076294,0.41066592931747437,0.5120304226875305,-0.1694759726524353,0.32101547718048096,0.5220552682876587,-0.03864087164402008,0.3257298469543457,0.33047473430633545,-0.11621233075857162,0.32715266942977905,0.44400936365127563,-0.15223674476146698,0.3290841281414032,0.5607643723487854,-0.15669290721416473,0.237339586019516,0.5532354712486267,-0.058200933039188385,0.22402535378932953,0.4109126925468445,-0.1313941925764084,0.24305874109268188,0.5355973839759827,-0.13666461408138275,0.25885677337646484,0.6388475894927979,-0.11899687349796295,0.15610584616661072,0.6146663427352905,-0.08182264119386673,0.1529499590396881,0.5255943536758423,-0.13192398846149445,0.1828465461730957,0.611223578453064,-0.12575003504753113,0.2067599594593048,0.6849490404129028,-0.10707547515630722
E,0.2424180805683136,0.9478836059570312,-2.478722080923035e-07,0.3495546579360962,0.8993101119995117,-0.048881374299526215,0.4296776056289673,0.7886683344841003,-0.08149739354848862,0.38683661818504333,0.6906108856201172,-0.11587604135274887,0.30440589785575867,0.6524599194526672,-0.1453721523284912,0.4115540683269501,0.5248280763626099,-0.028829820454120636,0.41522666811943054,0.3550334572792053,-0.1011209562420845,0.41672927141189575,0.41845113039016724,-0.14953774213790894,0.4128367602825165,0.5236836075782776,-0.17096060514450073,0.3200696110725403,0.5207195281982422,-0.039317965507507324,0.3266594409942627,0.32933199405670166,-0.11609923839569092,0.3302660882472992,0.44512826204299927,-0.15203848481178284,0.33007824420928955,0.5628979802131653,-0.15695816278457642,0.23564141988754272,0.5527722835540771,-0.059094950556755066,0.22461366653442383,0.4057348370552063,-0.13223834335803986,0.24297426640987396,0.5337303876876831,-0.13663795590400696,0.2554709017276764,0.6368787884712219,-0.11884846538305283,0.1529344618320465,0.6175694465637207,-0.08298879116773605,0.1530148983001709,0.5313646793365479,-0.13445737957954407,0.18263161182403564,0.6202350854873657,-0.12807580828666687,0.2038787305355072,0.6934687495231628,-0.10930075496435165
E,0.24072721600532532,0.9521661996841431,-3.2418870432593394e-07,0.3511985242366791,0.9105743169784546,-0.05106732249259949,0.43243706226348877,0.7941350340843201,-0.08294732868671417,0.38873714208602905,0.6926149725914001,-0.11603475362062454,0.3015213906764984,0.6628305912017822,-0.14440320432186127,0.4130232036113739,0.5323660969734192,-0.03311673179268837,0.419407457113266,0.36931318044662476,-0.10686156153678894,0.41241082549095154,0.44722992181777954,-0.15593399107456207,0.40477514266967773,0.5569815635681152,-0.1786556839942932,0.31889840960502625,0.5275205373764038,-0.04343904182314873,0.3219415247440338,0.3344076871871948,-0.12317715585231781,0.32208889722824097,0.461137056350708,-0.16109275817871094,0.32426732778549194,0.5837560296058655,-0.16752862930297852,0.2326890379190445,0.5598244667053223,-0.06294050812721252,0.21835435926914215,0.410478413105011,-0.13821746408939362,0.2367808222770691,0.5449416041374207,-0.14459790289402008,0.25188276171684265,0.653041422367096,-0.1282857209444046,0.14935895800590515,0.625368595123291,-0.08662226051092148,0.14604511857032776,0.5396437048912048,-0.13873474299907684,0.17564167082309723,0.6309410333633423,-0.1344648152589798,0.19831910729408264,0.7064675092697144,-0.11812938749790192
E,0.24080973863601685,0.9536271691322327,-2.9610717433570244e-07,0.34888413548469543,0.9075585603713989,-0.05527247488498688,0.42919236421585083,0.7973698973655701,-0.09195873141288757,0.3926001787185669,0.6981496214866638,-0.12983299791812897,0.31022217869758606,0.654600977897644,-0.16267816722393036,0.41450971364974976,0.5314587354660034,-0.036449093371629715,0.4181249737739563,0.3699316382408142,-0.11644767224788666,0.4120965003967285,0.4397238492965698,-0.17006146907806396,0.40487876534461975,0.5488606095314026,-0.1943909227848053,0.3189643919467926,0.5269490480422974,-0.04637136310338974,0.3182256519794464,0.3387523293495178,-0.1335410475730896,0.3182397186756134,0.46956202387809753,-0.17359526455402374,0.32246774435043335,0.5958991646766663,-0.1791839897632599,0.23153182864189148,0.560157835483551,-0.06641360372304916,0.2161121368408203,0.41104090213775635,-0.14770320057868958,0.2342783510684967,0.5477254390716553,-0.15393899381160736,0.251254677772522,0.6568237543106079,-0.13571184873580933,0.14768636226654053,0.6277458071708679,-0.09103963524103165,0.1432584673166275,0.5487522482872009,-0.1484651416540146,0.17301088571548462,0.6403436660766602,-0.14545656740665436,0.19754573702812195,0.7140148282051086,-0.12824507057666779
E,0.23977893590927124,0.9575971364974976,-3.6176297157908266e-07,0.3479965627193451,0.9117831587791443,-0.053598254919052124,0.43153679370880127,0.7967272996902466,-0.08652497828006744,0.3916417062282562,0.6955379247665405,-0.12020222842693329,0.30841460824012756,0.6557180881500244,-0.14802397787570953,0.4140203893184662,0.5328840017318726,-0.028980476781725883,0.4216139614582062,0.3786821961402893,-0.1055658757686615,0.4142681360244751,0.45846834778785706,-0.15588492155075073,0.4059627652168274,0.5698252320289612,-0.17828689515590668,0.31870728731155396,0.5268130898475647,-0.038130976259708405,0.3173658847808838,0.3465721905231476,-0.1222437247633934,0.3190723657608032,0.47962647676467896,-0.15926697850227356,0.32433831691741943,0.603294849395752,-0.16278241574764252,0.23144659399986267,0.5590443015098572,-0.05775156244635582,0.2178763747215271,0.4215209186077118,-0.1367204785346985,0.23650524020195007,0.5584473609924316,-0.14066334068775177,0.2520607113838196,0.6623131036758423,-0.12066072225570679,0.14714209735393524,0.625506579875946,-0.0819445252418518,0.1451910138130188,0.5497032999992371,-0.13552209734916687,0.1741563379764557,0.6404484510421753,-0.13004085421562195,0.19567719101905823,0.7097939252853394,-0.11125506460666656
E,0.23836711049079895,0.9455389976501465,-2.527310414279782e-07,0.3532145023345947,0.9061346054077148,-0.04560709372162819,0.43589192628860474,0.7897299528121948,-0.07409296184778214,0.39278221130371094,0.6884220838546753,-0.10501236468553543,0.30711424350738525,0.6752829551696777,-0.13230133056640625,0.41514816880226135,0.5310940742492676,-0.026372693479061127,0.4192900061607361,0.35973483324050903,-0.09223007410764694,0.4126605987548828,0.4224967062473297,-0.13492755591869354,0.40725940465927124,0.524874210357666,-0.15440583229064941,0.3223019540309906,0.5251771211624146,-0.03856111317873001,0.32666710019111633,0.3229975700378418,-0.1111181452870369,0.3261672854423523,0.4372161328792572,-0.14280423521995544,0.3285956084728241,0.5580816268920898,-0.14515936374664307,0.23815953731536865,0.5577690005302429,-0.0593743622303009,0.2265448421239853,0.398862361907959,-0.13063281774520874,0.24283456802368164,0.5314812064170837,-0.13294261693954468,0.2570224404335022,0.6406704187393188,-0.11371667683124542,0.15502126514911652,0.6245647668838501,-0.08403895050287247,0.15614454448223114,0.5285126566886902,-0.13545078039169312,0.1852332502603531,0.6189459562301636,-0.12884946167469025,0.20781350135803223,0.6980749368667603,-0.1103251725435257
E,0.24226337671279907,0.954190731048584,-2.594248655896081e-07,0.3539356589317322,0.9163527488708496,-0.04658402130007744,0.4396113157272339,0.8049876093864441,-0.0759257897734642,0.4024735689163208,0.7049437761306763,-0.10723292827606201,0.3179413974285126,0.6889179944992065,-0.1346159130334854,0.4180075526237488,0.5348226428031921,-0.024258602410554886,0.4205636978149414,0.3718642592430115,-0.09263107925653458,0.41867172718048096,0.42828431725502014,-0.13701993227005005,0.41286787390708923,0.5291024446487427,-0.15695279836654663,0.326011061668396,0.5268008708953857,-0.035727694630622864,0.329473614692688,0.3355254828929901,-0.11041339486837387,0.330690860748291,0.4592773914337158,-0.14183366298675537,0.33060798048973083,0.5794051289558411,-0.14300519227981567,0.24132493138313293,0.5581014156341553,-0.05621887743473053,0.22878608107566833,0.41396456956863403,-0.12979142367839813,0.24568268656730652,0.5517436265945435,-0.12986989319324493,0.25698673725128174,0.6542389988899231,-0.10806228220462799,0.15631721913814545,0.6233065128326416,-0.08058134466409683,0.15492840111255646,0.5376336574554443,-0.13110050559043884,0.18459494411945343,0.6314688920974731,-0.12191033363342285,0.20535722374916077,0.7032836675643921,-0.10112336277961731
E,0.24368812143802643,0.9557164311408997,-3.472733851594967e-07,0.3578369617462158,0.9107568860054016,-0.04849766567349434,0.44548743963241577,0.7959789633750916,-0.0801406279206276,0.40585097670555115,0.7019948959350586,-0.11368657648563385,0.31684741377830505,0.6893421411514282,-0.14229746162891388,0.4167587459087372,0.5233908891677856,-0.024528605863451958,0.4209156334400177,0.36841005086898804,-0.09708280861377716,0.41857051849365234,0.45170724391937256,-0.1440226435661316,0.4137555956840515,0.5577386617660522,-0.16531816124916077,0.3232104778289795,0.5207734107971191,-0.03624175861477852,0.32568666338920593,0.3381228744983673,-0.11545053869485855,0.32968199253082275,0.4818184971809387,-0.1483277827501297,0.3341437876224518,0.602658748626709,-0.14984844624996185,0.23760515451431274,0.5538923144340515,-0.05764535441994667,0.22502653300762177,0.4098028838634491,-0.13248847424983978,0.2459479719400406,0.5560348033905029,-0.13176989555358887,0.2605211138725281,0.6590354442596436,-0.10934148728847504,0.15357662737369537,0.6197958588600159,-0.08329392224550247,0.14927184581756592,0.5360906720161438,-0.1326640248298645,0.18155354261398315,0.6344712376594543,-0.12260915338993073,0.20504501461982727,0.7053171992301941,-0.10142374038696289
E,0.24374407529830933,0.9522274136543274,-2.6323246515858045e-07,0.3592054545879364,0.9118526577949524,-0.054780807346105576,0.4517735242843628,0.8031708598136902,-0.09122643619775772,0.41415902972221375,0.7110699415206909,-0.12853547930717468,0.3257180154323578,0.6943089365959167,-0.16049717366695404,0.42275407910346985,0.5311091542243958,-0.03453793749213219,0.4263189435005188,0.3763202428817749,-0.11257702112197876,0.42476144433021545,0.4672776162624359,-0.16325810551643372,0.41939210891723633,0.5759558081626892,-0.186069518327713,0.3314219117164612,0.5288866758346558,-0.044903166592121124,0.3340413272380829,0.3407028615474701,-0.1288803368806839,0.33952245116233826,0.47558557987213135,-0.165536031126976,0.34256020188331604,0.5947726368904114,-0.1694011241197586,0.245927095413208,0.5597147345542908,-0.06536354869604111,0.23708640038967133,0.4104818105697632,-0.14538264274597168,0.2557416260242462,0.5578354001045227,-0.14722947776317596,0.2663385272026062,0.6639117002487183,-0.125662699341774,0.16054967045783997,0.6223122477531433,-0.09041111916303635,0.16357244551181793,0.5367245674133301,-0.1447925865650177,0.19427993893623352,0.6369944214820862,-0.13716661930084229,0.2143002301454544,0.7101297378540039,-0.116928331553936
E,0.24444304406642914,0.960593581199646,-3.635109919741808e-07,0.3593534529209137,0.9206556081771851,-0.051206257194280624,0.451915442943573,0.8057069778442383,-0.08200033009052277,0.4163849651813507,0.7061691284179688,-0.11378859728574753,0.3272179663181305,0.6938167214393616,-0.14015230536460876,0.42632120847702026,0.5373942852020264,-0.026434442028403282,0.4326413869857788,0.3847064673900604,-0.09726256132125854,0.425070196390152,0.4746283292770386,-0.14122261106967926,0.4168638586997986,0.5812227129936218,-0.1605578511953354,0.33325958251953125,0.5326285362243652,-0.03636452183127403,0.33298835158348083,0.34863561391830444,-0.1166999489068985,0.3346707224845886,0.49106651544570923,-0.1483946591615677,0.3393033742904663,0.6147308945655823,-0.148267462849617,0.24781666696071625,0.5633734464645386,-0.056156814098358154,0.236548513174057,0.4171542525291443,-0.13309259712696075,0.2544906735420227,0.5619246959686279,-0.1333473026752472,0.2685059905052185,0.667089581489563,-0.11058058589696884,0.16332124173641205,0.6264786124229431,-0.08023412525653839,0.16189812123775482,0.5437825322151184,-0.1324920356273651,0.19100940227508545,0.6425089836120605,-0.1251458078622818,0.21320229768753052,0.7167588472366333,-0.1051633358001709
E,0.2428685426712036,0.9500698447227478,-3.112978390618082e-07,0.35760024189949036,0.9073913097381592,-0.047163404524326324,0.44769302010536194,0.7951552271842957,-0.07654228806495667,0.4214467704296112,0.6988394856452942,-0.10816825181245804,0.3403400778770447,0.6846358776092529,-0.1342468112707138,0.42136940360069275,0.5281838178634644,-0.02031138725578785,0.4288652539253235,0.3771032691001892,-0.09154358506202698,0.42793965339660645,0.46471941471099854,-0.1365920901298523,0.4234881103038788,0.5678123831748962,-0.1556570678949356,0.3304919898509979,0.5242975354194641,-0.03187112882733345,0.3334504961967468,0.33614933490753174,-0.10938415676355362,0.339362233877182,0.4677404761314392,-0.13969923555850983,0.3431622087955475,0.5869011878967285,-0.13881346583366394,0.24595466256141663,0.5550521612167358,-0.05345999822020531,0.23872695863246918,0.40984979271888733,-0.12870483100414276,0.2583431899547577,0.5527737140655518,-0.12796595692634583,0.27065926790237427,0.6565722227096558,-0.1044241413474083,0.16255782544612885,0.6183253526687622,-0.07925856858491898,0.16609811782836914,0.5377588868141174,-0.13045328855514526,0.19665661454200745,0.6374824643135071,-0.12204457074403763,0.21815431118011475,0.7115961313247681,-0.10105543583631516
E,0.24146686494350433,0.9499496221542358,-2.910280727519421e-07,0.3607730269432068,0.9092938899993896,-0.05058787018060684,0.45484697818756104,0.7954251170158386,-0.08080408722162247,0.41941750049591064,0.701741635799408,-0.11300797015428543,0.33104270696640015,0.6869240999221802,-0.1398768573999405,0.4268675446510315,0.5302636623382568,-0.019685423001646996,0.43197372555732727,0.38961589336395264,-0.09494651108980179,0.42814353108406067,0.4852735698223114,-0.14481984078884125,0.42259660363197327,0.5921551585197449,-0.16698327660560608,0.3376929461956024,0.5259313583374023,-0.03000977821648121,0.3367610573768616,0.35076719522476196,-0.11459214240312576,0.3450429141521454,0.48215749859809875,-0.15257862210273743,0.35130634903907776,0.6056206822395325,-0.15604984760284424,0.2532605528831482,0.5542982816696167,-0.050895415246486664,0.24313601851463318,0.41362708806991577,-0.1332608014345169,0.2651901841163635,0.5648270845413208,-0.13730992376804352,0.2800558805465698,0.676581084728241,-0.11527228355407715,0.1685599833726883,0.6141142845153809,-0.07598374038934708,0.16942958533763885,0.5385987758636475,-0.1332876980304718,0.19970643520355225,0.6424030661582947,-0.1287442445755005,0.2221599817276001,0.7190438508987427,-0.10923311114311218
E,0.25022509694099426,0.9517108798027039,-2.1808254757615941e-07,0.3613371253013611,0.9086021184921265,-0.04773971065878868,0.4473748803138733,0.7889671921730042,-0.07460930198431015,0.41549360752105713,0.7011560201644897,-0.10309289395809174,0.33205196261405945,0.6955685615539551,-0.12672807276248932,0.41222262382507324,0.5296353697776794,-0.020872635766863823,0.4193355441093445,0.38207677006721497,-0.08994791656732559,0.4139602780342102,0.46434980630874634,-0.1354963332414627,0.4079529047012329,0.5662820935249329,-0.15688416361808777,0.3210507333278656,0.5234122276306152,-0.03257942572236061,0.32940801978111267,0.34356924891471863,-0.10925674438476562,0.33031633496284485,0.4647892415523529,-0.14437933266162872,0.3341701924800873,0.586057186126709,-0.14834630489349365,0.2389533519744873,0.5542126297950745,-0.054325371980667114,0.2329571545124054,0.41868484020233154,-0.13033412396907806,0.24949583411216736,0.5534720420837402,-0.14240573346614838,0.26576849818229675,0.6594441533088684,-0.12999048829078674,0.1622772365808487,0.6185382008552551,-0.08028952777385712,0.1694461703300476,0.6011854410171509,-0.13992759585380554,0.2030935287475586,0.7055942416191101,-0.1477470099925995,0.23389855027198792,0.7777596116065979,-0.13920924067497253
E,0.2473970502614975,0.952187716960907,-2.468790967213863e-07,0.3610139787197113,0.912742018699646,-0.05108896642923355,0.44997721910476685,0.7876868844032288,-0.0781414657831192,0.41801780462265015,0.694819450378418,-0.10613763332366943,0.33116209506988525,0.6957102417945862,-0.12886942923069,0.41466784477233887,0.528061032295227,-0.020188523456454277,0.4202883839607239,0.38032108545303345,-0.08953447639942169,0.4136437177658081,0.4598676562309265,-0.135127454996109,0.4079098701477051,0.5652680397033691,-0.15638099610805511,0.322010338306427,0.5222126841545105,-0.029675062745809555,0.32666829228401184,0.34747856855392456,-0.10796399414539337,0.3265802264213562,0.46945470571517944,-0.14293839037418365,0.3314806818962097,0.5906986594200134,-0.14634713530540466,0.23987457156181335,0.5526331067085266,-0.049818918108940125,0.2320554256439209,0.42121613025665283,-0.12638172507286072,0.24789127707481384,0.5543511509895325,-0.137557715177536,0.26492995023727417,0.660339891910553,-0.12398465722799301,0.16333726048469543,0.6156864762306213,-0.07460680603981018,0.16658636927604675,0.5927926898002625,-0.13317930698394775,0.1977016031742096,0.6932473182678223,-0.1400589495897293,0.22781644761562347,0.7639968991279602,-0.13070806860923767
E,0.24780863523483276,0.9525585174560547,-2.2830326429357228e-07,0.35958433151245117,0.9138388633728027,-0.05055135488510132,0.4470902681350708,0.7925525307655334,-0.07857679575681686,0.4182948172092438,0.7013254761695862,-0.10764135420322418,0.33568620681762695,0.696189820766449,-0.13137821853160858,0.41069725155830383,0.534106433391571,-0.02517988532781601,0.4201805293560028,0.38210374116897583,-0.09708082675933838,0.41408562660217285,0.4635846018791199,-0.1428898274898529,0.4056043326854706,0.5696991086006165,-0.16331687569618225,0.3186902701854706,0.528038501739502,-0.03576551750302315,0.3261711895465851,0.3465268313884735,-0.11615269631147385,0.3266988694667816,0.4728568196296692,-0.1506836712360382,0.32998859882354736,0.5974865555763245,-0.1527484804391861,0.23674604296684265,0.5585323572158813,-0.05661912262439728,0.23048850893974304,0.42328912019729614,-0.13545885682106018,0.2458423525094986,0.5635667443275452,-0.14453257620334625,0.2615184783935547,0.6716599464416504,-0.1284821331501007,0.16008980572223663,0.6219712495803833,-0.0818801075220108,0.1646956205368042,0.5978274345397949,-0.1421436369419098,0.19558918476104736,0.7039308547973633,-0.14711497724056244,0.22462198138237,0.7770729064941406,-0.13553938269615173
E,0.24711519479751587,0.9522247910499573,-2.695833529742231e-07,0.3609532117843628,0.9116660356521606,-0.05385660380125046,0.4497014284133911,0.790806233882904,-0.08359802514314651,0.4176267683506012,0.701858639717102,-0.11381445080041885,0.334208607673645,0.6966202259063721,-0.13874013721942902,0.41440117359161377,0.5307685732841492,-0.026509996503591537,0.4227064847946167,0.38516026735305786,-0.0995679721236229,0.4129279553890228,0.4711500406265259,-0.14726635813713074,0.40391257405281067,0.5782889127731323,-0.1693156212568283,0.32178252935409546,0.5241650342941284,-0.035939764231443405,0.32712316513061523,0.3465370237827301,-0.1171761155128479,0.32504963874816895,0.4729566276073456,-0.15362457931041718,0.3286290764808655,0.597344696521759,-0.1574254184961319,0.2388843297958374,0.5546037554740906,-0.056037597358226776,0.23102900385856628,0.42337244749069214,-0.1354825496673584,0.24513298273086548,0.5614806413650513,-0.1464783400297165,0.2609494924545288,0.6690651774406433,-0.13192614912986755,0.16179341077804565,0.6189389824867249,-0.08074119687080383,0.16452272236347198,0.5901439785957336,-0.14097514748573303,0.19476254284381866,0.6938635110855103,-0.14648522436618805,0.22320176661014557,0.7667393684387207,-0.13555969297885895
E,0.24767574667930603,0.951509952545166,-2.3622764899755566e-07,0.3583126664161682,0.9093450307846069,-0.05027497932314873,0.44535037875175476,0.7871026992797852,-0.07826973497867584,0.41833245754241943,0.6934216022491455,-0.10734808444976807,0.3364897072315216,0.6896733641624451,-0.13111020624637604,0.40701156854629517,0.5281159281730652,-0.023149194195866585,0.41780412197113037,0.3781259059906006,-0.09517720341682434,0.41333872079849243,0.4587518274784088,-0.14214876294136047,0.40638136863708496,0.5660391449928284,-0.16312091052532196,0.31585606932640076,0.5225062966346741,-0.03282193839550018,0.3235848546028137,0.3456767201423645,-0.1123029887676239,0.32505807280540466,0.46992677450180054,-0.14609384536743164,0.3282705247402191,0.5941194891929626,-0.147673100233078,0.23362046480178833,0.5534428358078003,-0.05296693369746208,0.225837841629982,0.4250958561897278,-0.13059091567993164,0.24227812886238098,0.5622018575668335,-0.1382923275232315,0.25815585255622864,0.6693339347839355,-0.12114289402961731,0.15695400536060333,0.6172102093696594,-0.07765908539295197,0.16054454445838928,0.5873246192932129,-0.13571757078170776,0.1934296190738678,0.6902209520339966,-0.13850921392440796,0.2226572036743164,0.7628169059753418,-0.1253088414669037
E,0.2423061728477478,0.9601190090179443,-2.704037456169317e-07,0.3584688901901245,0.9152520895004272,-0.04591290280222893,0.4474307894706726,0.7989892363548279,-0.071843221783638,0.41810843348503113,0.701901376247406,-0.0993894413113594,0.3367420732975006,0.6971805095672607,-0.12223201245069504,0.4082091450691223,0.5413867235183716,-0.021111415699124336,0.41789937019348145,0.38772010803222656,-0.08794038742780685,0.4129177927970886,0.467533141374588,-0.13063228130340576,0.40632274746894836,0.5716336965560913,-0.14958347380161285,0.31753116846084595,0.5359619855880737,-0.032199665904045105,0.3247110843658447,0.3483009934425354,-0.10442093014717102,0.3249213695526123,0.46505481004714966,-0.13458549976348877,0.3278353810310364,0.5859504342079163,-0.1358402818441391,0.23678717017173767,0.5678215026855469,-0.0528993159532547,0.22708438336849213,0.42014047503471375,-0.123430997133255,0.2403801679611206,0.5496338605880737,-0.12828601896762848,0.2557443678379059,0.6557547450065613,-0.11141844838857651,0.16063658893108368,0.6339750289916992,-0.07775094360113144,0.15442107617855072,0.5803345441818237,-0.1305166780948639,0.18438589572906494,0.6772798299789429,-0.1301223784685135,0.21430712938308716,0.7536728382110596,-0.11603022366762161
E,0.24343174695968628,0.9655646085739136,-3.144549509670469e-07,0.3599814474582672,0.9207816123962402,-0.04630336910486221,0.4511067867279053,0.8000943064689636,-0.07222601771354675,0.423691987991333,0.7021448612213135,-0.10047901421785355,0.34246566891670227,0.7020838856697083,-0.12365733087062836,0.4115890860557556,0.5363408327102661,-0.017589867115020752,0.4220147728919983,0.38827627897262573,-0.08687105029821396,0.4159943163394928,0.4771987795829773,-0.1314419060945511,0.4086148142814636,0.5842971801757812,-0.1510498821735382,0.3202565014362335,0.5335867404937744,-0.029179230332374573,0.32760950922966003,0.3505266010761261,-0.104892797768116,0.3274904787540436,0.4746244549751282,-0.13577662408351898,0.3304748833179474,0.5984613299369812,-0.13598783314228058,0.23823282122612,0.5667862892150879,-0.05103890225291252,0.23048019409179688,0.42193084955215454,-0.12443061172962189,0.24475723505020142,0.5573856234550476,-0.12884558737277985,0.2598172724246979,0.6664465665817261,-0.11010076105594635,0.1605515033006668,0.6340544819831848,-0.07729706913232803,0.15860407054424286,0.5809391140937805,-0.13142581284046173,0.189590722322464,0.6799717545509338,-0.13127188384532928,0.21890400350093842,0.7571337223052979,-0.11652117967605591
E,0.2421322762966156,0.9653266668319702,-2.445925701977103e-07,0.3594728410243988,0.92013019323349,-0.04901343211531639,0.45133158564567566,0.7980051040649414,-0.07615219056606293,0.42249879240989685,0.7007562518119812,-0.10458459705114365,0.33839285373687744,0.706418514251709,-0.1280101090669632,0.4115380048751831,0.542739748954773,-0.022659748792648315,0.42098209261894226,0.39026325941085815,-0.09155753999948502,0.4164089560508728,0.471535325050354,-0.13533902168273926,0.4088006615638733,0.5773904323577881,-0.15462574362754822,0.31871548295021057,0.5365179777145386,-0.033157721161842346,0.3245226740837097,0.34969913959503174,-0.10947239398956299,0.32509946823120117,0.47238731384277344,-0.1399136483669281,0.3278298079967499,0.5974474549293518,-0.13968104124069214,0.23638810217380524,0.5674426555633545,-0.053829800337553024,0.23092010617256165,0.42328667640686035,-0.12703683972358704,0.24469557404518127,0.5557968616485596,-0.13205859065055847,0.2583996653556824,0.6629863381385803,-0.11402706056833267,0.15824754536151886,0.6315554976463318,-0.07917492836713791,0.15928344428539276,0.581992506980896,-0.13299915194511414,0.18860185146331787,0.6800632476806641,-0.1335042268037796,0.21607467532157898,0.7554690837860107,-0.1196386069059372
E,0.24718283116817474,0.9614025354385376,-2.581672049473127e-07,0.3633107542991638,0.9182699918746948,-0.04859762638807297,0.45528608560562134,0.7961927652359009,-0.0747029259800911,0.4284014403820038,0.7022887468338013,-0.1024075523018837,0.34628885984420776,0.7002890706062317,-0.12476523965597153,0.4160538613796234,0.5378134846687317,-0.01739584095776081,0.42775794863700867,0.3886879086494446,-0.08700882643461227,0.4227135479450226,0.47376692295074463,-0.13187961280345917,0.4145556092262268,0.5797466039657593,-0.15166038274765015,0.3258572518825531,0.5330734848976135,-0.027825385332107544,0.33207592368125916,0.3480837643146515,-0.10529113560914993,0.33321845531463623,0.469703733921051,-0.1386442631483078,0.3362618386745453,0.594754695892334,-0.14015887677669525,0.2445986270904541,0.5638792514801025,-0.04877348244190216,0.23679134249687195,0.41587963700294495,-0.12527523934841156,0.25042101740837097,0.5514639616012573,-0.13351908326148987,0.2650822401046753,0.6610614657402039,-0.11694922298192978,0.16818198561668396,0.6282726526260376,-0.0740060806274414,0.1666557341814041,0.5851149559020996,-0.13250994682312012,0.1961907148361206,0.6886691451072693,-0.13620562851428986,0.2254255712032318,0.7657920122146606,-0.12374051660299301
E,0.24290555715560913,0.9624946117401123,-2.2119948539511824e-07,0.35782843828201294,0.9177888631820679,-0.051903773099184036,0.4544711709022522,0.7984727621078491,-0.08168109506368637,0.429429829120636,0.7059051394462585,-0.11232130974531174,0.34695473313331604,0.7007083892822266,-0.137604758143425,0.415479838848114,0.5458024144172668,-0.026127174496650696,0.4301539361476898,0.39479538798332214,-0.09880787879228592,0.42508792877197266,0.4726439118385315,-0.1443811058998108,0.41489171981811523,0.580367922782898,-0.16375449299812317,0.3246475160121918,0.5404669642448425,-0.03590909019112587,0.3313155770301819,0.358102947473526,-0.11905376613140106,0.33205997943878174,0.486954927444458,-0.15254321694374084,0.3357952833175659,0.6160018444061279,-0.1524670571088791,0.24269193410873413,0.5686917304992676,-0.05611871927976608,0.23838624358177185,0.42011359333992004,-0.1358204483985901,0.2518453001976013,0.5595270991325378,-0.1417374461889267,0.26641416549682617,0.6700884103775024,-0.12253443151712418,0.16437023878097534,0.6291725039482117,-0.0808846727013588,0.1662115454673767,0.5801593065261841,-0.14073674380779266,0.19340254366397858,0.6857059001922607,-0.1425120085477829,0.22025001049041748,0.7633599042892456,-0.12796087563037872
E,0.24563387036323547,0.9596482515335083,-2.673686481102777e-07,0.36260780692100525,0.9155035018920898,-0.052161309868097305,0.45665252208709717,0.7943973541259766,-0.0812089592218399,0.4288727939128876,0.700099766254425,-0.1110907569527626,0.34492388367652893,0.6977972984313965,-0.1357223242521286,0.4149096608161926,0.5379149913787842,-0.025881119072437286,0.42764759063720703,0.3915858268737793,-0.09710968285799026,0.42140671610832214,0.4778364896774292,-0.1425900012254715,0.413368284702301,0.583606481552124,-0.16265714168548584,0.32398709654808044,0.5310609340667725,-0.03497429937124252,0.33458101749420166,0.35315650701522827,-0.11347740143537521,0.3331299126148224,0.4794051945209503,-0.14498195052146912,0.3347660005092621,0.6036475300788879,-0.14523263275623322,0.24189460277557373,0.5584608912467957,-0.054546765983104706,0.2408447563648224,0.4129346013069153,-0.1297653168439865,0.25204747915267944,0.5505076050758362,-0.13378289341926575,0.26480141282081604,0.6594935059547424,-0.11471711844205856,0.1638914942741394,0.6182138919830322,-0.07896348088979721,0.16603074967861176,0.5677986145019531,-0.13474102318286896,0.1932753026485443,0.6710818409919739,-0.13468684256076813,0.2202424705028534,0.7472430467605591,-0.11980466544628143
E,0.2479088008403778,0.9601665735244751,-3.896725218055508e-07,0.3632795214653015,0.9308164119720459,-0.05656636506319046,0.4643869400024414,0.8220418095588684,-0.08913382142782211,0.44964659214019775,0.7272036075592041,-0.12170512229204178,0.3699245750904083,0.7058308720588684,-0.148652583360672,0.42903733253479004,0.5399628281593323,-0.029815414920449257,0.4294462203979492,0.405286967754364,-0.10793760418891907,0.4170553684234619,0.5067801475524902,-0.15753398835659027,0.4152247905731201,0.6156522631645203,-0.17956820130348206,0.3334887623786926,0.531928539276123,-0.037896376103162766,0.3389902114868164,0.36328452825546265,-0.12588825821876526,0.330820769071579,0.5040540099143982,-0.15988442301750183,0.334503710269928,0.6362189054489136,-0.1592368185520172,0.24647793173789978,0.5608465075492859,-0.057173535227775574,0.2373843640089035,0.42011547088623047,-0.14513623714447021,0.24849791824817657,0.5748711228370667,-0.14956556260585785,0.2683559060096741,0.6945984363555908,-0.1270797997713089,0.16514962911605835,0.6260152459144592,-0.08087846636772156,0.1601133644580841,0.5837917923927307,-0.14965057373046875,0.1880297213792801,0.7046366930007935,-0.15176129341125488,0.22041356563568115,0.7915636301040649,-0.13475510478019714
E,0.24794557690620422,0.9608354568481445,-3.169208753206476e-07,0.3638906478881836,0.9308828115463257,-0.05693240463733673,0.4654482305049896,0.818963348865509,-0.08900207281112671,0.4460022449493408,0.7235451340675354,-0.1210222840309143,0.364966481924057,0.7000921964645386,-0.14743249118328094,0.4257890582084656,0.5443168878555298,-0.02895423211157322,0.43388640880584717,0.40891319513320923,-0.10817072540521622,0.42540138959884644,0.4971778392791748,-0.1595727950334549,0.42105746269226074,0.6045862436294556,-0.18256476521492004,0.3301987946033478,0.5354500412940979,-0.03696075454354286,0.33593684434890747,0.3672730326652527,-0.12619002163410187,0.3323120176792145,0.5061378479003906,-0.16233046352863312,0.33758673071861267,0.6392162442207336,-0.1629846692085266,0.24336284399032593,0.5629186034202576,-0.056314438581466675,0.23687273263931274,0.4241543412208557,-0.14435701072216034,0.2509011924266815,0.5759856700897217,-0.15041077136993408,0.27068138122558594,0.6931849718093872,-0.12925134599208832,0.16239050030708313,0.6254069209098816,-0.08029643446207047,0.1622178852558136,0.5903289914131165,-0.14832182228565216,0.19147001206874847,0.7071309089660645,-0.15170076489448547,0.222680926322937,0.7883979678153992,-0.13608667254447937
E,0.24950546026229858,0.963735818862915,-4.6716695578652434e-07,0.36006033420562744,0.9324098825454712,-0.05108785256743431,0.45876407623291016,0.8255005478858948,-0.0800597071647644,0.44881293177604675,0.7322273254394531,-0.10946772992610931,0.37532955408096313,0.6999949216842651,-0.13345718383789062,0.43096810579299927,0.5610883831977844,-0.025946753099560738,0.43658196926116943,0.4184226393699646,-0.10232514888048172,0.42125779390335083,0.5100257992744446,-0.15099789202213287,0.4147431254386902,0.6159229874610901,-0.17268988490104675,0.33550339937210083,0.5497955083847046,-0.03600948676466942,0.3441416919231415,0.3773540258407593,-0.12181037664413452,0.3323343098163605,0.5233637094497681,-0.15421348810195923,0.3335324227809906,0.6541270017623901,-0.15274757146835327,0.2493980973958969,0.5762304663658142,-0.05664386600255966,0.24253159761428833,0.43750154972076416,-0.14218170940876007,0.24907812476158142,0.595098078250885,-0.1438351720571518,0.26666343212127686,0.7081327438354492,-0.12037388980388641,0.1688612401485443,0.6387408375740051,-0.08110785484313965,0.1659107357263565,0.5994136333465576,-0.14682795107364655,0.18900398910045624,0.7211102247238159,-0.14539353549480438,0.21898476779460907,0.8012310266494751,-0.12678666412830353
E,0.2514569163322449,0.9616401791572571,-3.9319274947047234e-07,0.35897529125213623,0.9311339855194092,-0.05106780305504799,0.4558023512363434,0.8256672620773315,-0.08057843893766403,0.4497317671775818,0.7324247360229492,-0.1109808087348938,0.37970393896102905,0.6994742155075073,-0.13606901466846466,0.425315797328949,0.5617599487304688,-0.025912582874298096,0.4375598430633545,0.4215317368507385,-0.10325055569410324,0.42632994055747986,0.5097573399543762,-0.15219347178936005,0.4196757674217224,0.6132704019546509,-0.17337463796138763,0.33187606930732727,0.5501814484596252,-0.03662161901593208,0.3463786244392395,0.378987193107605,-0.12288204580545425,0.3355691730976105,0.5226654410362244,-0.15507183969020844,0.3359363377094269,0.6513852477073669,-0.15310390293598175,0.24604082107543945,0.576400637626648,-0.05808382108807564,0.2438986599445343,0.4385911226272583,-0.14348110556602478,0.2503536641597748,0.5932648181915283,-0.14573416113853455,0.2664382755756378,0.7057873606681824,-0.12229179590940475,0.16530409455299377,0.6385454535484314,-0.0834650993347168,0.16429947316646576,0.5968031883239746,-0.14764513075351715,0.18862363696098328,0.7153295278549194,-0.14600956439971924,0.21834751963615417,0.7959675192832947,-0.12732912600040436
E,0.2476714551448822,0.9650650024414062,-3.9847699895290134e-07,0.360178142786026,0.9359114766120911,-0.04914727807044983,0.45863962173461914,0.8230154514312744,-0.07467886060476303,0.45404505729675293,0.7263375520706177,-0.10139212757349014,0.37701860070228577,0.6998168230056763,-0.12228301167488098,0.41751933097839355,0.5640200972557068,-0.01998099312186241,0.433277428150177,0.4200492799282074,-0.09560754150152206,0.4216087758541107,0.510161280632019,-0.14289283752441406,0.4098772704601288,0.6122747659683228,-0.16293378174304962,0.3250635266304016,0.551649808883667,-0.03059178963303566,0.3403332233428955,0.37468820810317993,-0.11438008397817612,0.33211907744407654,0.5104219317436218,-0.1459117829799652,0.33061856031417847,0.6366374492645264,-0.14394430816173553,0.24216479063034058,0.5774385929107666,-0.0521162711083889,0.2396898865699768,0.4400893747806549,-0.13636139035224915,0.25032681226730347,0.5984570384025574,-0.13916316628456116,0.26876476407051086,0.7123004198074341,-0.11618559062480927,0.1631300151348114,0.6391408443450928,-0.07743088155984879,0.16415317356586456,0.6030677556991577,-0.14136245846748352,0.18876156210899353,0.7218485474586487,-0.14114099740982056,0.21944575011730194,0.8023636341094971,-0.12379570305347443
E,0.24903389811515808,0.9666062593460083,-4.131844946186902e-07,0.3597460985183716,0.9364989995956421,-0.04957303777337074,0.45613110065460205,0.8252942562103271,-0.07648469507694244,0.45338231325149536,0.7315610647201538,-0.10470034182071686,0.37977150082588196,0.6996197700500488,-0.12762752175331116,0.4213390648365021,0.5630379915237427,-0.022874517366290092,0.4342845678329468,0.42190825939178467,-0.09983628988265991,0.4222775101661682,0.5084074139595032,-0.14889401197433472,0.41117048263549805,0.6107295155525208,-0.1700425148010254,0.3276783227920532,0.5505825281143188,-0.03353734314441681,0.34071385860443115,0.37680768966674805,-0.1176147535443306,0.33179426193237305,0.5130014419555664,-0.14970222115516663,0.3307443857192993,0.6400529742240906,-0.14852502942085266,0.24359893798828125,0.5770512223243713,-0.05497817322611809,0.24028317630290985,0.44159960746765137,-0.13888971507549286,0.24938346445560455,0.599391520023346,-0.14128820598125458,0.26742035150527954,0.7137346267700195,-0.1184527575969696,0.16356772184371948,0.63995361328125,-0.08030187338590622,0.16355669498443604,0.6046358346939087,-0.14402897655963898,0.1881430298089981,0.7231907844543457,-0.14318843185901642,0.21934932470321655,0.8036562204360962,-0.12541383504867554
E,0.24988897144794464,0.9661937952041626,-3.755112345515954e-07,0.3649976849555969,0.9380953311920166,-0.05046702176332474,0.46414512395858765,0.8262083530426025,-0.07768747955560684,0.4556177854537964,0.7307842969894409,-0.1058124229311943,0.37739673256874084,0.7111746668815613,-0.12844756245613098,0.41925615072250366,0.5647862553596497,-0.02448207139968872,0.43254074454307556,0.4172474145889282,-0.10102172940969467,0.421753466129303,0.5026364922523499,-0.14859285950660706,0.40965890884399414,0.6072361469268799,-0.16859716176986694,0.32694578170776367,0.5529993772506714,-0.03468551114201546,0.3398103415966034,0.3740931749343872,-0.11846056580543518,0.3317207992076874,0.5093975067138672,-0.14925837516784668,0.33007997274398804,0.6360104084014893,-0.1470307558774948,0.24408341944217682,0.5790343880653381,-0.055674999952316284,0.23933184146881104,0.44157499074935913,-0.13991084694862366,0.2500114440917969,0.5995847582817078,-0.14147129654884338,0.2678681015968323,0.7131763100624084,-0.1179293841123581,0.16487063467502594,0.6404821872711182,-0.08062033355236053,0.16347378492355347,0.6035099029541016,-0.14454703032970428,0.1907576322555542,0.723885178565979,-0.14308227598667145,0.22297632694244385,0.8042696714401245,-0.12486796826124191
E,0.2487887144088745,0.9676046371459961,-4.6033554212954186e-07,0.3631843328475952,0.937293529510498,-0.048133786767721176,0.46428534388542175,0.8302446603775024,-0.07502785325050354,0.45975571870803833,0.732535719871521,-0.10355532914400101,0.3840582072734833,0.707964301109314,-0.12652307748794556,0.4210367798805237,0.5612823963165283,-0.02059110999107361,0.43511641025543213,0.4211542308330536,-0.09504138678312302,0.42193686962127686,0.5138266086578369,-0.14207689464092255,0.4108220934867859,0.6184285879135132,-0.16226732730865479,0.3276413679122925,0.5504823923110962,-0.03184756264090538,0.33978351950645447,0.38009339570999146,-0.1136774867773056,0.3311464488506317,0.5224144458770752,-0.14401711523532867,0.3312968909740448,0.65009605884552,-0.14184650778770447,0.24346840381622314,0.5778448581695557,-0.05364399403333664,0.2403670996427536,0.44077813625335693,-0.1342034935951233,0.250796377658844,0.5968106985092163,-0.13444872200489044,0.2691035568714142,0.7111397981643677,-0.11089379340410233,0.1643819957971573,0.6420363783836365,-0.07946211844682693,0.16015730798244476,0.603018581867218,-0.14001938700675964,0.18778584897518158,0.7176620364189148,-0.13774487376213074,0.22097420692443848,0.7964025139808655,-0.1193886250257492
E,0.2518893778324127,0.9661737680435181,-4.686280306032131e-07,0.3690938651561737,0.9393532276153564,-0.049268461763858795,0.4737073481082916,0.82906574010849,-0.07562389969825745,0.4632069170475006,0.7361677885055542,-0.10265517979860306,0.3803154528141022,0.7226938605308533,-0.12376529723405838,0.4227824807167053,0.5568049550056458,-0.021646667271852493,0.4348905682563782,0.4206894338130951,-0.09715263545513153,0.42190030217170715,0.5235528349876404,-0.14400222897529602,0.4115314781665802,0.6283383369445801,-0.16403858363628387,0.32960447669029236,0.5474116206169128,-0.0319502130150795,0.3392031490802765,0.3809252381324768,-0.11640888452529907,0.33253565430641174,0.5315548181533813,-0.1469249725341797,0.3349304497241974,0.6609348058700562,-0.14404107630252838,0.24514652788639069,0.5736782550811768,-0.05294777825474739,0.23854205012321472,0.44269174337387085,-0.1376131772994995,0.25112906098365784,0.6075795292854309,-0.13806787133216858,0.2715785503387451,0.7228012084960938,-0.11343570053577423,0.16580873727798462,0.6357724666595459,-0.07767090201377869,0.16270077228546143,0.6009984612464905,-0.1409037858247757,0.1907476782798767,0.7275075316429138,-0.13827462494373322,0.2245764136314392,0.8098593950271606,-0.11912257969379425
E,0.2494376301765442,0.9643130898475647,-4.881866288997116e-07,0.36568084359169006,0.9373677968978882,-0.050358980894088745,0.4717909097671509,0.8277527689933777,-0.07799084484577179,0.46525299549102783,0.7326958179473877,-0.10653333365917206,0.38262802362442017,0.7174386382102966,-0.1297437697649002,0.42299821972846985,0.5581302642822266,-0.02188234217464924,0.4329787790775299,0.42476287484169006,-0.09794645011425018,0.42177367210388184,0.5210497975349426,-0.14620283246040344,0.4159352481365204,0.6214956045150757,-0.16750550270080566,0.3303118348121643,0.5492430329322815,-0.03264569118618965,0.3404770791530609,0.38573604822158813,-0.11812169849872589,0.33216339349746704,0.5383069515228271,-0.14952583611011505,0.33530429005622864,0.6665740609169006,-0.14708825945854187,0.24558374285697937,0.5766013860702515,-0.05405670404434204,0.2407340556383133,0.4420124590396881,-0.13865172863006592,0.25018903613090515,0.6063803434371948,-0.13759268820285797,0.2699630856513977,0.722105860710144,-0.11186180263757706,0.16730912029743195,0.6403807401657104,-0.07943160086870193,0.16137225925922394,0.5969597101211548,-0.1414344757795334,0.1867201328277588,0.7198321223258972,-0.1367950588464737,0.21895107626914978,0.8006114959716797,-0.11628451198339462
E,0.25073111057281494,0.9626976251602173,-5.075913236396445e-07,0.36746132373809814,0.9322536587715149,-0.05067850649356842,0.4757082760334015,0.8245810270309448,-0.07937771826982498,0.4686052203178406,0.7378480434417725,-0.10927865654230118,0.38732218742370605,0.7318002581596375,-0.13353687524795532,0.42383238673210144,0.5604466199874878,-0.022461391985416412,0.4350621700286865,0.4290095567703247,-0.10241011530160904,0.42212024331092834,0.5328708291053772,-0.1518431007862091,0.4151723384857178,0.6413516998291016,-0.17223776876926422,0.33150506019592285,0.5512350797653198,-0.0334816537797451,0.3414515256881714,0.3900942802429199,-0.12368196249008179,0.32832589745521545,0.5515973567962646,-0.15336816012859344,0.3303401470184326,0.6860165596008301,-0.1474979668855667,0.24749547243118286,0.5769818425178528,-0.055857546627521515,0.24176721274852753,0.4423809051513672,-0.141854926943779,0.2467251718044281,0.6067672371864319,-0.13807590305805206,0.2654792070388794,0.7226386666297913,-0.10876694321632385,0.16952750086784363,0.6370347142219543,-0.08246390521526337,0.16058461368083954,0.5841742157936096,-0.1420847624540329,0.18298427760601044,0.7027908563613892,-0.13458417356014252,0.21378907561302185,0.7826927304267883,-0.11145805567502975
E,0.2505580186843872,0.9612364768981934,-4.880286610386975e-07,0.36676687002182007,0.9331356287002563,-0.052350133657455444,0.4754074811935425,0.826920211315155,-0.08212986588478088,0.46779459714889526,0.7410892844200134,-0.11274435371160507,0.3845297396183014,0.7357350587844849,-0.13748405873775482,0.42152079939842224,0.5586646199226379,-0.023847907781600952,0.4342138171195984,0.4302213788032532,-0.10501071810722351,0.4230520725250244,0.5379495620727539,-0.15529192984104156,0.41688692569732666,0.6468619704246521,-0.1760607361793518,0.3297422528266907,0.549375593662262,-0.03450585901737213,0.33931964635849,0.3891896605491638,-0.12616752088069916,0.3283083438873291,0.5533674955368042,-0.1566789448261261,0.3312613368034363,0.6885187029838562,-0.15093329548835754,0.24588091671466827,0.5756653547286987,-0.05667989328503609,0.24093979597091675,0.4423297643661499,-0.1436249017715454,0.24799378216266632,0.606876790523529,-0.14017920196056366,0.26693063974380493,0.7226414680480957,-0.11080604046583176,0.1692034900188446,0.6367567181587219,-0.08327304571866989,0.16146063804626465,0.5869566798210144,-0.14343704283237457,0.18463759124279022,0.7054641246795654,-0.13631393015384674,0.21451909840106964,0.7846375107765198,-0.11330419778823853
E,0.2511754631996155,0.957994818687439,-5.927608413003327e-07,0.37327995896339417,0.9356529712677002,-0.059394121170043945,0.4859536290168762,0.8339056968688965,-0.09293926507234573,0.47971439361572266,0.7394965887069702,-0.1258189082145691,0.39279237389564514,0.7360469698905945,-0.1513940840959549,0.42518290877342224,0.5521411895751953,-0.03348492085933685,0.4355723559856415,0.43812644481658936,-0.11976924538612366,0.4193755090236664,0.5726959109306335,-0.17062325775623322,0.41081592440605164,0.6834734678268433,-0.19044651091098785,0.3314347267150879,0.5456093549728394,-0.040563639253377914,0.3387317657470703,0.39744025468826294,-0.13717703521251678,0.32748648524284363,0.5763635635375977,-0.1658155620098114,0.3305613100528717,0.7096413969993591,-0.15818153321743011,0.24461138248443604,0.5717276334762573,-0.059902552515268326,0.23448550701141357,0.43953216075897217,-0.14903578162193298,0.24325567483901978,0.6107349991798401,-0.14241306483745575,0.26242774724960327,0.7284870147705078,-0.11019741743803024,0.1631285846233368,0.6284725666046143,-0.08426465094089508,0.14874926209449768,0.5649316906929016,-0.14215029776096344,0.17445921897888184,0.6796190738677979,-0.13303829729557037,0.20480307936668396,0.7600355744361877,-0.10869058966636658
E,0.25618377327919006,0.9570156335830688,-5.64488459531276e-07,0.375261515378952,0.9327580332756042,-0.05972765013575554,0.48389264941215515,0.8264158368110657,-0.09214618802070618,0.4760890603065491,0.7368122339248657,-0.12362412363290787,0.3908117413520813,0.7358528971672058,-0.14727696776390076,0.42696619033813477,0.5491730570793152,-0.03130442276597023,0.43311840295791626,0.44232121109962463,-0.11534266918897629,0.41567298769950867,0.5819328427314758,-0.16355763375759125,0.4078752398490906,0.6930323839187622,-0.18178962171077728,0.33162933588027954,0.5426431894302368,-0.037663914263248444,0.33684787154197693,0.3968108892440796,-0.13367369771003723,0.3243996202945709,0.5768298506736755,-0.16078484058380127,0.32737088203430176,0.7103630900382996,-0.1514897346496582,0.24355390667915344,0.5694392919540405,-0.056410811841487885,0.23462876677513123,0.4401134252548218,-0.14504307508468628,0.24297329783439636,0.611592173576355,-0.1377434879541397,0.2613644003868103,0.7275510430335999,-0.10458099097013474,0.16148386895656586,0.6265016198158264,-0.08023238182067871,0.15049055218696594,0.5660824775695801,-0.13768090307712555,0.17579413950443268,0.6814594268798828,-0.12845337390899658,0.2051716446876526,0.7599430084228516,-0.1038057953119278
E,0.25883036851882935,0.9585604667663574,-5.738487516282476e-07,0.37997788190841675,0.9333986639976501,-0.06893163919448853,0.49015307426452637,0.8376739025115967,-0.10973580181598663,0.4840181767940521,0.7544751167297363,-0.14764556288719177,0.4027498960494995,0.7471484541893005,-0.1765940934419632,0.4290882647037506,0.5547088980674744,-0.05008884146809578,0.43058156967163086,0.45788347721099854,-0.14334353804588318,0.4119005799293518,0.6094186902046204,-0.19410830736160278,0.40677404403686523,0.7203635573387146,-0.21260009706020355,0.33064523339271545,0.5493735074996948,-0.05360952019691467,0.3331277072429657,0.406732439994812,-0.15924689173698425,0.3217800557613373,0.592956006526947,-0.1868778020143509,0.327955961227417,0.7230512499809265,-0.17675183713436127,0.24177587032318115,0.5757544636726379,-0.06990016996860504,0.2282201647758484,0.45267152786254883,-0.16636624932289124,0.2378731667995453,0.630798876285553,-0.15627910196781158,0.260083943605423,0.7457833290100098,-0.11973349004983902,0.1614086925983429,0.6307313442230225,-0.09173376113176346,0.14649617671966553,0.5679293274879456,-0.15184226632118225,0.17182035744190216,0.6877930164337158,-0.1401219666004181,0.20391422510147095,0.7662984728813171,-0.11299242824316025
E,0.2620035707950592,0.9540945887565613,-5.486746772476181e-07,0.38276004791259766,0.9308436512947083,-0.0685996487736702,0.4911569654941559,0.831287682056427,-0.10765011608600616,0.4834257662296295,0.7481346130371094,-0.14379923045635223,0.4020136594772339,0.7440021634101868,-0.17143414914608002,0.42825382947921753,0.5508204102516174,-0.046957094222307205,0.42951488494873047,0.4563729166984558,-0.1380997896194458,0.411052942276001,0.6059035062789917,-0.1886483132839203,0.40583691000938416,0.7196303606033325,-0.207133486866951,0.330032616853714,0.5467226505279541,-0.049596693366765976,0.3318365812301636,0.41110000014305115,-0.15265876054763794,0.32001081109046936,0.5980239510536194,-0.18001234531402588,0.3267212212085724,0.7312443256378174,-0.1700177937746048,0.24038240313529968,0.5741145610809326,-0.06519587337970734,0.23032674193382263,0.4515557885169983,-0.16000841557979584,0.23879104852676392,0.6282134056091309,-0.15175360441207886,0.2601870894432068,0.7455652356147766,-0.11679228395223618,0.15941351652145386,0.6298174262046814,-0.0863131582736969,0.14818739891052246,0.5719233155250549,-0.14777731895446777,0.17220336198806763,0.6914797425270081,-0.1387271136045456,0.2029072642326355,0.770399272441864,-0.11325018852949142
E,0.2612397074699402,0.9516086578369141,-5.301438363858324e-07,0.3872975707054138,0.9263588786125183,-0.07821382582187653,0.5130862593650818,0.8359227180480957,-0.12417320907115936,0.5239847302436829,0.7491917610168457,-0.16704146564006805,0.43396347761154175,0.7446887493133545,-0.2002972811460495,0.43331044912338257,0.5369892120361328,-0.04938152804970741,0.4328336715698242,0.4710724353790283,-0.1506427526473999,0.41705095767974854,0.639300525188446,-0.20855852961540222,0.4161880314350128,0.7553479671478271,-0.22972039878368378,0.3332511782646179,0.5354459285736084,-0.049416735768318176,0.3318103551864624,0.4338284134864807,-0.16405361890792847,0.3247859477996826,0.6306972503662109,-0.19652938842773438,0.3372686207294464,0.7667736411094666,-0.1871739625930786,0.24133315682411194,0.5651807188987732,-0.06414607167243958,0.22562798857688904,0.46781182289123535,-0.16706706583499908,0.23872551321983337,0.6535441279411316,-0.15927869081497192,0.26703304052352905,0.7766061425209045,-0.12196285277605057,0.15820397436618805,0.6207773685455322,-0.08559316396713257,0.14528486132621765,0.580254852771759,-0.15012219548225403,0.16893871128559113,0.702612042427063,-0.1416219174861908,0.20282705128192902,0.7855601906776428,-0.11456972360610962
E,0.26158544421195984,0.9631465673446655,-5.095483857076033e-07,0.3849259614944458,0.9342371821403503,-0.08189773559570312,0.513088583946228,0.8409715890884399,-0.12884244322776794,0.5352673530578613,0.7509346008300781,-0.17087604105472565,0.4535597264766693,0.7515826225280762,-0.20244866609573364,0.4416772723197937,0.5455066561698914,-0.05587462708353996,0.43629777431488037,0.48226428031921387,-0.15548481047153473,0.4199632406234741,0.6484388709068298,-0.20971868932247162,0.41875404119491577,0.7614091634750366,-0.22921589016914368,0.339056134223938,0.5398514866828918,-0.05518440902233124,0.3313707411289215,0.4398947060108185,-0.16887739300727844,0.32596316933631897,0.6423138380050659,-0.19770556688308716,0.3395959138870239,0.77625972032547,-0.18604938685894012,0.24499595165252686,0.5683544874191284,-0.06943902373313904,0.2248532772064209,0.4701509475708008,-0.17246420681476593,0.24145789444446564,0.657532811164856,-0.162344291806221,0.27205604314804077,0.776477038860321,-0.12390292435884476,0.16150245070457458,0.6264182329177856,-0.09061884880065918,0.14390145242214203,0.5861372351646423,-0.1564614176750183,0.17263410985469818,0.7090158462524414,-0.1478177309036255,0.21059641242027283,0.7871330976486206,-0.12061364203691483
E,0.2543342709541321,0.9619954228401184,-4.806304332305444e-07,0.3816225826740265,0.936660647392273,-0.08054675161838531,0.5134915113449097,0.8503328561782837,-0.12651726603507996,0.5389780402183533,0.7596251964569092,-0.16826534271240234,0.45801278948783875,0.7566355466842651,-0.20006588101387024,0.44250744581222534,0.5437870621681213,-0.04780369997024536,0.43595224618911743,0.484409898519516,-0.14521580934524536,0.4215105175971985,0.645214855670929,-0.2007634937763214,0.42194026708602905,0.7589650750160217,-0.22187955677509308,0.3408259451389313,0.537212073802948,-0.04728870838880539,0.33149874210357666,0.4421379566192627,-0.15845133364200592,0.32861024141311646,0.6402431726455688,-0.18936708569526672,0.3430635333061218,0.7733431458473206,-0.18011239171028137,0.2467452585697174,0.5653897523880005,-0.0617162249982357,0.22640113532543182,0.47237151861190796,-0.163940891623497,0.2443341314792633,0.658815324306488,-0.15596748888492584,0.2750343084335327,0.7783726453781128,-0.11934398114681244,0.16233019530773163,0.6253565549850464,-0.08307240158319473,0.14632385969161987,0.5867986679077148,-0.1493360847234726,0.1765262484550476,0.7092138528823853,-0.14206957817077637,0.21489043533802032,0.788221001625061,-0.1159239187836647
E,0.2506168484687805,0.9510399699211121,-5.099019517729175e-07,0.384534627199173,0.9303945302963257,-0.07558931410312653,0.5198278427124023,0.8376892805099487,-0.11585699766874313,0.5402488112449646,0.7470710873603821,-0.1533394157886505,0.45217379927635193,0.7500012516975403,-0.18160416185855865,0.44764623045921326,0.5377925634384155,-0.0393754281103611,0.43918484449386597,0.47866466641426086,-0.1334071308374405,0.42118456959724426,0.6419750452041626,-0.1880842000246048,0.4198687672615051,0.7616362571716309,-0.20904402434825897,0.3460223972797394,0.5263857841491699,-0.040393486618995667,0.3336966037750244,0.43845486640930176,-0.14906086027622223,0.32743072509765625,0.6323327422142029,-0.1806475967168808,0.34135788679122925,0.7708364129066467,-0.17219583690166473,0.25094208121299744,0.551970899105072,-0.05626918748021126,0.23109585046768188,0.46768298745155334,-0.15531134605407715,0.24442782998085022,0.6540152430534363,-0.14931350946426392,0.27395063638687134,0.779302716255188,-0.1147584393620491,0.1659160703420639,0.6101701259613037,-0.07910312712192535,0.1519998013973236,0.5793405175209045,-0.14326108992099762,0.17782631516456604,0.7028971910476685,-0.13773134350776672,0.2147558182477951,0.7850506901741028,-0.1135682463645935
E,0.25468528270721436,0.9559329748153687,-4.3801378524221946e-07,0.38496020436286926,0.9342271685600281,-0.07646870613098145,0.5184914469718933,0.8431435823440552,-0.11768525838851929,0.5387228727340698,0.7510307431221008,-0.15544922649860382,0.4537819027900696,0.7424596548080444,-0.18362022936344147,0.44591209292411804,0.5459205508232117,-0.043041862547397614,0.43789857625961304,0.4855741262435913,-0.13807164132595062,0.41935765743255615,0.6463418006896973,-0.1928040087223053,0.4185698926448822,0.7634108662605286,-0.2134997397661209,0.34412509202957153,0.5324980020523071,-0.04402678832411766,0.33621153235435486,0.4381377100944519,-0.1538931131362915,0.32770687341690063,0.6325850486755371,-0.18524380028247833,0.34008878469467163,0.7707603573799133,-0.17592421174049377,0.2487567514181137,0.5557022094726562,-0.05955570936203003,0.23341447114944458,0.46724212169647217,-0.1599278450012207,0.24370548129081726,0.6540884971618652,-0.15264281630516052,0.2707105278968811,0.7779150009155273,-0.11661939322948456,0.16297881305217743,0.6114751100540161,-0.0819077119231224,0.15028537809848785,0.582579493522644,-0.1465405374765396,0.17430807650089264,0.7071511149406433,-0.1396866738796234,0.2097312957048416,0.7882442474365234,-0.11417322605848312
E,0.2472127079963684,0.9486757516860962,-4.681682810314669e-07,0.386249303817749,0.9273561239242554,-0.07673485577106476,0.5215984582901001,0.8333168625831604,-0.11663228273391724,0.5354360342025757,0.7440330386161804,-0.15294700860977173,0.4458245038986206,0.7440328598022461,-0.17960326373577118,0.4486369788646698,0.5336552262306213,-0.039492689073085785,0.43674105405807495,0.486897349357605,-0.13304957747459412,0.41761088371276855,0.6537920236587524,-0.18721498548984528,0.4180469810962677,0.7677295804023743,-0.20838376879692078,0.3448779284954071,0.5189721584320068,-0.0395231619477272,0.3335750102996826,0.4389573335647583,-0.1501634418964386,0.32433825731277466,0.6362004280090332,-0.18105018138885498,0.3367297649383545,0.7725841999053955,-0.1711643934249878,0.247094988822937,0.5433038473129272,-0.05428410321474075,0.22845250368118286,0.4661392569541931,-0.1552843600511551,0.23948141932487488,0.6546405553817749,-0.14824475347995758,0.2690616250038147,0.7764744162559509,-0.1121852770447731,0.16051551699638367,0.6012828946113586,-0.07583080232143402,0.14856493473052979,0.582152247428894,-0.14023102819919586,0.17323967814445496,0.7068261504173279,-0.1337897926568985,0.21064907312393188,0.7843829393386841,-0.10870924592018127
E,0.2483173906803131,0.9503588080406189,-4.673395608278952e-07,0.3887943923473358,0.9291374683380127,-0.07667992264032364,0.5245230793952942,0.8343494534492493,-0.11624249070882797,0.5363447070121765,0.74277263879776,-0.1520424783229828,0.44284141063690186,0.7446587085723877,-0.1785079687833786,0.4514675438404083,0.5346577167510986,-0.03865356370806694,0.4370248317718506,0.4917580485343933,-0.1328117698431015,0.4169839918613434,0.6556251645088196,-0.1887941211462021,0.4168550372123718,0.7670607566833496,-0.21146398782730103,0.3461991548538208,0.5190249085426331,-0.0386534109711647,0.33381834626197815,0.43907928466796875,-0.14911171793937683,0.3246901035308838,0.6369800567626953,-0.18087108433246613,0.3362273871898651,0.7722116708755493,-0.17183348536491394,0.2485845983028412,0.5428488254547119,-0.05334366485476494,0.2296530306339264,0.46445292234420776,-0.1548498272895813,0.24063891172409058,0.6535768508911133,-0.14898760616779327,0.26944512128829956,0.7747172713279724,-0.11361672729253769,0.16229377686977386,0.6000357270240784,-0.07471401244401932,0.14911822974681854,0.5781853199005127,-0.13910238444805145,0.1733953058719635,0.7037645578384399,-0.13307790458202362,0.21043948829174042,0.7820547223091125,-0.10835712403059006
E,0.24864789843559265,0.9499849081039429,-4.981131951353746e-07,0.38957446813583374,0.929728627204895,-0.07578602433204651,0.5258088111877441,0.8381850719451904,-0.11434771865606308,0.5419148206710815,0.7415154576301575,-0.14922012388706207,0.4514434039592743,0.7312453985214233,-0.17473870515823364,0.4513488709926605,0.5275502800941467,-0.036367956548929214,0.4369421601295471,0.49205607175827026,-0.1297144889831543,0.41772976517677307,0.6563540101051331,-0.186239555478096,0.417241632938385,0.7644861936569214,-0.20973779261112213,0.34647655487060547,0.5123357176780701,-0.03601530194282532,0.3334375023841858,0.4412662982940674,-0.1453670859336853,0.3259636163711548,0.640638530254364,-0.17734242975711823,0.3367120027542114,0.7740136384963989,-0.16910803318023682,0.24868044257164001,0.5373004674911499,-0.0502171516418457,0.22894173860549927,0.4619097113609314,-0.15156671404838562,0.24090108275413513,0.6520928144454956,-0.1453877091407776,0.26916196942329407,0.7727046012878418,-0.11025075614452362,0.1620454341173172,0.5964909195899963,-0.07095233350992203,0.14910189807415009,0.57680743932724,-0.13667331635951996,0.17357660830020905,0.7031092047691345,-0.13099026679992676,0.21010352671146393,0.7809388637542725,-0.10624805092811584
E,0.2500683665275574,0.9532102346420288,-4.0738137840889976e-07,0.38796767592430115,0.9272273778915405,-0.07746900618076324,0.5152948498725891,0.8404094576835632,-0.12091736495494843,0.518764078617096,0.7603116631507874,-0.16031213104724884,0.4331856667995453,0.7542493343353271,-0.18970587849617004,0.4454711079597473,0.5335809588432312,-0.04797831177711487,0.4347855746746063,0.4845907688140869,-0.14562498033046722,0.4153294563293457,0.64970862865448,-0.20241181552410126,0.41431868076324463,0.7569125294685364,-0.2249896079301834,0.3403131663799286,0.5202473998069763,-0.04729806259274483,0.3305959403514862,0.4459872543811798,-0.15942108631134033,0.32472100853919983,0.6446631550788879,-0.19129477441310883,0.33739709854125977,0.7710134387016296,-0.18329857289791107,0.24344502389431,0.5422676205635071,-0.06104036048054695,0.22794300317764282,0.46954113245010376,-0.1622883379459381,0.24217629432678223,0.6583877801895142,-0.15523327887058258,0.27211281657218933,0.7742279767990112,-0.12031310051679611,0.15818555653095245,0.5966343283653259,-0.0814877524971962,0.14819058775901794,0.5804484486579895,-0.14479291439056396,0.17504145205020905,0.7055847644805908,-0.13786135613918304,0.21344135701656342,0.7792925834655762,-0.11307740956544876
E,0.2509438395500183,0.9430347084999084,-4.2150199419666023e-07,0.38154712319374084,0.9247236251831055,-0.07856666296720505,0.5078099966049194,0.8455579280853271,-0.12264728546142578,0.5213227272033691,0.7641137838363647,-0.1630374789237976,0.4359389841556549,0.7581781148910522,-0.1941325068473816,0.446469247341156,0.5307233333587646,-0.04217525199055672,0.43322914838790894,0.48891037702560425,-0.1369737982749939,0.41407689452171326,0.6477417945861816,-0.19423335790634155,0.41239744424819946,0.7570119500160217,-0.21810469031333923,0.3436517119407654,0.5149674415588379,-0.041475653648376465,0.32956334948539734,0.44347018003463745,-0.15142415463924408,0.3196759819984436,0.6358067989349365,-0.18391932547092438,0.330203652381897,0.7673646807670593,-0.17657124996185303,0.24633395671844482,0.5390504598617554,-0.0555136613547802,0.22555957734584808,0.4672061800956726,-0.15513166785240173,0.2350866198539734,0.6507469415664673,-0.14848382771015167,0.26266735792160034,0.7685529589653015,-0.11405108869075775,0.15975989401340485,0.5984082818031311,-0.07654403150081635,0.14528930187225342,0.5846424102783203,-0.14054428040981293,0.1692516952753067,0.7059634923934937,-0.13420414924621582,0.20640872418880463,0.7802155613899231,-0.10964752733707428
E,0.24872411787509918,0.940772294998169,-4.19028111764419e-07,0.3759865164756775,0.9255480170249939,-0.08402620255947113,0.5045233964920044,0.8494685888290405,-0.1318299025297165,0.5231748223304749,0.7620011568069458,-0.17457501590251923,0.43602418899536133,0.7510995268821716,-0.20747964084148407,0.4446915090084076,0.5302473306655884,-0.051209188997745514,0.43205592036247253,0.486275851726532,-0.15074704587459564,0.41119784116744995,0.6482458114624023,-0.21067357063293457,0.40801435708999634,0.759395182132721,-0.23567944765090942,0.3438405990600586,0.5128020644187927,-0.049137454479932785,0.32895565032958984,0.43698233366012573,-0.16405196487903595,0.31827661395072937,0.6303333044052124,-0.19910097122192383,0.32876166701316833,0.7616638541221619,-0.19293519854545593,0.24748337268829346,0.5350439548492432,-0.06192946434020996,0.22480757534503937,0.4617750644683838,-0.16609355807304382,0.23343735933303833,0.6476510167121887,-0.16031211614608765,0.2604697346687317,0.7672245502471924,-0.12578421831130981,0.16149096190929413,0.5918877124786377,-0.08206121623516083,0.1454305350780487,0.5784628391265869,-0.14979331195354462,0.167592391371727,0.7036347389221191,-0.14448362588882446,0.20370301604270935,0.7809113264083862,-0.12007689476013184
E,0.25380200147628784,0.9414663314819336,-3.7455112078532693e-07,0.37894490361213684,0.9246507883071899,-0.08455200493335724,0.49821314215660095,0.8511722087860107,-0.13357502222061157,0.5144539475440979,0.7690898180007935,-0.17763778567314148,0.4323965311050415,0.7535012364387512,-0.21197380125522614,0.4417839050292969,0.5269685387611389,-0.05292331799864769,0.4273581802845001,0.48654431104660034,-0.1524808406829834,0.4088466167449951,0.6449762582778931,-0.2122727632522583,0.40562567114830017,0.755605936050415,-0.23691223561763763,0.3408587872982025,0.5111997127532959,-0.050006404519081116,0.3255974054336548,0.44252991676330566,-0.16306233406066895,0.31601691246032715,0.6326332688331604,-0.19692152738571167,0.32614925503730774,0.7602186799049377,-0.19054873287677765,0.24415436387062073,0.5361239314079285,-0.06215091794729233,0.2239726036787033,0.47277766466140747,-0.16416035592556,0.23190851509571075,0.6526301503181458,-0.1585334688425064,0.25783634185791016,0.7685519456863403,-0.12475626170635223,0.15919697284698486,0.5964252948760986,-0.08182044327259064,0.14399835467338562,0.5904035568237305,-0.1476292908191681,0.1664726734161377,0.7093537449836731,-0.14294354617595673,0.20295967161655426,0.7824013233184814,-0.11938691884279251
E,0.2532661557197571,0.9424824714660645,-4.929871693093446e-07,0.3776630461215973,0.9300779700279236,-0.08001016825437546,0.49561619758605957,0.8438820838928223,-0.12154454737901688,0.5141875743865967,0.7456167936325073,-0.15776951611042023,0.43379634618759155,0.7068817615509033,-0.18517495691776276,0.4387080669403076,0.537170946598053,-0.050318218767642975,0.42470142245292664,0.4878773093223572,-0.14676249027252197,0.40510624647140503,0.641914963722229,-0.20352955162525177,0.4019456207752228,0.7548875212669373,-0.2260606735944748,0.34007421135902405,0.5202741622924805,-0.04744298383593559,0.32681170105934143,0.4423636496067047,-0.1573173552751541,0.3145271837711334,0.6338816285133362,-0.18890783190727234,0.3246610462665558,0.7646721005439758,-0.18081055581569672,0.2449173927307129,0.5444679856300354,-0.05914550647139549,0.22543302178382874,0.4701141119003296,-0.16098752617835999,0.2316516637802124,0.649753749370575,-0.15499363839626312,0.25712963938713074,0.7661041617393494,-0.12090589851140976,0.1604815423488617,0.6044408082962036,-0.07756347209215164,0.1445920318365097,0.5945443511009216,-0.14850963652133942,0.16712616384029388,0.7157186269760132,-0.1454421728849411,0.2032952904701233,0.7902234792709351,-0.12181545048952103
E,0.26569193601608276,0.9401606917381287,-4.258536705492588e-07,0.38340675830841064,0.9260576963424683,-0.07914089411497116,0.49376970529556274,0.8421144485473633,-0.12287629395723343,0.49763578176498413,0.7608122229576111,-0.16143739223480225,0.41280266642570496,0.755206823348999,-0.19210408627986908,0.44232797622680664,0.5263444781303406,-0.049804892390966415,0.42746031284332275,0.48624753952026367,-0.14100058376789093,0.40796196460723877,0.641085684299469,-0.19769488275051117,0.4035238027572632,0.7565188407897949,-0.22189095616340637,0.34364134073257446,0.5109337568283081,-0.04789849370718002,0.33022111654281616,0.4406353533267975,-0.15127086639404297,0.3171508312225342,0.627079427242279,-0.18488669395446777,0.3249088227748871,0.7629821300506592,-0.18081879615783691,0.24798426032066345,0.5394885540008545,-0.05960512161254883,0.22902564704418182,0.46967771649360657,-0.15494319796562195,0.2346031665802002,0.6457276940345764,-0.15198533236980438,0.2581784129142761,0.7682501673698425,-0.12199312448501587,0.16427667438983917,0.6048399209976196,-0.07804931700229645,0.1484696865081787,0.5925976634025574,-0.14367353916168213,0.17047199606895447,0.711691677570343,-0.14017142355442047,0.20440155267715454,0.7905169725418091,-0.11804056167602539
E,0.2595053017139435,0.9478416442871094,-4.944099600834306e-07,0.377490758895874,0.93144690990448,-0.0822448804974556,0.4905431866645813,0.8496326208114624,-0.1276005208492279,0.5024311542510986,0.7610509991645813,-0.1670726090669632,0.42457273602485657,0.7457430958747864,-0.19724930822849274,0.4370019733905792,0.5311697125434875,-0.05105475336313248,0.42762503027915955,0.4844821095466614,-0.14323535561561584,0.4060451090335846,0.6443570256233215,-0.19810061156749725,0.40001699328422546,0.7603140473365784,-0.22030876576900482,0.3401915431022644,0.5156887173652649,-0.04727688431739807,0.3317927420139313,0.44449764490127563,-0.15240494906902313,0.31736600399017334,0.6379220485687256,-0.18444590270519257,0.3250541687011719,0.7711902856826782,-0.17770376801490784,0.2457459568977356,0.5418741703033447,-0.05772494152188301,0.22877727448940277,0.47510698437690735,-0.15406064689159393,0.2331925928592682,0.6511275768280029,-0.14985975623130798,0.25573188066482544,0.7698702216148376,-0.11823002994060516,0.16336093842983246,0.6049035787582397,-0.07521030306816101,0.14777076244354248,0.5972901582717896,-0.14223071932792664,0.16931360960006714,0.7170494794845581,-0.13964341580867767,0.20355616509914398,0.7933942079544067,-0.1171717718243599
E,0.2627894878387451,0.9426167011260986,-4.1489397517580073e-07,0.375998318195343,0.9300713539123535,-0.0946827158331871,0.48570841550827026,0.8503621220588684,-0.14908859133720398,0.49232208728790283,0.7627612352371216,-0.19545994699001312,0.4125809669494629,0.7388070821762085,-0.23229804635047913,0.4449297785758972,0.5270726680755615,-0.0685604140162468,0.43043655157089233,0.4883515238761902,-0.17012013494968414,0.40511298179626465,0.650134801864624,-0.23139195144176483,0.3966236114501953,0.766958475112915,-0.25726863741874695,0.34452080726623535,0.5102801322937012,-0.061559319496154785,0.3354690968990326,0.4404497742652893,-0.17760464549064636,0.31784355640411377,0.6334059238433838,-0.2155313938856125,0.3237071931362152,0.7692711353302002,-0.21170328557491302,0.24856847524642944,0.5367043018341064,-0.06953591853380203,0.23289993405342102,0.46547648310661316,-0.1757267713546753,0.23648801445960999,0.6447150111198425,-0.17483356595039368,0.2588012218475342,0.7656269073486328,-0.14398862421512604,0.16432708501815796,0.5993953347206116,-0.08521917462348938,0.15226225554943085,0.5933495163917542,-0.16098430752754211,0.17179901897907257,0.7157164812088013,-0.16178643703460693,0.20336899161338806,0.792283833026886,-0.14046920835971832
E,0.2736667990684509,0.9592927694320679,-5.201120529818581e-07,0.3744869828224182,0.9473018050193787,-0.07964092493057251,0.4777824282646179,0.864691436290741,-0.12353048473596573,0.48424452543258667,0.7714359760284424,-0.16107575595378876,0.41757529973983765,0.7121162414550781,-0.18895411491394043,0.4499715268611908,0.5309392809867859,-0.05175692215561867,0.44289523363113403,0.5052416324615479,-0.14518240094184875,0.4224366247653961,0.666832685470581,-0.20272842049598694,0.41321519017219543,0.778279185295105,-0.226945698261261,0.3529883325099945,0.5091684460639954,-0.04881277680397034,0.34677839279174805,0.46695977449417114,-0.14852756261825562,0.3350110650062561,0.6565870046615601,-0.17952875792980194,0.3397584557533264,0.780983567237854,-0.1748708337545395,0.2580343782901764,0.5366510152816772,-0.06013273447751999,0.24831879138946533,0.4941653609275818,-0.15497560799121857,0.25385332107543945,0.672555685043335,-0.14972709119319916,0.27197322249412537,0.7851126194000244,-0.11907754838466644,0.17368675768375397,0.6053746342658997,-0.07832437008619308,0.1695902794599533,0.6168604493141174,-0.14831669628620148,0.19060073792934418,0.7399520874023438,-0.14648939669132233,0.21908244490623474,0.8111439943313599,-0.12423381954431534
E,0.26487940549850464,0.9628050327301025,-4.4631090645452787e-07,0.36870938539505005,0.9487131237983704,-0.07849346101284027,0.47623366117477417,0.8654111623764038,-0.12147542089223862,0.48759180307388306,0.7806088924407959,-0.15876345336437225,0.42638924717903137,0.7354355454444885,-0.18562735617160797,0.44721269607543945,0.5463320016860962,-0.04534923657774925,0.44610750675201416,0.5200541615486145,-0.13866150379180908,0.42468535900115967,0.6776735186576843,-0.1947970688343048,0.41492703557014465,0.7944394946098328,-0.21769538521766663,0.35233327746391296,0.5190421938896179,-0.04427202418446541,0.3541010618209839,0.4737282991409302,-0.14904682338237762,0.3372395634651184,0.662627100944519,-0.18149136006832123,0.33830341696739197,0.7953774333000183,-0.17523644864559174,0.2576366066932678,0.5396125316619873,-0.058222249150276184,0.2554658055305481,0.4930552840232849,-0.15658792853355408,0.2556891441345215,0.6710405945777893,-0.15310747921466827,0.2698791027069092,0.7864855527877808,-0.12227405607700348,0.17228247225284576,0.6019436120986938,-0.07915154844522476,0.1749836802482605,0.6197618842124939,-0.15280643105506897,0.192006915807724,0.7451769113540649,-0.15388095378875732,0.21766677498817444,0.8175802230834961,-0.13301467895507812
E,0.26524847745895386,0.9557761549949646,-5.565682386077242e-07,0.36902910470962524,0.9419541358947754,-0.07730023562908173,0.47679153084754944,0.8639278411865234,-0.12137044221162796,0.48635560274124146,0.7759249210357666,-0.16032056510448456,0.41620975732803345,0.7383992075920105,-0.18957318365573883,0.4509071111679077,0.525867760181427,-0.04333249479532242,0.4415339231491089,0.5108085870742798,-0.13774394989013672,0.41918423771858215,0.6710718274116516,-0.19764520227909088,0.4087122678756714,0.7866430282592773,-0.22291767597198486,0.35299813747406006,0.49878495931625366,-0.04181469976902008,0.34842607378959656,0.47981762886047363,-0.14392578601837158,0.33106234669685364,0.6700460314750671,-0.17647404968738556,0.331465482711792,0.8006487488746643,-0.17139312624931335,0.25589466094970703,0.5218045115470886,-0.055170733481645584,0.24691908061504364,0.49669724702835083,-0.1501496434211731,0.2472192943096161,0.6740769147872925,-0.14700186252593994,0.2637375593185425,0.7898284792900085,-0.11684635281562805,0.1698971390724182,0.5864399671554565,-0.0756179466843605,0.16617603600025177,0.6168295741081238,-0.14479272067546844,0.18434590101242065,0.7408350706100464,-0.14498549699783325,0.21363341808319092,0.8137229681015015,-0.12351231276988983
E,0.2617962956428528,0.9594454765319824,-5.396903475229919e-07,0.37065011262893677,0.947246789932251,-0.07645925879478455,0.4803612232208252,0.8624235391616821,-0.11750514060258865,0.4917954206466675,0.7684270739555359,-0.1537507325410843,0.4165336787700653,0.7296578288078308,-0.18086844682693481,0.4477105140686035,0.5318034291267395,-0.04149679094552994,0.43727564811706543,0.5033592581748962,-0.13501174747943878,0.41403743624687195,0.6644114255905151,-0.1938381791114807,0.4063034653663635,0.7770848274230957,-0.2187015265226364,0.35172611474990845,0.509670078754425,-0.040387120097875595,0.34589919447898865,0.4619789123535156,-0.14336656033992767,0.3291436731815338,0.6538907289505005,-0.17637872695922852,0.3331335783004761,0.7840882539749146,-0.17150676250457764,0.254983127117157,0.5338213443756104,-0.053744252771139145,0.24454349279403687,0.4783260226249695,-0.15100251138210297,0.24478895962238312,0.6628554463386536,-0.14585274457931519,0.2635857164859772,0.7837491631507874,-0.11366768926382065,0.16924241185188293,0.5983919501304626,-0.07383722066879272,0.16272671520709991,0.6005455255508423,-0.14448365569114685,0.18032747507095337,0.729656994342804,-0.14170368015766144,0.2100268006324768,0.8086632490158081,-0.11809764057397842
E,0.2615166902542114,0.9576069712638855,-5.076628895039903e-07,0.36686575412750244,0.9435749650001526,-0.08332833647727966,0.4752994775772095,0.8633789420127869,-0.1306990683078766,0.4860197603702545,0.7729901075363159,-0.17174991965293884,0.41640758514404297,0.7349478602409363,-0.2021472156047821,0.45096975564956665,0.5141520500183105,-0.05229049548506737,0.43598437309265137,0.5108819007873535,-0.15162193775177002,0.4119732975959778,0.6767706871032715,-0.21205639839172363,0.40419334173202515,0.7870311737060547,-0.23761692643165588,0.35060447454452515,0.48650646209716797,-0.05042440816760063,0.3441319167613983,0.4659014344215393,-0.15838852524757385,0.3267084062099457,0.6592801213264465,-0.19090937077999115,0.3303424119949341,0.7852016687393188,-0.18489065766334534,0.2522266209125519,0.5108685493469238,-0.06395699083805084,0.24330231547355652,0.49188941717147827,-0.16326740384101868,0.24507617950439453,0.6743362545967102,-0.15794692933559418,0.26422035694122314,0.7854121327400208,-0.12581294775009155,0.1657433658838272,0.5776710510253906,-0.08537029474973679,0.16104958951473236,0.6125885248184204,-0.15626934170722961,0.18128632009029388,0.7390991449356079,-0.15561877191066742,0.21374031901359558,0.8069889545440674,-0.13354527950286865
E,0.2536928057670593,0.9627566337585449,-5.342374720385124e-07,0.3550049662590027,0.9475510716438293,-0.07112398743629456,0.4564518332481384,0.8817851543426514,-0.11391784995794296,0.47112953662872314,0.7983676195144653,-0.15193675458431244,0.414829820394516,0.7421565651893616,-0.18123480677604675,0.4383207857608795,0.5575218200683594,-0.050213415175676346,0.44001147150993347,0.5251451730728149,-0.14098960161209106,0.4159909784793854,0.6806573867797852,-0.19642360508441925,0.40598323941230774,0.7910943627357483,-0.21988803148269653,0.34294894337654114,0.5272701382637024,-0.051194991916418076,0.34825512766838074,0.48816975951194763,-0.14943893253803253,0.32687586545944214,0.6724708676338196,-0.18043462932109833,0.32579177618026733,0.7985167503356934,-0.17628946900367737,0.247965469956398,0.5475659370422363,-0.06507766246795654,0.24350577592849731,0.5239337086677551,-0.15783187747001648,0.24066376686096191,0.6989368200302124,-0.15328608453273773,0.2559176981449127,0.8123964071273804,-0.12390445172786713,0.16266240179538727,0.612459123134613,-0.08480893075466156,0.1584053486585617,0.6340433359146118,-0.15254658460617065,0.17353308200836182,0.7580854892730713,-0.1496603935956955,0.20129510760307312,0.8346064686775208,-0.12711787223815918
E,0.26413238048553467,0.9665234088897705,-5.357334771360911e-07,0.3625771701335907,0.9590704441070557,-0.0803649052977562,0.46476638317108154,0.8886237740516663,-0.12767960131168365,0.4801361560821533,0.7988905906677246,-0.1674869954586029,0.422624409198761,0.7292039394378662,-0.19877921044826508,0.445798397064209,0.5639323592185974,-0.07170429080724716,0.4501432478427887,0.530056357383728,-0.16833209991455078,0.43006137013435364,0.6886275410652161,-0.22398903965950012,0.4154312014579773,0.8031839728355408,-0.246219664812088,0.3485398590564728,0.5351270437240601,-0.06909950077533722,0.35613858699798584,0.5022515058517456,-0.17220625281333923,0.341383159160614,0.6942039728164673,-0.20416578650474548,0.33725523948669434,0.8196975588798523,-0.2012479156255722,0.25125688314437866,0.5588918328285217,-0.07951227575540543,0.24682103097438812,0.5255226492881775,-0.1790532022714615,0.24875657260417938,0.7014557123184204,-0.1788015067577362,0.2604997158050537,0.8132356405258179,-0.15292596817016602,0.1624385267496109,0.6269490718841553,-0.09547098726034164,0.1588006168603897,0.6456661820411682,-0.17258334159851074,0.17864054441452026,0.7742279171943665,-0.174664705991745,0.2048044502735138,0.8522838354110718,-0.15535889565944672
E,0.27100783586502075,0.9575221538543701,-5.479421929521777e-07,0.3673577308654785,0.9604672193527222,-0.08451450616121292,0.4716302156448364,0.9018922448158264,-0.13501575589179993,0.48999887704849243,0.8204209208488464,-0.1771143227815628,0.43420374393463135,0.7584018707275391,-0.21164989471435547,0.4554528295993805,0.5795354843139648,-0.08292112499475479,0.45877063274383545,0.5464778542518616,-0.17527545988559723,0.4324250817298889,0.7013329267501831,-0.2283753603696823,0.4156886041164398,0.82257080078125,-0.24989375472068787,0.3616277575492859,0.5435293316841125,-0.07681392878293991,0.3635043203830719,0.5200238227844238,-0.17697250843048096,0.3391507565975189,0.7096043825149536,-0.20955581963062286,0.33137351274490356,0.8442429304122925,-0.20839077234268188,0.26532334089279175,0.5590496063232422,-0.08275935053825378,0.2543160319328308,0.5359330773353577,-0.17945772409439087,0.24874785542488098,0.709529459476471,-0.1828163117170334,0.25670936703681946,0.8334172368049622,-0.16075260937213898,0.17583052814006805,0.6184350848197937,-0.09436789900064468,0.16675710678100586,0.6493176817893982,-0.17160403728485107,0.18237248063087463,0.7795681357383728,-0.17747652530670166,0.20659328997135162,0.8675673604011536,-0.16149571537971497
E,0.2672584056854248,0.9623258113861084,-4.5161129946791334e-07,0.37081465125083923,0.9558851718902588,-0.08851443231105804,0.4714010953903198,0.8732568025588989,-0.13715006411075592,0.4790416955947876,0.7730204463005066,-0.17745278775691986,0.42917901277542114,0.6854773163795471,-0.20759108662605286,0.4583466649055481,0.5643882751464844,-0.07588210701942444,0.45601433515548706,0.5243675112724304,-0.17860645055770874,0.42741310596466064,0.6851915717124939,-0.23565414547920227,0.41416022181510925,0.8020913004875183,-0.25753045082092285,0.3619626760482788,0.5349620580673218,-0.07045435905456543,0.3636128604412079,0.4879607558250427,-0.18428398668766022,0.3388294279575348,0.6772449612617493,-0.21672597527503967,0.3372913599014282,0.8066045641899109,-0.2101743519306183,0.2669350802898407,0.5527428984642029,-0.07973011583089828,0.26111340522766113,0.5036545991897583,-0.18866702914237976,0.254295289516449,0.6883150935173035,-0.1834939867258072,0.26703470945358276,0.8084815740585327,-0.1505008041858673,0.17907243967056274,0.6113631129264832,-0.0957593321800232,0.1771053522825241,0.6236239671707153,-0.18066954612731934,0.18940885365009308,0.7578688859939575,-0.18204247951507568,0.21625816822052002,0.8402419090270996,-0.15925663709640503
E,0.26397913694381714,0.9549863338470459,-4.973594514012802e-07,0.36386924982070923,0.948244571685791,-0.07898832112550735,0.4652058482170105,0.8742742538452148,-0.12508541345596313,0.4806973934173584,0.7846717834472656,-0.16515447199344635,0.4304157495498657,0.7045744061470032,-0.19648821651935577,0.45811575651168823,0.5619710087776184,-0.06465070694684982,0.46395236253738403,0.521797776222229,-0.16078424453735352,0.43587401509284973,0.6723325252532959,-0.21725888550281525,0.41694819927215576,0.785171627998352,-0.23976467549800873,0.3646983504295349,0.5322890281677246,-0.06173477694392204,0.37157195806503296,0.4936574697494507,-0.16754589974880219,0.35030505061149597,0.6742268204689026,-0.20277927815914154,0.344871461391449,0.8009496927261353,-0.20029078423976898,0.27007603645324707,0.5478271842002869,-0.07219956070184708,0.2656506299972534,0.5160688757896423,-0.17268292605876923,0.2642214596271515,0.6871569156646729,-0.17588788270950317,0.2747132182121277,0.8020028471946716,-0.1509336233139038,0.1810208559036255,0.6044595837593079,-0.08851359784603119,0.182081401348114,0.6325967907905579,-0.1663854718208313,0.19967719912528992,0.7593249678611755,-0.17231100797653198,0.22600723803043365,0.8389712572097778,-0.1549496054649353
E,0.2624323070049286,0.957223653793335,-3.861710524688533e-07,0.3661421835422516,0.9548252820968628,-0.08923135697841644,0.4702661633491516,0.8773753643035889,-0.14105282723903656,0.4901939630508423,0.7912412285804749,-0.18544729053974152,0.44322219491004944,0.7106689214706421,-0.22070497274398804,0.4582047462463379,0.5674543976783752,-0.07347377389669418,0.4618046283721924,0.5285592675209045,-0.17567364871501923,0.4351752698421478,0.676897406578064,-0.2353464812040329,0.4170324206352234,0.7893719673156738,-0.2597576677799225,0.36364316940307617,0.5409238338470459,-0.06896025687456131,0.3688172399997711,0.4906143546104431,-0.1841735988855362,0.3510860204696655,0.6728442311286926,-0.22371676564216614,0.3480478525161743,0.8017536401748657,-0.22225426137447357,0.27029934525489807,0.5582386255264282,-0.07905945926904678,0.26827937364578247,0.5125502347946167,-0.19053710997104645,0.26801759004592896,0.6885827779769897,-0.19682958722114563,0.2790374755859375,0.8045296669006348,-0.17180019617080688,0.18362170457839966,0.6160747408866882,-0.09554099291563034,0.1913885772228241,0.6424778699874878,-0.18392665684223175,0.2062888741493225,0.7765453457832336,-0.193754643201828,0.22946381568908691,0.8576059341430664,-0.17788861691951752
E,0.26609140634536743,0.9682779908180237,-5.531722422347229e-07,0.3682326078414917,0.9550141096115112,-0.07548969238996506,0.46940523386001587,0.8570519089698792,-0.11387034505605698,0.4779375493526459,0.7503489851951599,-0.14785322546958923,0.4321659505367279,0.6522833108901978,-0.17252787947654724,0.45651206374168396,0.5598929524421692,-0.04025823250412941,0.4662361145019531,0.5042990446090698,-0.1329796314239502,0.4457930326461792,0.6549383401870728,-0.18928956985473633,0.4311470687389374,0.7704543471336365,-0.21092714369297028,0.3664441406726837,0.5346383452415466,-0.03678933531045914,0.3727683126926422,0.47743722796440125,-0.13755452632904053,0.35782936215400696,0.6616207361221313,-0.17076216638088226,0.3573426306247711,0.7868905663490295,-0.16591612994670868,0.2751668393611908,0.5518458485603333,-0.04816223308444023,0.2713691294193268,0.488020658493042,-0.14868107438087463,0.2715263068675995,0.672958254814148,-0.14622172713279724,0.28455278277397156,0.7926043272018433,-0.11532460898160934,0.18810783326625824,0.6097782850265503,-0.06538067758083344,0.19057342410087585,0.610159158706665,-0.14480213820934296,0.20515736937522888,0.7446483373641968,-0.14619368314743042,0.22819951176643372,0.8279502987861633,-0.12383904308080673
E,0.26380279660224915,0.9631322622299194,-4.4353882344694284e-07,0.37007880210876465,0.9491503238677979,-0.07940182834863663,0.47219038009643555,0.8551719188690186,-0.12204104661941528,0.4835163950920105,0.7568324208259583,-0.1595037877559662,0.4346170425415039,0.6731944680213928,-0.18790985643863678,0.4519309997558594,0.5548778772354126,-0.04990208148956299,0.4583825170993805,0.5045628547668457,-0.14644069969654083,0.4402507543563843,0.6573216319084167,-0.2038816213607788,0.42838945984840393,0.7755188345909119,-0.22606955468654633,0.36030736565589905,0.5336730480194092,-0.04723195359110832,0.3653261065483093,0.4711729884147644,-0.15447352826595306,0.3530474603176117,0.6571646928787231,-0.19081777334213257,0.3550529181957245,0.7856426239013672,-0.18701273202896118,0.269074022769928,0.5544824004173279,-0.05928933247923851,0.26643243432044983,0.49106234312057495,-0.16627225279808044,0.2690509557723999,0.6751165390014648,-0.16768813133239746,0.2845013737678528,0.7955330014228821,-0.13811525702476501,0.18447497487068176,0.6154093742370605,-0.07710254937410355,0.18938063085079193,0.61356121301651,-0.16061653196811676,0.2057984620332718,0.7490251064300537,-0.16409854590892792,0.23089423775672913,0.8340694308280945,-0.14295731484889984
